PC,lipid,statistic,p.adj,comparison,class,targetClass,saturation,LION.0000003,LION.0000010,LION.0000031,LION.0000095,LION.0000465,LION.0012010,LION.0012080,LION.0000011,LION.0012081
2,(Z)-9,12,13-trihydroxyoctadec-15-enoic acid,NA,NA,NA,NA,NA,NA,NA,NA,NA,NA,NA,NA,NA,NA,NA
2,13-HODE,NA,NA,NA,NA,NA,NA,NA,NA,NA,NA,NA,NA,NA,NA,NA
2,15-OxoETE,NA,NA,NA,NA,NA,NA,NA,NA,NA,NA,NA,NA,NA,NA,NA
2,4-HDoHE,NA,NA,NA,NA,NA,NA,NA,NA,NA,NA,NA,NA,NA,NA,NA
2,4-METHYL-2-OXO-PENTANOIC ACID,5.58135041621569,3.58383102535318e-05,13v30,OxFA,Other,Polyunsaturated,NA,NA,NA,NA,NA,NA,NA,NA,NA
2,4-METHYL-2-OXO-PENTANOIC ACID,3.353195222077,0.00314271997058454,30v5,OxFA,Other,Polyunsaturated,NA,NA,NA,NA,NA,NA,NA,NA,NA
2,5-HETE,NA,NA,NA,NA,NA,NA,NA,NA,NA,NA,NA,NA,NA,NA,NA
2,8,15-DiHETE,NA,NA,NA,NA,NA,NA,NA,NA,NA,NA,NA,NA,NA,NA,NA
2,CAR 12:0,NA,NA,NA,NA,NA,NA,NA,NA,NA,NA,NA,NA,NA,NA,NA
2,CAR 15:0,NA,NA,NA,NA,NA,NA,NA,NA,NA,NA,NA,NA,NA,NA,NA
2,CAR 16:0,3.13099637066143,0.00640900198285254,13v30,CAR,Other,Saturated,NA,NA,NA,NA,NA,NA,NA,NA,NA
2,CAR 16:1,3.75410851463745,0.0016715247208489,13v30,CAR,Other,Monounsaturated,NA,NA,NA,NA,NA,NA,NA,NA,NA
2,CAR 16:1,2.66681274632033,0.0144726016391898,30v5,CAR,Other,Monounsaturated,NA,NA,NA,NA,NA,NA,NA,NA,NA
2,CAR 17:0,NA,NA,NA,NA,NA,NA,NA,NA,NA,NA,NA,NA,NA,NA,NA
2,CAR 18:0 Isomer A,NA,NA,NA,NA,NA,NA,NA,NA,NA,NA,NA,NA,NA,NA,NA
2,CAR 18:1,3.81654805499021,0.0016715247208489,13v30,CAR,Other,Monounsaturated,NA,NA,NA,NA,NA,NA,NA,NA,NA
2,CAR 18:2 Isomer A,4.06616377493967,0.000774480263001923,13v30,CAR,Other,Polyunsaturated,NA,NA,NA,NA,NA,NA,NA,NA,NA
2,CAR 20:1,3.15253909604085,0.00642361124326645,13v30,CAR,Other,Monounsaturated,NA,NA,NA,NA,NA,NA,NA,NA,NA
2,Cer 18:0;2O_20:0,-2.63123446458647,0.0181205766535322,30v5,NA,NA,NA,NA,NA,NA,NA,NA,NA,both,NA,NA
2,Cer 22:0;2O/26:0,NA,NA,NA,NA,NA,NA,NA,NA,NA,NA,NA,NA,both,NA,NA
2,Cer 32:1;2O|Cer 14:1;O2/18:0,NA,NA,NA,NA,NA,NA,NA,NA,NA,NA,NA,NA,both,NA,NA
2,Cer 34:1;O2|Cer 14:1;O2/20:0,NA,NA,NA,NA,NA,NA,NA,NA,NA,NA,NA,NA,both,NA,NA
2,Cer 58:11;2O,5.1370196036675,6.59478460182037e-05,13v30,Cer,Other,Polyunsaturated,NA,NA,NA,NA,NA,NA,both,NA,NA
2,Cer d32:1,NA,NA,NA,NA,NA,NA,NA,NA,NA,NA,NA,NA,both,NA,NA
2,Cer d33:1,NA,NA,NA,NA,NA,NA,NA,NA,NA,NA,NA,NA,both,NA,NA
2,Cer d34:0,-4.36831818559175,0.000666653150181312,13v30,Cer,Other,Saturated,NA,NA,NA,NA,NA,NA,both,NA,NA
2,Cer d34:0,-5.78976948421299,0.000143729508596767,30v5,Cer,Other,Saturated,NA,NA,NA,NA,NA,NA,both,NA,NA
2,Cer d34:1 Isomer B,NA,NA,NA,NA,NA,NA,NA,NA,NA,NA,NA,NA,both,NA,NA
2,Cer d34:2,NA,NA,NA,NA,NA,NA,NA,NA,NA,NA,NA,NA,both,NA,NA
2,Cer d35:1,3.14504045886282,0.00602965780131129,13v30,Cer,Other,Monounsaturated,NA,NA,NA,NA,NA,NA,both,NA,NA
2,Cer d36:1 Isomer B,3.90743230651482,0.00168250094456381,13v30,Cer,Other,Monounsaturated,NA,NA,NA,NA,NA,NA,both,NA,NA
2,Cer d36:1 Isomer B,3.26270144248719,0.0154716960206808,3v5,Cer,Other,Monounsaturated,NA,NA,NA,NA,NA,NA,both,NA,NA
2,Cer d36:2,4.3573508710471,0.000662825613297581,13v30,Cer,Other,Polyunsaturated,NA,NA,NA,NA,NA,NA,both,NA,NA
2,Cer d36:2,2.70312247723713,0.0142492713820051,30v5,Cer,Other,Polyunsaturated,NA,NA,NA,NA,NA,NA,both,NA,NA
2,Cer d37:1,3.06555223332315,0.00781722447038866,13v30,Cer,Other,Monounsaturated,NA,NA,NA,NA,NA,NA,both,NA,NA
2,Cer d37:1,2.85849827595611,0.0244934920387952,3v5,Cer,Other,Monounsaturated,NA,NA,NA,NA,NA,NA,both,NA,NA
2,Cer d38:1,3.99733558723536,0.00134043094184858,13v30,Cer,Other,Monounsaturated,NA,NA,NA,NA,NA,NA,both,NA,NA
2,Cer d38:1,3.23975608091077,0.0154716960206808,3v5,Cer,Other,Monounsaturated,NA,NA,NA,NA,NA,NA,both,NA,NA
2,Cer d38:2,3.98044198084035,0.00134320959292255,13v30,Cer,Other,Polyunsaturated,NA,NA,NA,NA,NA,NA,both,NA,NA
2,Cer d38:2,3.15381601605108,0.0155977540573209,3v5,Cer,Other,Polyunsaturated,NA,NA,NA,NA,NA,NA,both,NA,NA
2,Cer d39:1,4.95516695468174,9.98735955260749e-05,13v30,Cer,Other,Monounsaturated,NA,NA,NA,NA,NA,NA,both,NA,NA
2,Cer d39:1,3.07509138200265,0.00641590685768609,30v5,Cer,Other,Monounsaturated,NA,NA,NA,NA,NA,NA,both,NA,NA
2,Cer d39:2,NA,NA,NA,NA,NA,NA,NA,NA,NA,NA,NA,NA,both,NA,NA
2,Cer d40:1,6.13823880208763,1.05834450031888e-05,13v30,Cer,Other,Monounsaturated,NA,NA,NA,NA,NA,NA,both,NA,NA
2,Cer d40:1,2.75869566768264,0.0285680053458889,3v5,Cer,Other,Monounsaturated,NA,NA,NA,NA,NA,NA,both,NA,NA
2,Cer d40:1,3.86244546320197,0.00124200609740376,30v5,Cer,Other,Monounsaturated,NA,NA,NA,NA,NA,NA,both,NA,NA
2,Cer d40:2,4.56879972562317,0.000308531049344856,30v5,NA,NA,NA,NA,NA,NA,NA,NA,NA,both,NA,NA
2,Cer d41:1,5.70248675308549,2.51773531622518e-05,13v30,Cer,Other,Monounsaturated,NA,NA,NA,NA,NA,NA,both,NA,NA
2,Cer d41:1,4.51199580970046,0.000356096626766893,30v5,Cer,Other,Monounsaturated,NA,NA,NA,NA,NA,NA,both,NA,NA
2,Cer d41:2,3.35472617598069,0.00292833145413315,30v5,NA,NA,NA,NA,NA,NA,NA,NA,NA,both,NA,NA
2,Cer d42:2,5.48616899528625,7.79102147164532e-05,30v5,NA,NA,NA,NA,NA,NA,NA,NA,NA,both,NA,NA
2,Cer d42:3,NA,NA,NA,NA,NA,NA,NA,NA,NA,NA,NA,NA,both,NA,NA
2,Cer d46:1,NA,NA,NA,NA,NA,NA,NA,NA,NA,NA,NA,NA,both,NA,NA
2,Cer-NDS d36:0,-2.98220408351417,0.0105885190996464,13v30,Cer-NDS,Other,Saturated,NA,NA,NA,NA,NA,NA,NA,NA,NA
2,Cer-NDS d36:0,-3.78152421228976,0.00210754511666483,30v5,Cer-NDS,Other,Saturated,NA,NA,NA,NA,NA,NA,NA,NA,NA
2,Cholesterol,NA,NA,NA,NA,NA,NA,NA,NA,NA,NA,NA,13v30,NA,NA,NA
2,CoQ10,NA,NA,NA,NA,NA,NA,NA,NA,NA,NA,NA,NA,NA,NA,NA
2,DG 34:1,3.22121164826212,0.0051229566865339,13v30,DG,Other,Monounsaturated,NA,NA,NA,NA,NA,13v30,NA,NA,NA
2,DG 36:5,4.40117978577785,0.000662825613297581,13v30,DG,Other,Polyunsaturated,NA,NA,NA,NA,NA,13v30,NA,NA,NA
2,DG 36:5,4.71740488303564,0.000356096626766893,30v5,DG,Other,Polyunsaturated,NA,NA,NA,NA,NA,13v30,NA,NA,NA
2,DG 38:5,3.0665028227816,0.00829673511327912,13v30,DG,Other,Polyunsaturated,NA,NA,NA,NA,NA,13v30,NA,NA,NA
2,DG 38:5,2.93849528974825,0.00928315673120529,30v5,DG,Other,Polyunsaturated,NA,NA,NA,NA,NA,13v30,NA,NA,NA
2,DG 38:6,5.45449163533858,0.000108298771565882,13v30,DG,Other,Polyunsaturated,NA,NA,NA,NA,NA,13v30,NA,NA,NA
2,DG 38:6,5.62273374889642,0.000135980623482621,30v5,DG,Other,Polyunsaturated,NA,NA,NA,NA,NA,13v30,NA,NA,NA
2,FA 17:1,3.81015931026155,0.00126819509379586,30v5,NA,NA,NA,NA,NA,NA,NA,NA,NA,NA,NA,NA
2,FA 18:1 (oleic acid),NA,NA,NA,NA,NA,NA,NA,NA,NA,NA,NA,NA,NA,NA,NA
2,FA 18:1+2O,2.61447994782095,0.037138160548249,3v5,FA,Other,Monounsaturated,NA,NA,NA,NA,NA,NA,NA,NA,NA
2,FA 18:2 (linoleic acid),NA,NA,NA,NA,NA,NA,NA,NA,NA,NA,NA,NA,NA,NA,NA
2,FA 18:2+2O,NA,NA,NA,NA,NA,NA,NA,NA,NA,NA,NA,NA,NA,NA,NA
2,FA 18:3 (linolenic acid),4.51338430795536,0.000292246499747678,30v5,NA,NA,NA,NA,NA,NA,NA,NA,NA,NA,NA,NA
2,FA 19:1,3.2263802680639,0.00392644559770684,30v5,NA,NA,NA,NA,NA,NA,NA,NA,NA,NA,NA,NA
2,FA 20:1,NA,NA,NA,NA,NA,NA,NA,NA,NA,NA,NA,NA,NA,NA,NA
2,FA 20:2 (eicosadienoic acid),4.16194631384691,0.000652089343917277,30v5,NA,NA,NA,NA,NA,NA,NA,NA,NA,NA,NA,NA
2,FA 20:3 (eicosatrienoic acid),3.43923345930425,0.00273113050565177,30v5,NA,NA,NA,NA,NA,NA,NA,NA,NA,NA,NA,NA
2,FA 20:4 (arachidonic acid),NA,NA,NA,NA,NA,NA,NA,NA,NA,NA,NA,NA,NA,NA,NA
2,FA 20:5 (eicosapentaenoic acid),3.9148325452777,0.00118062789225388,30v5,NA,NA,NA,NA,NA,NA,NA,NA,NA,NA,NA,NA
2,FA 22:1 (erucic acid),NA,NA,NA,NA,NA,NA,NA,NA,NA,NA,NA,NA,NA,NA,NA
2,FA 22:2 (docosadienoic acid),NA,NA,NA,NA,NA,NA,NA,NA,NA,NA,NA,NA,NA,NA,NA
2,FA 22:4,NA,NA,NA,NA,NA,NA,NA,NA,NA,NA,NA,NA,NA,NA,NA
2,FA 22:6 (docosahexaenoic acid),NA,NA,NA,NA,NA,NA,NA,NA,NA,NA,NA,NA,NA,NA,NA
2,FA 24:0(2OH),NA,NA,NA,NA,NA,NA,NA,NA,NA,NA,NA,NA,NA,NA,NA
2,FA 25:0,NA,NA,NA,NA,NA,NA,NA,NA,NA,NA,NA,NA,NA,NA,NA
2,FA 30:0,NA,NA,NA,NA,NA,NA,NA,NA,NA,NA,NA,NA,NA,NA,NA
2,FAHFA 26:0,NA,NA,NA,NA,NA,NA,NA,NA,NA,NA,NA,NA,NA,NA,NA
2,FAHFA 38:4,NA,NA,NA,NA,NA,NA,NA,NA,NA,NA,NA,NA,NA,NA,NA
2,FAHFA 46:0,-2.66011010601615,0.0203360083325905,13v30,FAHFA,Other,Saturated,NA,NA,NA,NA,NA,NA,NA,NA,NA
2,FAHFA 46:0,-2.40009500649668,0.0324336744446008,30v5,FAHFA,Other,Saturated,NA,NA,NA,NA,NA,NA,NA,NA,NA
2,GlcADG 37:3,NA,NA,NA,NA,NA,NA,NA,NA,NA,NA,NA,NA,NA,NA,NA
2,GlcCer d38:1,NA,NA,NA,NA,NA,NA,NA,NA,NA,NA,NA,13v30,NA,NA,NA
2,GlcCer d40:1,NA,NA,NA,NA,NA,NA,NA,NA,NA,NA,NA,13v30,NA,NA,NA
2,GlcCer d42:1,2.66851856267742,0.0336805929625913,3v5,GlcCer,Other,Monounsaturated,NA,NA,NA,NA,NA,13v30,NA,NA,NA
2,GlcCer d42:2,-2.97001515687054,0.00898681161879019,30v5,NA,NA,NA,NA,NA,NA,NA,NA,13v30,NA,NA,NA
2,HexCer 32:0;O2,NA,NA,NA,NA,NA,NA,NA,NA,NA,NA,NA,13v30,NA,NA,NA
2,LNAPE 20:4_N-19:1,4.19544547504945,0.000662825613297581,13v30,LNAPE,Other,Polyunsaturated,NA,NA,NA,NA,NA,NA,NA,NA,NA
2,LNAPE 20:4_N-19:1,4.76949092107322,0.000224176963324418,30v5,LNAPE,Other,Polyunsaturated,NA,NA,NA,NA,NA,NA,NA,NA,NA
2,LPC 16:0,NA,NA,NA,NA,NA,NA,both,13v30,NA,13v30,NA,13v30,both,NA,NA
2,LPC 18:0 Isomer B,NA,NA,NA,NA,NA,NA,both,13v30,NA,13v30,NA,13v30,both,NA,NA
2,LPC 18:1,NA,NA,NA,NA,NA,NA,both,13v30,NA,13v30,NA,13v30,both,NA,NA
2,LPC 18:2,NA,NA,NA,NA,NA,NA,both,13v30,NA,13v30,NA,13v30,both,NA,NA
2,LPC 20:0,NA,NA,NA,NA,NA,NA,both,13v30,NA,13v30,NA,13v30,both,NA,NA
2,LPC 20:1,NA,NA,NA,NA,NA,NA,both,13v30,NA,13v30,NA,13v30,both,NA,NA
2,LPC 20:2,-2.83862783711521,0.0256171047621136,3v5,LPC,Other,Polyunsaturated,both,13v30,NA,13v30,NA,13v30,both,NA,NA
2,LPC 20:5,NA,NA,NA,NA,NA,NA,both,13v30,NA,13v30,NA,13v30,both,NA,NA
2,LPC 22:6,-2.51777100476773,0.0451680606455246,3v5,LPC,Other,Polyunsaturated,both,13v30,NA,13v30,NA,13v30,both,NA,NA
2,LPC 32:1,NA,NA,NA,NA,NA,NA,both,13v30,NA,13v30,NA,13v30,both,NA,NA
2,LPC 40:7,NA,NA,NA,NA,NA,NA,both,13v30,NA,13v30,NA,13v30,both,NA,NA
2,LPC O-16:0,2.90977112283386,0.0103694724844218,13v30,LPC,Other,Saturated,both,13v30,NA,13v30,NA,13v30,both,NA,NA
2,LPC O-18:0,2.56704717266238,0.0400075218522953,3v5,LPC,Other,Saturated,both,13v30,NA,13v30,NA,13v30,both,NA,NA
2,LPE 16:0,3.86214475530673,0.00113126336074001,30v5,NA,NA,NA,both,NA,NA,13v30,NA,13v30,both,13v5,13v5
2,LPE 18:0,3.43511988858098,0.00253309123219541,30v5,NA,NA,NA,both,NA,NA,13v30,NA,13v30,both,13v5,13v5
2,LPE 18:1,4.10285385734997,0.000739569981821287,13v30,LPE,Other,Monounsaturated,both,NA,NA,13v30,NA,13v30,both,13v5,13v5
2,LPE 18:1,4.52619981689589,0.000263091862279063,30v5,LPE,Other,Monounsaturated,both,NA,NA,13v30,NA,13v30,both,13v5,13v5
2,LPE 18:2,5.26117805928274,4.20767195265837e-05,13v30,LPE,Other,Polyunsaturated,both,NA,NA,13v30,NA,13v30,both,13v5,13v5
2,LPE 18:2,5.11586216250863,0.000116575874461059,30v5,LPE,Other,Polyunsaturated,both,NA,NA,13v30,NA,13v30,both,13v5,13v5
2,LPE 20:4,-2.96167549184952,0.0230509644388245,3v5,LPE,Other,Polyunsaturated,both,NA,NA,13v30,NA,13v30,both,13v5,13v5
2,LPE 20:5,-2.9041116176747,0.02430003584869,3v5,LPE,Other,Polyunsaturated,both,NA,NA,13v30,NA,13v30,both,13v5,13v5
2,LPE 20:5,3.78595546542011,0.00153818935490446,30v5,LPE,Other,Polyunsaturated,both,NA,NA,13v30,NA,13v30,both,13v5,13v5
2,LPE 22:6,-2.8091918785652,0.0282869640665354,3v5,LPE,Other,Polyunsaturated,both,NA,NA,13v30,NA,13v30,both,13v5,13v5
2,LPE 22:6,3.34309770333064,0.00299189129785744,30v5,LPE,Other,Polyunsaturated,both,NA,NA,13v30,NA,13v30,both,13v5,13v5
2,LPE O-18:1,-2.08952072200494,0.0491079310891664,30v5,NA,NA,NA,both,NA,NA,13v30,NA,13v30,both,13v5,13v5
2,LPE O-20:0,NA,NA,NA,NA,NA,NA,both,NA,NA,13v30,NA,13v30,both,13v5,13v5
2,LPS 18:0,2.85554240353842,0.00928315673120529,30v5,NA,NA,NA,both,NA,NA,NA,NA,13v30,NA,NA,NA
2,MGDG 16:0_20:5,3.94665156199199,0.00524360247475356,3v5,MGDG,Other,Polyunsaturated,NA,NA,NA,NA,NA,NA,NA,NA,NA
2,MGDG 34:3,NA,NA,NA,NA,NA,NA,NA,NA,NA,NA,NA,NA,NA,NA,NA
2,N-(eicosanoyl)sphingosine,3.51317041949442,0.0031707309227855,13v30,Cer,Other,Monounsaturated,NA,NA,NA,NA,NA,NA,NA,NA,NA
2,NAE 4:0,NA,NA,NA,NA,NA,NA,NA,NA,NA,NA,NA,NA,NA,NA,NA
2,NAE 5:0,NA,NA,NA,NA,NA,NA,NA,NA,NA,NA,NA,NA,NA,NA,NA
2,NAE 9:0,NA,NA,NA,NA,NA,NA,NA,NA,NA,NA,NA,NA,NA,NA,NA
2,PC 14:0_16:1,-2.66961019302289,0.0336805929625913,3v5,PC,PC,Monounsaturated,both,13v30,NA,13v30,13v30,13v30,both,NA,NA
2,PC 16:0/9:0 CHO,NA,NA,NA,NA,NA,NA,both,13v30,NA,13v30,13v30,13v30,both,NA,NA
2,PC 16:0_14:0,NA,NA,NA,NA,NA,NA,both,13v30,NA,13v30,13v30,13v30,both,NA,NA
2,PC 16:0_18:2,6.04085582775928,3.58383102535318e-05,13v30,PC,PC,Polyunsaturated,both,13v30,NA,13v30,13v30,13v30,both,NA,NA
2,PC 16:0_18:2,3.35269515790696,0.0129648996317552,3v5,PC,PC,Polyunsaturated,both,13v30,NA,13v30,13v30,13v30,both,NA,NA
2,PC 16:0_18:2,3.79859536247495,0.0017966250229301,30v5,PC,PC,Polyunsaturated,both,13v30,NA,13v30,13v30,13v30,both,NA,NA
2,PC 16:0_22:6,4.80071152267038,0.000881679585517271,3v5,PC,PC,Polyunsaturated,both,13v30,NA,13v30,13v30,13v30,both,NA,NA
2,PC 16:1/18:4,NA,NA,NA,NA,NA,NA,both,13v30,NA,13v30,13v30,13v30,both,NA,NA
2,PC 18:0_18:1,4.02909586516575,0.00524360247475356,3v5,PC,PC,Monounsaturated,both,13v30,NA,13v30,13v30,13v30,both,NA,NA
2,PC 18:0_18:1,-3.12134103079249,0.00660559341181628,30v5,PC,PC,Monounsaturated,both,13v30,NA,13v30,13v30,13v30,both,NA,NA
2,PC 18:0_22:6,NA,NA,NA,NA,NA,NA,both,13v30,NA,13v30,13v30,13v30,both,NA,NA
2,PC 18:2_20:5,6.99991555306563,1.05834450031888e-05,13v30,PC,PC,Polyunsaturated,both,13v30,NA,13v30,13v30,13v30,both,NA,NA
2,PC 18:2_20:5,2.87435472698208,0.02430003584869,3v5,PC,PC,Polyunsaturated,both,13v30,NA,13v30,13v30,13v30,both,NA,NA
2,PC 18:2_20:5,5.50658600235982,0.000179122878270089,30v5,PC,PC,Polyunsaturated,both,13v30,NA,13v30,13v30,13v30,both,NA,NA
2,PC 19:1,-5.16727157423752,0.000240690223231458,13v30,PC,PC,Monounsaturated,both,13v30,NA,13v30,13v30,13v30,both,NA,NA
2,PC 19:1,-5.09404636111669,0.000179122878270089,30v5,PC,PC,Monounsaturated,both,13v30,NA,13v30,13v30,13v30,both,NA,NA
2,PC 20:1_20:1,NA,NA,NA,NA,NA,NA,both,13v30,NA,13v30,13v30,13v30,both,NA,NA
2,PC 21:4,NA,NA,NA,NA,NA,NA,both,13v30,NA,13v30,13v30,13v30,both,NA,NA
2,PC 22:4,NA,NA,NA,NA,NA,NA,both,13v30,NA,13v30,13v30,13v30,both,NA,NA
2,PC 24:0,NA,NA,NA,NA,NA,NA,both,13v30,NA,13v30,13v30,13v30,both,NA,NA
2,PC 24:0|PC 10:0_14:0,NA,NA,NA,NA,NA,NA,both,13v30,NA,13v30,13v30,13v30,both,NA,NA
2,PC 26:0|PC 10:0_16:0,NA,NA,NA,NA,NA,NA,both,13v30,NA,13v30,13v30,13v30,both,NA,NA
2,PC 29:0,NA,NA,NA,NA,NA,NA,both,13v30,NA,13v30,13v30,13v30,both,NA,NA
2,PC 31:0,NA,NA,NA,NA,NA,NA,both,13v30,NA,13v30,13v30,13v30,both,NA,NA
2,PC 31:1,3.72501349867729,0.00157007923018239,30v5,NA,NA,NA,both,13v30,NA,13v30,13v30,13v30,both,NA,NA
2,PC 32:0,NA,NA,NA,NA,NA,NA,both,13v30,NA,13v30,13v30,13v30,both,NA,NA
2,PC 32:1 Isomer A,4.91378363541365,0.000362581481564942,13v30,PC,PC,Monounsaturated,both,13v30,NA,13v30,13v30,13v30,both,NA,NA
2,PC 32:1 Isomer A,4.89368998136453,0.000240645924528144,30v5,PC,PC,Monounsaturated,both,13v30,NA,13v30,13v30,13v30,both,NA,NA
2,PC 32:1 Isomer B,4.38982835981973,0.000662825613297581,13v30,PC,PC,Monounsaturated,both,13v30,NA,13v30,13v30,13v30,both,NA,NA
2,PC 32:1 Isomer B,4.5885725588824,0.000366136203294072,30v5,PC,PC,Monounsaturated,both,13v30,NA,13v30,13v30,13v30,both,NA,NA
2,PC 32:2 Isomer A,3.70508264741354,0.0019146031597673,30v5,NA,NA,NA,both,13v30,NA,13v30,13v30,13v30,both,NA,NA
2,PC 32:2 Isomer B,3.21919500132542,0.00531020176254053,13v30,PC,PC,Polyunsaturated,both,13v30,NA,13v30,13v30,13v30,both,NA,NA
2,PC 32:2 Isomer B,3.38051353457366,0.00322284252084611,30v5,PC,PC,Polyunsaturated,both,13v30,NA,13v30,13v30,13v30,both,NA,NA
2,PC 33:0,NA,NA,NA,NA,NA,NA,both,13v30,NA,13v30,13v30,13v30,both,NA,NA
2,PC 33:1 Isomer A,3.71003296634173,0.00169173101360936,13v30,PC,PC,Monounsaturated,both,13v30,NA,13v30,13v30,13v30,both,NA,NA
2,PC 33:1 Isomer A,3.97940184991914,0.000948490469994296,30v5,PC,PC,Monounsaturated,both,13v30,NA,13v30,13v30,13v30,both,NA,NA
2,PC 33:1 Isomer B,3.01443501608782,0.00649396161115018,30v5,NA,NA,NA,both,13v30,NA,13v30,13v30,13v30,both,NA,NA
2,PC 33:2 Isomer A,6.02179399386264,5.82378020859922e-05,13v30,PC,PC,Polyunsaturated,both,13v30,NA,13v30,13v30,13v30,both,NA,NA
2,PC 33:2 Isomer A,5.52892931028375,0.000116575874461059,30v5,PC,PC,Polyunsaturated,both,13v30,NA,13v30,13v30,13v30,both,NA,NA
2,PC 33:2 Isomer B,4.1560436175054,0.000662825613297581,13v30,PC,PC,Polyunsaturated,both,13v30,NA,13v30,13v30,13v30,both,NA,NA
2,PC 33:2 Isomer B,4.47010418197547,0.000382722829634554,30v5,PC,PC,Polyunsaturated,both,13v30,NA,13v30,13v30,13v30,both,NA,NA
2,PC 34:0,-2.8727593841014,0.0126794890557232,13v30,PC,PC,Saturated,both,13v30,NA,13v30,13v30,13v30,both,NA,NA
2,PC 34:0,-3.23510513236516,0.00547205718221942,30v5,PC,PC,Saturated,both,13v30,NA,13v30,13v30,13v30,both,NA,NA
2,PC 34:1 Isomer A,3.50371919815045,0.00425103662559689,13v30,PC,PC,Monounsaturated,both,13v30,NA,13v30,13v30,13v30,both,NA,NA
2,PC 34:1 Isomer A,3.66589968786185,0.00993972455409141,3v5,PC,PC,Monounsaturated,both,13v30,NA,13v30,13v30,13v30,both,NA,NA
2,PC 34:1 Isomer B,4.34746362247747,0.00223280065614986,3v5,PC,PC,Monounsaturated,both,13v30,NA,13v30,13v30,13v30,both,NA,NA
2,PC 34:2 Isomer A,6.06073934432249,4.29051750329875e-05,13v30,PC,PC,Polyunsaturated,both,13v30,NA,13v30,13v30,13v30,both,NA,NA
2,PC 34:2 Isomer A,2.59415884872503,0.0382849977768649,3v5,PC,PC,Polyunsaturated,both,13v30,NA,13v30,13v30,13v30,both,NA,NA
2,PC 34:2 Isomer A,4.23676686542984,0.000863396158708208,30v5,PC,PC,Polyunsaturated,both,13v30,NA,13v30,13v30,13v30,both,NA,NA
2,PC 34:2 Isomer B,6.29197808626536,3.14238938104965e-05,13v30,PC,PC,Polyunsaturated,both,13v30,NA,13v30,13v30,13v30,both,NA,NA
2,PC 34:2 Isomer B,3.27416965423369,0.0154716960206808,3v5,PC,PC,Polyunsaturated,both,13v30,NA,13v30,13v30,13v30,both,NA,NA
2,PC 34:2 Isomer B,3.83040946167811,0.00159980032388254,30v5,PC,PC,Polyunsaturated,both,13v30,NA,13v30,13v30,13v30,both,NA,NA
2,PC 34:3,5.78026936549445,3.23715200333475e-05,13v30,PC,PC,Polyunsaturated,both,13v30,NA,13v30,13v30,13v30,both,NA,NA
2,PC 34:3,5.85755024544891,6.71377960457238e-05,30v5,PC,PC,Polyunsaturated,both,13v30,NA,13v30,13v30,13v30,both,NA,NA
2,PC 34:3 Isomer B,5.57389396597978,7.57864059445755e-05,13v30,PC,PC,Polyunsaturated,both,13v30,NA,13v30,13v30,13v30,both,NA,NA
2,PC 34:3 Isomer B,4.12360813812305,0.0010994076637391,30v5,PC,PC,Polyunsaturated,both,13v30,NA,13v30,13v30,13v30,both,NA,NA
2,PC 34:4 Isomer A,3.0256438772851,0.00860094824978385,13v30,PC,PC,Polyunsaturated,both,13v30,NA,13v30,13v30,13v30,both,NA,NA
2,PC 34:4 Isomer A,3.47110283719524,0.00289459189199941,30v5,PC,PC,Polyunsaturated,both,13v30,NA,13v30,13v30,13v30,both,NA,NA
2,PC 34:4 Isomer B,2.59431325754862,0.0196910539840115,13v30,PC,PC,Polyunsaturated,both,13v30,NA,13v30,13v30,13v30,both,NA,NA
2,PC 34:4 Isomer B,3.61526764032998,0.00206183327609609,30v5,PC,PC,Polyunsaturated,both,13v30,NA,13v30,13v30,13v30,both,NA,NA
2,PC 35:1 Isomer A,NA,NA,NA,NA,NA,NA,both,13v30,NA,13v30,13v30,13v30,both,NA,NA
2,PC 35:1 Isomer B,NA,NA,NA,NA,NA,NA,both,13v30,NA,13v30,13v30,13v30,both,NA,NA
2,PC 35:2,2.75055911954603,0.0123056807332537,30v5,NA,NA,NA,both,13v30,NA,13v30,13v30,13v30,both,NA,NA
2,PC 35:2 Isomer B,3.47852101383701,0.0031707309227855,13v30,PC,PC,Polyunsaturated,both,13v30,NA,13v30,13v30,13v30,both,NA,NA
2,PC 35:2 Isomer B,3.50202010037258,0.0023992567832636,30v5,PC,PC,Polyunsaturated,both,13v30,NA,13v30,13v30,13v30,both,NA,NA
2,PC 35:3,4.13500076157627,0.000758466069864834,13v30,PC,PC,Polyunsaturated,both,13v30,NA,13v30,13v30,13v30,both,NA,NA
2,PC 35:3,3.95417904093341,0.0010994076637391,30v5,PC,PC,Polyunsaturated,both,13v30,NA,13v30,13v30,13v30,both,NA,NA
2,PC 35:4 Isomer A,2.56662879477187,0.0173654843227712,30v5,NA,NA,NA,both,13v30,NA,13v30,13v30,13v30,both,NA,NA
2,PC 35:4 Isomer B,NA,NA,NA,NA,NA,NA,both,13v30,NA,13v30,13v30,13v30,both,NA,NA
2,PC 36:1 Isomer A,3.66500452940352,0.00993972455409141,3v5,PC,PC,Monounsaturated,both,13v30,NA,13v30,13v30,13v30,both,NA,NA
2,PC 36:1 Isomer A,-3.34255530134793,0.00397954491945476,30v5,PC,PC,Monounsaturated,both,13v30,NA,13v30,13v30,13v30,both,NA,NA
2,PC 36:1 Isomer B,3.73341826110031,0.00919058528150888,3v5,PC,PC,Monounsaturated,both,13v30,NA,13v30,13v30,13v30,both,NA,NA
2,PC 36:1 Isomer B,-3.66207098845207,0.0020929761928021,30v5,PC,PC,Monounsaturated,both,13v30,NA,13v30,13v30,13v30,both,NA,NA
2,PC 36:2 Isomer A,NA,NA,NA,NA,NA,NA,both,13v30,NA,13v30,13v30,13v30,both,NA,NA
2,PC 36:2 Isomer B,NA,NA,NA,NA,NA,NA,both,13v30,NA,13v30,13v30,13v30,both,NA,NA
2,PC 36:3 Isomer A,4.36801687856848,0.000662825613297581,13v30,PC,PC,Polyunsaturated,both,13v30,NA,13v30,13v30,13v30,both,NA,NA
2,PC 36:3 Isomer A,3.00647283921991,0.020641646234351,3v5,PC,PC,Polyunsaturated,both,13v30,NA,13v30,13v30,13v30,both,NA,NA
2,PC 36:3 Isomer AB,3.49492303003419,0.00324067056956252,13v30,PC,PC,Polyunsaturated,both,13v30,NA,13v30,13v30,13v30,both,NA,NA
2,PC 36:3 Isomer AB,3.15789344207686,0.0155977540573209,3v5,PC,PC,Polyunsaturated,both,13v30,NA,13v30,13v30,13v30,both,NA,NA
2,PC 36:4 Isomer A,5.9830273866057,3.69042922497227e-05,13v30,PC,PC,Polyunsaturated,both,13v30,NA,13v30,13v30,13v30,both,NA,NA
2,PC 36:4 Isomer A,5.03531842786494,0.000204047059475581,30v5,PC,PC,Polyunsaturated,both,13v30,NA,13v30,13v30,13v30,both,NA,NA
2,PC 36:4 Isomer B,3.42489493943504,0.00388441819390799,13v30,PC,PC,Polyunsaturated,both,13v30,NA,13v30,13v30,13v30,both,NA,NA
2,PC 36:4 Isomer B,3.42810938380251,0.00322284252084611,30v5,PC,PC,Polyunsaturated,both,13v30,NA,13v30,13v30,13v30,both,NA,NA
2,PC 36:4 Isomer C,NA,NA,NA,NA,NA,NA,both,13v30,NA,13v30,13v30,13v30,both,NA,NA
2,PC 36:5 Isomer A,5.21580611734209,0.000108298771565882,13v30,PC,PC,Polyunsaturated,both,13v30,NA,13v30,13v30,13v30,both,NA,NA
2,PC 36:5 Isomer A,4.45125635296529,0.000529454200834333,30v5,PC,PC,Polyunsaturated,both,13v30,NA,13v30,13v30,13v30,both,NA,NA
2,PC 36:5 Isomer B,5.63412661130065,5.95695182369919e-05,13v30,PC,PC,Polyunsaturated,both,13v30,NA,13v30,13v30,13v30,both,NA,NA
2,PC 36:5 Isomer B,6.01955443605844,4.94069161945347e-05,30v5,PC,PC,Polyunsaturated,both,13v30,NA,13v30,13v30,13v30,both,NA,NA
2,PC 36:5 Isomer C,2.87122782579902,0.0108178071677635,30v5,NA,NA,NA,both,13v30,NA,13v30,13v30,13v30,both,NA,NA
2,PC 36:5 Isomer D,5.29993439882027,0.000157479291061051,13v30,PC,PC,Polyunsaturated,both,13v30,NA,13v30,13v30,13v30,both,NA,NA
2,PC 36:5 Isomer D,5.10147048912084,0.000179122878270089,30v5,PC,PC,Polyunsaturated,both,13v30,NA,13v30,13v30,13v30,both,NA,NA
2,PC 36:6,3.96170790875165,0.00187129646058601,13v30,PC,PC,Polyunsaturated,both,13v30,NA,13v30,13v30,13v30,both,NA,NA
2,PC 36:6,4.61211801792923,0.000549454884472014,30v5,PC,PC,Polyunsaturated,both,13v30,NA,13v30,13v30,13v30,both,NA,NA
2,PC 37:2 Isomer A,NA,NA,NA,NA,NA,NA,both,13v30,NA,13v30,13v30,13v30,both,NA,NA
2,PC 37:2 Isomer B,NA,NA,NA,NA,NA,NA,both,13v30,NA,13v30,13v30,13v30,both,NA,NA
2,PC 37:3,NA,NA,NA,NA,NA,NA,both,13v30,NA,13v30,13v30,13v30,both,NA,NA
2,PC 37:4,NA,NA,NA,NA,NA,NA,both,13v30,NA,13v30,13v30,13v30,both,NA,NA
2,PC 38:2 Isomer A,NA,NA,NA,NA,NA,NA,both,13v30,NA,13v30,13v30,13v30,both,NA,NA
2,PC 38:3 Isomer A,2.45774975171535,0.0496572140675484,3v5,PC,PC,Polyunsaturated,both,13v30,NA,13v30,13v30,13v30,both,NA,NA
2,PC 38:4 Isomer A,3.07792770120891,0.0079101762372217,13v30,PC,PC,Polyunsaturated,both,13v30,NA,13v30,13v30,13v30,both,NA,NA
2,PC 38:4 Isomer C,NA,NA,NA,NA,NA,NA,both,13v30,NA,13v30,13v30,13v30,both,NA,NA
2,PC 38:5 Isomer A,NA,NA,NA,NA,NA,NA,both,13v30,NA,13v30,13v30,13v30,both,NA,NA
2,PC 38:5 Isomer B,NA,NA,NA,NA,NA,NA,both,13v30,NA,13v30,13v30,13v30,both,NA,NA
2,PC 38:6 Isomer A,4.36173746785463,0.000774480263001923,13v30,PC,PC,Polyunsaturated,both,13v30,NA,13v30,13v30,13v30,both,NA,NA
2,PC 38:6 Isomer A,2.90217486083022,0.00937945375787309,30v5,PC,PC,Polyunsaturated,both,13v30,NA,13v30,13v30,13v30,both,NA,NA
2,PC 38:6 Isomer B,4.50936694925066,0.000452790239424714,13v30,PC,PC,Polyunsaturated,both,13v30,NA,13v30,13v30,13v30,both,NA,NA
2,PC 38:6 Isomer B,3.15308104812938,0.00547205718221942,30v5,PC,PC,Polyunsaturated,both,13v30,NA,13v30,13v30,13v30,both,NA,NA
2,PC 38:6 Isomer C,3.58789478169126,0.00345310792245704,13v30,PC,PC,Polyunsaturated,both,13v30,NA,13v30,13v30,13v30,both,NA,NA
2,PC 38:6 Isomer C,3.17400130733764,0.0155977540573209,3v5,PC,PC,Polyunsaturated,both,13v30,NA,13v30,13v30,13v30,both,NA,NA
2,PC 38:7,6.55320153865252,3.14238938104965e-05,13v30,PC,PC,Polyunsaturated,both,13v30,NA,13v30,13v30,13v30,both,NA,NA
2,PC 38:7,5.07704311093679,0.000179122878270089,30v5,PC,PC,Polyunsaturated,both,13v30,NA,13v30,13v30,13v30,both,NA,NA
2,PC 38:8,2.56815941389777,0.0242860624122469,13v30,PC,PC,Polyunsaturated,both,13v30,NA,13v30,13v30,13v30,both,NA,NA
2,PC 38:8,2.4783291888811,0.0279487842338881,30v5,PC,PC,Polyunsaturated,both,13v30,NA,13v30,13v30,13v30,both,NA,NA
2,PC 39:5 Isomer B,NA,NA,NA,NA,NA,NA,both,13v30,NA,13v30,13v30,13v30,both,NA,NA
2,PC 39:6,3.66589208875652,0.00299689317560325,13v30,PC,PC,Polyunsaturated,both,13v30,NA,13v30,13v30,13v30,both,NA,NA
2,PC 39:6,4.39735886022699,0.000760304189951854,30v5,PC,PC,Polyunsaturated,both,13v30,NA,13v30,13v30,13v30,both,NA,NA
2,PC 40:3,NA,NA,NA,NA,NA,NA,both,13v30,NA,13v30,13v30,13v30,both,NA,NA
2,PC 40:4 Isomer B,NA,NA,NA,NA,NA,NA,both,13v30,NA,13v30,13v30,13v30,both,NA,NA
2,PC 40:4 Isomer C,NA,NA,NA,NA,NA,NA,both,13v30,NA,13v30,13v30,13v30,both,NA,NA
2,PC 40:5 Isomer A,NA,NA,NA,NA,NA,NA,both,13v30,NA,13v30,13v30,13v30,both,NA,NA
2,PC 40:5 Isomer B,NA,NA,NA,NA,NA,NA,both,13v30,NA,13v30,13v30,13v30,both,NA,NA
2,PC 40:6 Isomer A,NA,NA,NA,NA,NA,NA,both,13v30,NA,13v30,13v30,13v30,both,NA,NA
2,PC 40:6 Isomer B,NA,NA,NA,NA,NA,NA,both,13v30,NA,13v30,13v30,13v30,both,NA,NA
2,PC 40:7,4.66917720074646,0.000475878298345476,13v30,PC,PC,Polyunsaturated,both,13v30,NA,13v30,13v30,13v30,both,NA,NA
2,PC 40:7,4.3627200487388,0.000760304189951854,30v5,PC,PC,Polyunsaturated,both,13v30,NA,13v30,13v30,13v30,both,NA,NA
2,PC 40:7 Isomer A,3.52575406633343,0.00345310792245704,13v30,PC,PC,Polyunsaturated,both,13v30,NA,13v30,13v30,13v30,both,NA,NA
2,PC 40:7 Isomer A,2.98343556843656,0.00893587034819299,30v5,PC,PC,Polyunsaturated,both,13v30,NA,13v30,13v30,13v30,both,NA,NA
2,PC 40:7 Isomer B,4.70232050805828,0.000552138259222154,13v30,PC,PC,Polyunsaturated,both,13v30,NA,13v30,13v30,13v30,both,NA,NA
2,PC 40:7 Isomer B,4.14411231429734,0.00118062789225388,30v5,PC,PC,Polyunsaturated,both,13v30,NA,13v30,13v30,13v30,both,NA,NA
2,PC 40:8 Isomer A,5.9680252932915,3.69042922497227e-05,13v30,PC,PC,Polyunsaturated,both,13v30,NA,13v30,13v30,13v30,both,NA,NA
2,PC 40:8 Isomer A,2.49600026398955,0.0451680606455246,3v5,PC,PC,Polyunsaturated,both,13v30,NA,13v30,13v30,13v30,both,NA,NA
2,PC 40:8 Isomer A,4.24584506824078,0.000835400966954529,30v5,PC,PC,Polyunsaturated,both,13v30,NA,13v30,13v30,13v30,both,NA,NA
2,PC 40:8 Isomer B,5.57388489167582,5.32490819685147e-05,13v30,PC,PC,Polyunsaturated,both,13v30,NA,13v30,13v30,13v30,both,NA,NA
2,PC 40:8 Isomer B,2.74427696814014,0.0285680053458889,3v5,PC,PC,Polyunsaturated,both,13v30,NA,13v30,13v30,13v30,both,NA,NA
2,PC 40:8 Isomer B,3.65762838210287,0.00213347809150084,30v5,PC,PC,Polyunsaturated,both,13v30,NA,13v30,13v30,13v30,both,NA,NA
2,PC 41:6|PC 19:0_22:6,NA,NA,NA,NA,NA,NA,both,13v30,NA,13v30,13v30,13v30,both,NA,NA
2,PC 42:5,NA,NA,NA,NA,NA,NA,both,13v30,NA,13v30,13v30,13v30,both,NA,NA
2,PC 42:6 Isomer A,NA,NA,NA,NA,NA,NA,both,13v30,NA,13v30,13v30,13v30,both,NA,NA
2,PC 42:6 Isomer B,NA,NA,NA,NA,NA,NA,both,13v30,NA,13v30,13v30,13v30,both,NA,NA
2,PC 42:7,NA,NA,NA,NA,NA,NA,both,13v30,NA,13v30,13v30,13v30,both,NA,NA
2,PC 42:9,NA,NA,NA,NA,NA,NA,both,13v30,NA,13v30,13v30,13v30,both,NA,NA
2,PC 44:12,4.7357921473755,0.000426354401431168,13v30,PC,PC,Polyunsaturated,both,13v30,NA,13v30,13v30,13v30,both,NA,NA
2,PC O-16:0_20:4,NA,NA,NA,NA,NA,NA,both,13v30,13v30,13v30,13v30,13v30,both,NA,NA
2,PC O-18:0_16:0,-5.64243629787398,7.57864059445755e-05,13v30,PC,PC,Saturated,both,13v30,13v30,13v30,13v30,13v30,both,NA,NA
2,PC O-18:0_16:0,-5.68633457581419,0.000126337056786665,30v5,PC,PC,Saturated,both,13v30,13v30,13v30,13v30,13v30,both,NA,NA
2,PC O-18:1_20:4,3.83576207989795,0.00134043094184858,13v30,PC,PC,Polyunsaturated,both,13v30,13v30,13v30,13v30,13v30,both,NA,NA
2,PC O-18:1_20:4,3.25509600521902,0.00441480059062324,30v5,PC,PC,Polyunsaturated,both,13v30,13v30,13v30,13v30,13v30,both,NA,NA
2,PC O-29:0,NA,NA,NA,NA,NA,NA,both,13v30,13v30,13v30,13v30,13v30,both,NA,NA
2,PC O-30:0|PC O-14:0_16:0,NA,NA,NA,NA,NA,NA,both,13v30,13v30,13v30,13v30,13v30,both,NA,NA
2,PC O-31:0,-2.74676984674836,0.0149983689118507,13v30,PC,PC,Saturated,both,13v30,13v30,13v30,13v30,13v30,both,NA,NA
2,PC O-31:0,-3.17650438123622,0.00552187848634184,30v5,PC,PC,Saturated,both,13v30,13v30,13v30,13v30,13v30,both,NA,NA
2,PC O-31:0|PC O-15:0_16:0,-2.5616469204679,0.0191946065552631,13v30,PC,PC,Saturated,both,13v30,13v30,13v30,13v30,13v30,both,NA,NA
2,PC O-31:0|PC O-15:0_16:0,-2.42522437023915,0.0246505974111331,30v5,PC,PC,Saturated,both,13v30,13v30,13v30,13v30,13v30,both,NA,NA
2,PC O-32:0,-2.34158147943911,0.0316839454191396,13v30,PC,PC,Saturated,both,13v30,13v30,13v30,13v30,13v30,both,NA,NA
2,PC O-32:0,-2.4443106636573,0.0248091803479899,30v5,PC,PC,Saturated,both,13v30,13v30,13v30,13v30,13v30,both,NA,NA
2,PC O-32:2,NA,NA,NA,NA,NA,NA,both,13v30,13v30,13v30,13v30,13v30,both,NA,NA
2,PC O-33:0,-3.55463953094056,0.00328465955820784,13v30,PC,PC,Saturated,both,13v30,13v30,13v30,13v30,13v30,both,NA,NA
2,PC O-33:0,-3.78508051305089,0.0017980686757078,30v5,PC,PC,Saturated,both,13v30,13v30,13v30,13v30,13v30,both,NA,NA
2,PC O-33:6,2.56942420346535,0.0210683643093174,13v30,PC,PC,Polyunsaturated,both,13v30,13v30,13v30,13v30,13v30,both,NA,NA
2,PC O-34:0 Isomer A,-2.32153861636095,0.0364332956798726,13v30,PC,PC,Saturated,both,13v30,13v30,13v30,13v30,13v30,both,NA,NA
2,PC O-34:0 Isomer A,3.40121725032205,0.0123979885054405,3v5,PC,PC,Saturated,both,13v30,13v30,13v30,13v30,13v30,both,NA,NA
2,PC O-34:0 Isomer A,-3.98024591963903,0.00153818935490446,30v5,PC,PC,Saturated,both,13v30,13v30,13v30,13v30,13v30,both,NA,NA
2,PC O-34:0 Isomer B,-5.97998052981535,3.77248864968583e-05,13v30,PC,PC,Saturated,both,13v30,13v30,13v30,13v30,13v30,both,NA,NA
2,PC O-34:0 Isomer B,-6.45337201867134,3.60029374711474e-05,30v5,PC,PC,Saturated,both,13v30,13v30,13v30,13v30,13v30,both,NA,NA
2,PC O-34:1|PC O-16:0_18:1,-2.20752888931917,0.0439415500966002,13v30,PC,PC,Monounsaturated,both,13v30,13v30,13v30,13v30,13v30,both,NA,NA
2,PC O-34:1|PC O-16:0_18:1,3.23487978118171,0.0154888042496503,3v5,PC,PC,Monounsaturated,both,13v30,13v30,13v30,13v30,13v30,both,NA,NA
2,PC O-34:1|PC O-16:0_18:1,-3.84972793166376,0.00174459839891411,30v5,PC,PC,Monounsaturated,both,13v30,13v30,13v30,13v30,13v30,both,NA,NA
2,PC O-34:2,4.33277923086608,0.000444608515774188,13v30,PC,PC,Polyunsaturated,both,13v30,13v30,13v30,13v30,13v30,both,NA,NA
2,PC O-34:2,2.66004138229534,0.0340079514820418,3v5,PC,PC,Polyunsaturated,both,13v30,13v30,13v30,13v30,13v30,both,NA,NA
2,PC O-36:1,-3.91440916340151,0.00202099238517535,13v30,PC,PC,Monounsaturated,both,13v30,13v30,13v30,13v30,13v30,both,NA,NA
2,PC O-36:1,3.01107329989099,0.0207609581474589,3v5,PC,PC,Monounsaturated,both,13v30,13v30,13v30,13v30,13v30,both,NA,NA
2,PC O-36:1,-5.18713148832852,0.000218155419242309,30v5,PC,PC,Monounsaturated,both,13v30,13v30,13v30,13v30,13v30,both,NA,NA
2,PC O-37:5,NA,NA,NA,NA,NA,NA,both,13v30,13v30,13v30,13v30,13v30,both,NA,NA
2,PC O-37:6,NA,NA,NA,NA,NA,NA,both,13v30,13v30,13v30,13v30,13v30,both,NA,NA
2,PC O-38:7,NA,NA,NA,NA,NA,NA,both,13v30,13v30,13v30,13v30,13v30,both,NA,NA
2,PC O-39:8,4.59432602252145,0.00056735949178051,13v30,PC,PC,Polyunsaturated,both,13v30,13v30,13v30,13v30,13v30,both,NA,NA
2,PC O-39:8,3.81607358466665,0.00173046321905145,30v5,PC,PC,Polyunsaturated,both,13v30,13v30,13v30,13v30,13v30,both,NA,NA
2,PC O-40:5,2.7118234629607,0.0145554897841195,13v30,PC,PC,Polyunsaturated,both,13v30,13v30,13v30,13v30,13v30,both,NA,NA
2,PC O-40:7,NA,NA,NA,NA,NA,NA,both,13v30,13v30,13v30,13v30,13v30,both,NA,NA
2,PC O-42:7 or PC 42:7e,NA,NA,NA,NA,NA,NA,both,13v30,13v30,13v30,13v30,13v30,both,NA,NA
2,PC P-32:1 or PC O-32:2,NA,NA,NA,NA,NA,NA,both,13v30,NA,13v30,13v30,13v30,both,NA,NA
2,PC P-34:0 or PC O-34:1,-2.29608040503695,0.0383961929320581,13v30,PC,PC,Saturated,both,13v30,NA,13v30,13v30,13v30,both,NA,NA
2,PC P-34:0 or PC O-34:1,3.24379906156862,0.0154716960206808,3v5,PC,PC,Saturated,both,13v30,NA,13v30,13v30,13v30,both,NA,NA
2,PC P-34:0 or PC O-34:1,-3.79718107320317,0.00207810455483552,30v5,PC,PC,Saturated,both,13v30,NA,13v30,13v30,13v30,both,NA,NA
2,PC P-34:1 or PC O-34:2,-2.59547107974366,0.0210683643093174,13v30,PC,PC,Monounsaturated,both,13v30,NA,13v30,13v30,13v30,both,NA,NA
2,PC P-34:1 or PC O-34:2,2.81339843521707,0.0263461977586544,3v5,PC,PC,Monounsaturated,both,13v30,NA,13v30,13v30,13v30,both,NA,NA
2,PC P-34:1 or PC O-34:2,-3.97256302162793,0.00173046321905145,30v5,PC,PC,Monounsaturated,both,13v30,NA,13v30,13v30,13v30,both,NA,NA
2,PC P-34:1 or PC O-34:2,-2.50732095407287,0.0226182150655987,30v5,PC,PC,Monounsaturated,both,13v30,NA,13v30,13v30,13v30,both,NA,NA
2,PC P-36:1 or PC O-36:2,-4.31699391897418,0.000894328329367555,13v30,PC,PC,Monounsaturated,both,13v30,NA,13v30,13v30,13v30,both,NA,NA
2,PC P-36:1 or PC O-36:2,-2.20772961310232,0.0421855110144608,13v30,PC,PC,Monounsaturated,both,13v30,NA,13v30,13v30,13v30,both,NA,NA
2,PC P-36:1 or PC O-36:2,2.60518617690952,0.0373888626333909,3v5,PC,PC,Monounsaturated,both,13v30,NA,13v30,13v30,13v30,both,NA,NA
2,PC P-36:1 or PC O-36:2,-4.95533174421015,0.000264804479173503,30v5,PC,PC,Monounsaturated,both,13v30,NA,13v30,13v30,13v30,both,NA,NA
2,PC P-36:1 or PC O-36:2,-3.77663631265081,0.00209845098217527,30v5,PC,PC,Monounsaturated,both,13v30,NA,13v30,13v30,13v30,both,NA,NA
2,PC P-36:2 or PC O-36:3,-4.59080327655698,0.000427728684836132,13v30,PC,PC,Polyunsaturated,both,13v30,NA,13v30,13v30,13v30,both,NA,NA
2,PC P-36:2 or PC O-36:3,-5.2198112052984,0.000213886491323387,30v5,PC,PC,Polyunsaturated,both,13v30,NA,13v30,13v30,13v30,both,NA,NA
2,PC P-36:3 or PC O-36:4,4.68703759310984,0.000208951912262696,13v30,PC,PC,Polyunsaturated,both,13v30,NA,13v30,13v30,13v30,both,NA,NA
2,PC P-36:3 or PC O-36:4,3.93141614083413,0.0013591466561297,30v5,PC,PC,Polyunsaturated,both,13v30,NA,13v30,13v30,13v30,both,NA,NA
2,PC P-38:3 or PC O-38:4,NA,NA,NA,NA,NA,NA,both,13v30,NA,13v30,13v30,13v30,both,NA,NA
2,PC P-38:4 or PC O-38:5 Isomer A,2.57838046693173,0.0219719046329532,13v30,PC,PC,Polyunsaturated,both,13v30,NA,13v30,13v30,13v30,both,NA,NA
2,PC P-38:4 or PC O-38:5 Isomer B,NA,NA,NA,NA,NA,NA,both,13v30,NA,13v30,13v30,13v30,both,NA,NA
2,PC P-38:4 or PC O-38:5 Isomer C,NA,NA,NA,NA,NA,NA,both,13v30,NA,13v30,13v30,13v30,both,NA,NA
2,PC P-38:5 or PC O-38:6,2.92814215316522,0.0111310888914844,13v30,PC,PC,Polyunsaturated,both,13v30,NA,13v30,13v30,13v30,both,NA,NA
2,PC P-38:5 or PC O-38:6 Isomer A,3.66534249032992,0.00306919499430643,13v30,PC,PC,Polyunsaturated,both,13v30,NA,13v30,13v30,13v30,both,NA,NA
2,PC P-38:5 or PC O-38:6 Isomer A,2.59813135316216,0.01962304216975,30v5,PC,PC,Polyunsaturated,both,13v30,NA,13v30,13v30,13v30,both,NA,NA
2,PC P-40:4 or PC O-40:5,NA,NA,NA,NA,NA,NA,both,13v30,NA,13v30,13v30,13v30,both,NA,NA
2,PC P-40:5 or PC O-40:6,NA,NA,NA,NA,NA,NA,both,13v30,NA,13v30,13v30,13v30,both,NA,NA
2,PC P-40:6 or PC O-40:7 Isomer A,NA,NA,NA,NA,NA,NA,both,13v30,NA,13v30,13v30,13v30,both,NA,NA
2,PC P-40:6 or PC O-40:7 Isomer B,NA,NA,NA,NA,NA,NA,both,13v30,NA,13v30,13v30,13v30,both,NA,NA
2,PC P-40:7 or PC O-40:8,NA,NA,NA,NA,NA,NA,both,13v30,NA,13v30,13v30,13v30,both,NA,NA
2,PC P-42:5 or PC O-42:6,NA,NA,NA,NA,NA,NA,both,13v30,NA,13v30,13v30,13v30,both,NA,NA
2,PC-O 16:0_18:1,2.81149552068087,0.0263461977586544,3v5,PC-O,Other,Monounsaturated,NA,NA,NA,NA,NA,NA,NA,NA,NA
2,PC-O 16:0_18:1,-2.884502827103,0.0111534024822731,30v5,PC-O,Other,Monounsaturated,NA,NA,NA,NA,NA,NA,NA,NA,NA
2,PC-p 18:0_22:6,NA,NA,NA,NA,NA,NA,NA,NA,NA,NA,NA,NA,NA,NA,NA
2,PE 16:0_16::1,NA,NA,NA,NA,NA,NA,both,NA,NA,13v30,NA,13v30,both,13v5,13v5
2,PE 16:1_18:1,NA,NA,NA,NA,NA,NA,both,NA,NA,13v30,NA,13v30,both,13v5,13v5
2,PE 18:0_22:3,NA,NA,NA,NA,NA,NA,both,NA,NA,13v30,NA,13v30,both,13v5,13v5
2,PE 34:0,3.55627641092969,0.00993972455409141,3v5,PE,PE,Saturated,both,NA,NA,13v30,NA,13v30,both,13v5,13v5
2,PE 34:0,-3.89249191619533,0.00153818935490446,30v5,PE,PE,Saturated,both,NA,NA,13v30,NA,13v30,both,13v5,13v5
2,PE 34:1,4.93936445442145,0.0007886908828025,3v5,PE,PE,Monounsaturated,both,NA,NA,13v30,NA,13v30,both,13v5,13v5
2,PE 34:1,-4.52170008343064,0.000550503791948168,30v5,PE,PE,Monounsaturated,both,NA,NA,13v30,NA,13v30,both,13v5,13v5
2,PE 36:1,-2.22677134704987,0.0421855110144608,13v30,PE,PE,Monounsaturated,both,NA,NA,13v30,NA,13v30,both,13v5,13v5
2,PE 36:1,4.32596001964087,0.00223280065614986,3v5,PE,PE,Monounsaturated,both,NA,NA,13v30,NA,13v30,both,13v5,13v5
2,PE 36:1,-4.61347699054445,0.000464816056351183,30v5,PE,PE,Monounsaturated,both,NA,NA,13v30,NA,13v30,both,13v5,13v5
2,PE 36:2,2.75281278228004,0.0285680053458889,3v5,PE,PE,Polyunsaturated,both,NA,NA,13v30,NA,13v30,both,13v5,13v5
2,PE 36:3,3.47577214736862,0.00306919499430643,13v30,PE,PE,Polyunsaturated,both,NA,NA,13v30,NA,13v30,both,13v5,13v5
2,PE 36:3,3.50703098377018,0.00993972455409141,3v5,PE,PE,Polyunsaturated,both,NA,NA,13v30,NA,13v30,both,13v5,13v5
2,PE 36:4,3.88386412266051,0.00141538596487994,13v30,PE,PE,Polyunsaturated,both,NA,NA,13v30,NA,13v30,both,13v5,13v5
2,PE 36:4,3.61458049181675,0.00203888721528164,30v5,PE,PE,Polyunsaturated,both,NA,NA,13v30,NA,13v30,both,13v5,13v5
2,PE 36:5|PE 16:0_20:5,4.46730545475085,0.000712957775975618,13v30,PE,PE,Polyunsaturated,both,NA,NA,13v30,NA,13v30,both,13v5,13v5
2,PE 36:5|PE 16:0_20:5,4.66867890010431,0.0003673760750542,30v5,PE,PE,Polyunsaturated,both,NA,NA,13v30,NA,13v30,both,13v5,13v5
2,PE 37:5|PE 17:0_20:5,4.18517633753835,0.000662825613297581,13v30,PE,PE,Polyunsaturated,both,NA,NA,13v30,NA,13v30,both,13v5,13v5
2,PE 37:5|PE 17:0_20:5,4.31108824840843,0.000483299072092888,30v5,PE,PE,Polyunsaturated,both,NA,NA,13v30,NA,13v30,both,13v5,13v5
2,PE 38:2,NA,NA,NA,NA,NA,NA,both,NA,NA,13v30,NA,13v30,both,13v5,13v5
2,PE 38:4,3.27826147523301,0.00534392260621702,13v30,PE,PE,Polyunsaturated,both,NA,NA,13v30,NA,13v30,both,13v5,13v5
2,PE 38:4,2.19552571289596,0.0386171294093593,30v5,PE,PE,Polyunsaturated,both,NA,NA,13v30,NA,13v30,both,13v5,13v5
2,PE 38:4|PE 18:0_20:4,3.07232561218934,0.0079101762372217,13v30,PE,PE,Polyunsaturated,both,NA,NA,13v30,NA,13v30,both,13v5,13v5
2,PE 38:5,3.67460121938142,0.00261931877417308,13v30,PE,PE,Polyunsaturated,both,NA,NA,13v30,NA,13v30,both,13v5,13v5
2,PE 38:5,2.92033547132934,0.00898681161879019,30v5,PE,PE,Polyunsaturated,both,NA,NA,13v30,NA,13v30,both,13v5,13v5
2,PE 38:6,NA,NA,NA,NA,NA,NA,both,NA,NA,13v30,NA,13v30,both,13v5,13v5
2,PE 38:6 Isomer B,5.8874017231427,6.65193837303689e-05,13v30,PE,PE,Polyunsaturated,both,NA,NA,13v30,NA,13v30,both,13v5,13v5
2,PE 38:6 Isomer B,5.06709152235909,0.000213886491323387,30v5,PE,PE,Polyunsaturated,both,NA,NA,13v30,NA,13v30,both,13v5,13v5
2,PE 38:7|PE 18:2_20:5 Isomer A,2.79830838731904,0.0168800344189731,13v30,PE,PE,Polyunsaturated,both,NA,NA,13v30,NA,13v30,both,13v5,13v5
2,PE 38:7|PE 18:2_20:5 Isomer A,2.99419911507605,0.0207013526895913,3v5,PE,PE,Polyunsaturated,both,NA,NA,13v30,NA,13v30,both,13v5,13v5
2,PE 38:7|PE 18:2_20:5 Isomer A,2.41102160701706,0.0324336744446008,30v5,PE,PE,Polyunsaturated,both,NA,NA,13v30,NA,13v30,both,13v5,13v5
2,PE 38:7|PE 18:2_20:5 Isomer B,7.70036486086517,3.81124502952821e-06,13v30,PE,PE,Polyunsaturated,both,NA,NA,13v30,NA,13v30,both,13v5,13v5
2,PE 38:7|PE 18:2_20:5 Isomer B,3.66761200384101,0.00919058528150888,3v5,PE,PE,Polyunsaturated,both,NA,NA,13v30,NA,13v30,both,13v5,13v5
2,PE 38:7|PE 18:2_20:5 Isomer B,5.2325946438492,0.000179122878270089,30v5,PE,PE,Polyunsaturated,both,NA,NA,13v30,NA,13v30,both,13v5,13v5
2,PE 40:10|PE 20:5_20:5,2.9751052945685,0.0207609581474589,3v5,PE,PE,Polyunsaturated,both,NA,NA,13v30,NA,13v30,both,13v5,13v5
2,PE 40:6|PE 18:1_22:5,4.11258084600062,0.00126676373136345,13v30,PE,PE,Polyunsaturated,both,NA,NA,13v30,NA,13v30,both,13v5,13v5
2,PE 40:6|PE 18:1_22:5,3.86483303590186,0.00153818935490446,30v5,PE,PE,Polyunsaturated,both,NA,NA,13v30,NA,13v30,both,13v5,13v5
2,PE 40:7|PE 18:1_22:6,6.99320287361319,1.84571601983716e-05,13v30,PE,PE,Polyunsaturated,both,NA,NA,13v30,NA,13v30,both,13v5,13v5
2,PE 40:7|PE 18:1_22:6,8.0050511567538,1.44027561149001e-05,30v5,PE,PE,Polyunsaturated,both,NA,NA,13v30,NA,13v30,both,13v5,13v5
2,PE O-16:1_18:1,-4.98853773036308,0.000330808432661318,13v30,PE,PE,Polyunsaturated,both,NA,NA,13v30,NA,13v30,both,13v5,13v5
2,PE O-16:1_18:1,3.51163736072541,0.00993972455409141,3v5,PE,PE,Polyunsaturated,both,NA,NA,13v30,NA,13v30,both,13v5,13v5
2,PE O-16:1_18:1,-6.63607619213902,4.94069161945347e-05,30v5,PE,PE,Polyunsaturated,both,NA,NA,13v30,NA,13v30,both,13v5,13v5
2,PE O-16:1_18:2,3.15315970213296,0.0155977540573209,3v5,PE,PE,Polyunsaturated,both,NA,NA,13v30,NA,13v30,both,13v5,13v5
2,PE O-16:1_18:2,-3.94866825480097,0.00142787765096377,30v5,PE,PE,Polyunsaturated,both,NA,NA,13v30,NA,13v30,both,13v5,13v5
2,PE O-16:1_22:6,3.07348004174258,0.00825928957838327,13v30,PE,PE,Polyunsaturated,both,NA,NA,13v30,NA,13v30,both,13v5,13v5
2,PE O-18:1_22:6,NA,NA,NA,NA,NA,NA,both,NA,NA,13v30,NA,13v30,both,13v5,13v5
2,PE O-18:2_18:2,NA,NA,NA,NA,NA,NA,both,NA,NA,13v30,NA,13v30,both,13v5,13v5
2,PE O-18:2_22:6,NA,NA,NA,NA,NA,NA,both,NA,NA,13v30,NA,13v30,both,13v5,13v5
2,PE O-22:6_16:1,2.9068033812627,0.0230509644388245,3v5,PE,PE,Polyunsaturated,both,NA,NA,13v30,NA,13v30,both,13v5,13v5
2,PE O-36:1,3.57090189345943,0.00993972455409141,3v5,PE,PE,Monounsaturated,both,NA,NA,13v30,NA,13v30,both,13v5,13v5
2,PE O-36:1,-3.54659834545008,0.00322284252084611,30v5,PE,PE,Monounsaturated,both,NA,NA,13v30,NA,13v30,both,13v5,13v5
2,PE O-36:3,3.94635516319644,0.00146770043312298,13v30,PE,PE,Polyunsaturated,both,NA,NA,13v30,NA,13v30,both,13v5,13v5
2,PE O-36:3,3.30821932425067,0.00397954491945476,30v5,PE,PE,Polyunsaturated,both,NA,NA,13v30,NA,13v30,both,13v5,13v5
2,PE O-36:4 Isomer B,2.51084478532373,0.0449793369392441,3v5,PE,PE,Polyunsaturated,both,NA,NA,13v30,NA,13v30,both,13v5,13v5
2,PE O-38:2,NA,NA,NA,NA,NA,NA,both,NA,NA,13v30,NA,13v30,both,13v5,13v5
2,PE O-38:6 Isomer B,NA,NA,NA,NA,NA,NA,both,NA,NA,13v30,NA,13v30,both,13v5,13v5
2,PE O-38:7,NA,NA,NA,NA,NA,NA,both,NA,NA,13v30,NA,13v30,both,13v5,13v5
2,PE O-40:5 Isomer B,NA,NA,NA,NA,NA,NA,both,NA,NA,13v30,NA,13v30,both,13v5,13v5
2,PE O-40:6 Isomer B,NA,NA,NA,NA,NA,NA,both,NA,NA,13v30,NA,13v30,both,13v5,13v5
2,PE O-40:8,NA,NA,NA,NA,NA,NA,both,NA,NA,13v30,NA,13v30,both,13v5,13v5
2,PE P-34:1 or PE O-34:2,-4.47383136738147,0.000662825613297581,13v30,PE,PE,Monounsaturated,both,NA,NA,13v30,NA,13v30,both,13v5,13v5
2,PE P-34:1 or PE O-34:2,3.07787540031318,0.0185552864100391,3v5,PE,PE,Monounsaturated,both,NA,NA,13v30,NA,13v30,both,13v5,13v5
2,PE P-34:1 or PE O-34:2,-6.10450194772435,9.039020756456e-05,30v5,PE,PE,Monounsaturated,both,NA,NA,13v30,NA,13v30,both,13v5,13v5
2,PE P-36:1 or PE O-36:2,-4.83586899959008,0.000411640911233097,13v30,PE,PE,Monounsaturated,both,NA,NA,13v30,NA,13v30,both,13v5,13v5
2,PE P-36:1 or PE O-36:2,3.90799318844652,0.00527801097969978,3v5,PE,PE,Monounsaturated,both,NA,NA,13v30,NA,13v30,both,13v5,13v5
2,PE P-36:1 or PE O-36:2,-6.72576375803111,4.94069161945347e-05,30v5,PE,PE,Monounsaturated,both,NA,NA,13v30,NA,13v30,both,13v5,13v5
2,PE P-36:4 or PE O-36:5,NA,NA,NA,NA,NA,NA,both,NA,NA,13v30,NA,13v30,both,13v5,13v5
2,PE P-36:5 or PE O-36:6,NA,NA,NA,NA,NA,NA,both,NA,NA,13v30,NA,13v30,both,13v5,13v5
2,PE P-38:4 or PE O-38:5 Isomer A,NA,NA,NA,NA,NA,NA,both,NA,NA,13v30,NA,13v30,both,13v5,13v5
2,PE P-38:4 or PE O-38:5 Isomer B,NA,NA,NA,NA,NA,NA,both,NA,NA,13v30,NA,13v30,both,13v5,13v5
2,PE P-38:5 or PE O-38:6,NA,NA,NA,NA,NA,NA,both,NA,NA,13v30,NA,13v30,both,13v5,13v5
2,PE P-40:5 or PE O-40:6,NA,NA,NA,NA,NA,NA,both,NA,NA,13v30,NA,13v30,both,13v5,13v5
2,PE-O 18:1_22:6,NA,NA,NA,NA,NA,NA,NA,NA,NA,NA,NA,NA,NA,NA,NA
2,PEtOH 16:0_16:1,NA,NA,NA,NA,NA,NA,NA,NA,NA,NA,NA,NA,NA,NA,NA
2,PEtOH 16:0_18:1,NA,NA,NA,NA,NA,NA,NA,NA,NA,NA,NA,NA,NA,NA,NA
2,PEtOH 16:0_20:4,NA,NA,NA,NA,NA,NA,NA,NA,NA,NA,NA,NA,NA,NA,NA
2,PEtOH 16:1_16:1,NA,NA,NA,NA,NA,NA,NA,NA,NA,NA,NA,NA,NA,NA,NA
2,PEtOH 16:1_18:1,NA,NA,NA,NA,NA,NA,NA,NA,NA,NA,NA,NA,NA,NA,NA
2,PEtOH 18:1_18:1,NA,NA,NA,NA,NA,NA,NA,NA,NA,NA,NA,NA,NA,NA,NA
2,PEtOH 18:1_20:4,NA,NA,NA,NA,NA,NA,NA,NA,NA,NA,NA,NA,NA,NA,NA
2,PG 36:2,NA,NA,NA,NA,NA,NA,both,NA,NA,NA,NA,13v30,NA,NA,13v5
2,PG 38:7,NA,NA,NA,NA,NA,NA,both,NA,NA,NA,NA,13v30,NA,NA,13v5
2,PG 44:12,2.63066856806171,0.0203360083325905,13v30,PG,Other,Polyunsaturated,both,NA,NA,NA,NA,13v30,NA,NA,13v5
2,PG 44:12,3.15549027169606,0.0155977540573209,3v5,PG,Other,Polyunsaturated,both,NA,NA,NA,NA,13v30,NA,NA,13v5
2,PI 18:0_20:2,NA,NA,NA,NA,NA,NA,both,NA,NA,NA,NA,13v30,both,NA,NA
2,PI 18:0_20:4,NA,NA,NA,NA,NA,NA,both,NA,NA,NA,NA,13v30,both,NA,NA
2,PI 18:1_22:4,NA,NA,NA,NA,NA,NA,both,NA,NA,NA,NA,13v30,both,NA,NA
2,PI 18:1_22:6,NA,NA,NA,NA,NA,NA,both,NA,NA,NA,NA,13v30,both,NA,NA
2,PI 34:1 Isomer A,NA,NA,NA,NA,NA,NA,both,NA,NA,NA,NA,13v30,both,NA,NA
2,PI 34:2,2.98112202148621,0.0079101762372217,13v30,PI,PI,Polyunsaturated,both,NA,NA,NA,NA,13v30,both,NA,NA
2,PI 36:3 Isomer B,NA,NA,NA,NA,NA,NA,both,NA,NA,NA,NA,13v30,both,NA,NA
2,PI 36:5,NA,NA,NA,NA,NA,NA,both,NA,NA,NA,NA,13v30,both,NA,NA
2,PI 38:4,NA,NA,NA,NA,NA,NA,both,NA,NA,NA,NA,13v30,both,NA,NA
2,PI 38:5,NA,NA,NA,NA,NA,NA,both,NA,NA,NA,NA,13v30,both,NA,NA
2,PMeOH 16:0_18:1,5.22084304441431,0.00063674966558872,3v5,PMeOH,Other,Monounsaturated,NA,NA,NA,NA,NA,NA,NA,NA,NA
2,PMeOH 16:0_18:2,7.45601493672945,1.61876663772442e-06,13v30,PMeOH,Other,Polyunsaturated,NA,NA,NA,NA,NA,NA,NA,NA,NA
2,PMeOH 16:0_18:2,4.40349746416102,0.00223280065614986,3v5,PMeOH,Other,Polyunsaturated,NA,NA,NA,NA,NA,NA,NA,NA,NA
2,PMeOH 36:4,3.41606588731589,0.0119304292030971,3v5,PMeOH,Other,Polyunsaturated,NA,NA,NA,NA,NA,NA,NA,NA,NA
2,PS 16:0_22:4,NA,NA,NA,NA,NA,NA,both,NA,NA,NA,13v30,13v30,NA,NA,NA
2,PS 18:0_22:6,NA,NA,NA,NA,NA,NA,both,NA,NA,NA,13v30,13v30,NA,NA,NA
2,PS 34:1,NA,NA,NA,NA,NA,NA,both,NA,NA,NA,13v30,13v30,NA,NA,NA
2,PS 36:1,NA,NA,NA,NA,NA,NA,both,NA,NA,NA,13v30,13v30,NA,NA,NA
2,PS 36:2,NA,NA,NA,NA,NA,NA,both,NA,NA,NA,13v30,13v30,NA,NA,NA
2,PS 38:5|PS 18:0_20:5,NA,NA,NA,NA,NA,NA,both,NA,NA,NA,13v30,13v30,NA,NA,NA
2,PS 40:5,NA,NA,NA,NA,NA,NA,both,NA,NA,NA,13v30,13v30,NA,NA,NA
2,Phosphatidylethanolamine alkenyl 16:0-20:4,NA,NA,NA,NA,NA,NA,NA,NA,NA,NA,NA,NA,NA,NA,NA
2,Phosphatidylethanolamine alkenyl 18:0-18:2,-2.25297469936101,0.0408973770662504,13v30,PE,PE,Polyunsaturated,NA,NA,NA,NA,NA,NA,NA,NA,NA
2,Phosphatidylethanolamine alkenyl 18:0-18:2,3.06054370384247,0.018805950643678,3v5,PE,PE,Polyunsaturated,NA,NA,NA,NA,NA,NA,NA,NA,NA
2,Phosphatidylethanolamine alkenyl 18:0-18:2,-3.71206130906128,0.0025877488890223,30v5,PE,PE,Polyunsaturated,NA,NA,NA,NA,NA,NA,NA,NA,NA
2,SM 29:2;2O/8:0,NA,NA,NA,NA,NA,NA,NA,NA,NA,13v30,NA,13v30,NA,NA,NA
2,SM 35:1;2O,NA,NA,NA,NA,NA,NA,NA,NA,NA,13v30,NA,13v30,NA,NA,NA
2,SM 37:4;3O,3.80859977163053,0.00236228352454689,13v30,SM,Other,Polyunsaturated,NA,NA,NA,13v30,NA,13v30,NA,NA,NA
2,SM 37:4;3O,3.34494419837494,0.00428719379341661,30v5,SM,Other,Polyunsaturated,NA,NA,NA,13v30,NA,13v30,NA,NA,NA
2,SM 41:3;3O,NA,NA,NA,NA,NA,NA,NA,NA,NA,13v30,NA,13v30,NA,NA,NA
2,SM d30:1,NA,NA,NA,NA,NA,NA,NA,NA,NA,13v30,NA,13v30,NA,NA,NA
2,SM d31:1,NA,NA,NA,NA,NA,NA,NA,NA,NA,13v30,NA,13v30,NA,NA,NA
2,SM d32:0,-4.55126904572554,0.000318660141003155,13v30,SM,Other,Saturated,NA,NA,NA,13v30,NA,13v30,NA,NA,NA
2,SM d32:0,-4.29390460404092,0.000646718301302939,30v5,SM,Other,Saturated,NA,NA,NA,13v30,NA,13v30,NA,NA,NA
2,SM d32:0 Isomer B,-5.297075283973,7.87886383662522e-05,13v30,SM,Other,Saturated,NA,NA,NA,13v30,NA,13v30,NA,NA,NA
2,SM d32:0 Isomer B,-5.50520520837812,0.000116575874461059,30v5,SM,Other,Saturated,NA,NA,NA,13v30,NA,13v30,NA,NA,NA
2,SM d32:1 Isomer A,NA,NA,NA,NA,NA,NA,NA,NA,NA,13v30,NA,13v30,NA,NA,NA
2,SM d32:1 Isomer B,-2.62337262981344,0.017154949135504,13v30,SM,Other,Monounsaturated,NA,NA,NA,13v30,NA,13v30,NA,NA,NA
2,SM d32:1 Isomer B,-2.92874909513611,0.00928315673120529,30v5,SM,Other,Monounsaturated,NA,NA,NA,13v30,NA,13v30,NA,NA,NA
2,SM d32:2,NA,NA,NA,NA,NA,NA,NA,NA,NA,13v30,NA,13v30,NA,NA,NA
2,SM d33:1,NA,NA,NA,NA,NA,NA,NA,NA,NA,13v30,NA,13v30,NA,NA,NA
2,SM d34:0,-5.65950160566609,5.32527404467818e-05,13v30,SM,Other,Saturated,NA,NA,NA,13v30,NA,13v30,NA,NA,NA
2,SM d34:0,-5.07647592458095,0.000204047059475581,30v5,SM,Other,Saturated,NA,NA,NA,13v30,NA,13v30,NA,NA,NA
2,SM d34:1 Isomer A,NA,NA,NA,NA,NA,NA,NA,NA,NA,13v30,NA,13v30,NA,NA,NA
2,SM d34:1 Isomer B,-3.30550656328375,0.00413048190847761,13v30,SM,Other,Monounsaturated,NA,NA,NA,13v30,NA,13v30,NA,NA,NA
2,SM d34:1 Isomer B,-3.78795803278967,0.00173046321905145,30v5,SM,Other,Monounsaturated,NA,NA,NA,13v30,NA,13v30,NA,NA,NA
2,SM d34:2,NA,NA,NA,NA,NA,NA,NA,NA,NA,13v30,NA,13v30,NA,NA,NA
2,SM d35:1,NA,NA,NA,NA,NA,NA,NA,NA,NA,13v30,NA,13v30,NA,NA,NA
2,SM d35:2,NA,NA,NA,NA,NA,NA,NA,NA,NA,13v30,NA,13v30,NA,NA,NA
2,SM d36:0,-5.65701814436963,6.96941115658125e-05,13v30,SM,Other,Saturated,NA,NA,NA,13v30,NA,13v30,NA,NA,NA
2,SM d36:0,-4.87230859536536,0.000240645924528144,30v5,SM,Other,Saturated,NA,NA,NA,13v30,NA,13v30,NA,NA,NA
2,SM d36:1 Isomer A,NA,NA,NA,NA,NA,NA,NA,NA,NA,13v30,NA,13v30,NA,NA,NA
2,SM d36:1 Isomer B,-3.17527192327962,0.00544388121856938,13v30,SM,Other,Monounsaturated,NA,NA,NA,13v30,NA,13v30,NA,NA,NA
2,SM d36:1 Isomer B,-3.70396344879302,0.00173046321905145,30v5,SM,Other,Monounsaturated,NA,NA,NA,13v30,NA,13v30,NA,NA,NA
2,SM d36:2 Isomer A,NA,NA,NA,NA,NA,NA,NA,NA,NA,13v30,NA,13v30,NA,NA,NA
2,SM d36:4,NA,NA,NA,NA,NA,NA,NA,NA,NA,13v30,NA,13v30,NA,NA,NA
2,SM d37:1,-2.47124478624566,0.0244807852201224,13v30,SM,Other,Monounsaturated,NA,NA,NA,13v30,NA,13v30,NA,NA,NA
2,SM d37:1,-3.09831091379595,0.00610854858379821,30v5,SM,Other,Monounsaturated,NA,NA,NA,13v30,NA,13v30,NA,NA,NA
2,SM d38:1,-3.86213434761315,0.00142736268824094,13v30,SM,Other,Monounsaturated,NA,NA,NA,13v30,NA,13v30,NA,NA,NA
2,SM d38:1,-4.18560963452369,0.000743493238654536,30v5,SM,Other,Monounsaturated,NA,NA,NA,13v30,NA,13v30,NA,NA,NA
2,SM d38:2 Isomer A,NA,NA,NA,NA,NA,NA,NA,NA,NA,13v30,NA,13v30,NA,NA,NA
2,SM d38:2 Isomer B,3.04922861346189,0.0189267741556297,3v5,SM,Other,Polyunsaturated,NA,NA,NA,13v30,NA,13v30,NA,NA,NA
2,SM d38:2 Isomer B,-2.3939647520295,0.0279092231155895,30v5,SM,Other,Polyunsaturated,NA,NA,NA,13v30,NA,13v30,NA,NA,NA
2,SM d39:2,-3.08352909018573,0.00570670102533347,30v5,NA,NA,NA,NA,NA,NA,13v30,NA,13v30,NA,NA,NA
2,SM d40:2 Isomer B,NA,NA,NA,NA,NA,NA,NA,NA,NA,13v30,NA,13v30,NA,NA,NA
2,SM d41:2 Isomer A,-4.15955932891722,0.00118062789225388,30v5,NA,NA,NA,NA,NA,NA,13v30,NA,13v30,NA,NA,NA
2,SM d42:2 Isomer B,-2.77896000558684,0.0136957103059844,30v5,NA,NA,NA,NA,NA,NA,13v30,NA,13v30,NA,NA,NA
2,TG 14:0_16:0_17:1,NA,NA,NA,NA,NA,NA,NA,NA,NA,NA,NA,NA,NA,NA,NA
2,TG 16:0_18:1_20:0,NA,NA,NA,NA,NA,NA,NA,NA,NA,NA,NA,NA,NA,NA,NA
2,TG 16:2_18:2_18:3,NA,NA,NA,NA,NA,NA,NA,NA,NA,NA,NA,NA,NA,NA,NA
2,TG 18:0_18:1_22:0,NA,NA,NA,NA,NA,NA,NA,NA,NA,NA,NA,NA,NA,NA,NA
2,TG 19:2_19:2_19:2,NA,NA,NA,NA,NA,NA,NA,NA,NA,NA,NA,NA,NA,NA,NA
2,TG 42:0,NA,NA,NA,NA,NA,NA,NA,NA,NA,NA,NA,NA,NA,NA,NA
2,TG 44:0,NA,NA,NA,NA,NA,NA,NA,NA,NA,NA,NA,NA,NA,NA,NA
2,TG 46:0,NA,NA,NA,NA,NA,NA,NA,NA,NA,NA,NA,NA,NA,NA,NA
2,TG 46:1,4.01351099022137,0.000798673503104063,30v5,NA,NA,NA,NA,NA,NA,NA,NA,NA,NA,NA,NA
2,TG 46:2,NA,NA,NA,NA,NA,NA,NA,NA,NA,NA,NA,NA,NA,NA,NA
2,TG 48:0,NA,NA,NA,NA,NA,NA,NA,NA,NA,NA,NA,NA,NA,NA,NA
2,TG 48:1,NA,NA,NA,NA,NA,NA,NA,NA,NA,NA,NA,NA,NA,NA,NA
2,TG 48:2,NA,NA,NA,NA,NA,NA,NA,NA,NA,NA,NA,NA,NA,NA,NA
2,TG 49:0,NA,NA,NA,NA,NA,NA,NA,NA,NA,NA,NA,NA,NA,NA,NA
2,TG 50:0,4.30608660340958,0.000408924237395357,13v30,TG,TG,Saturated,NA,NA,NA,NA,NA,NA,NA,NA,NA
2,TG 50:1,NA,NA,NA,NA,NA,NA,NA,NA,NA,NA,NA,NA,NA,NA,NA
2,TG 50:2,5.62883634042049,3.14238938104965e-05,13v30,TG,TG,Polyunsaturated,NA,NA,NA,NA,NA,NA,NA,NA,NA
2,TG 50:2,4.64391536780192,0.000249099991009816,30v5,TG,TG,Polyunsaturated,NA,NA,NA,NA,NA,NA,NA,NA,NA
2,TG 50:2,5.22299998350733,0.000110990032816039,30v5,TG,TG,Polyunsaturated,NA,NA,NA,NA,NA,NA,NA,NA,NA
2,TG 50:3 Isomer A,NA,NA,NA,NA,NA,NA,NA,NA,NA,NA,NA,NA,NA,NA,NA
2,TG 50:3|TG 16:0_16:1_18:2,NA,NA,NA,NA,NA,NA,NA,NA,NA,NA,NA,NA,NA,NA,NA
2,TG 50:4,NA,NA,NA,NA,NA,NA,NA,NA,NA,NA,NA,NA,NA,NA,NA
2,TG 51:1 Isomer B,NA,NA,NA,NA,NA,NA,NA,NA,NA,NA,NA,NA,NA,NA,NA
2,TG 51:3,NA,NA,NA,NA,NA,NA,NA,NA,NA,NA,NA,NA,NA,NA,NA
2,TG 52:0,NA,NA,NA,NA,NA,NA,NA,NA,NA,NA,NA,NA,NA,NA,NA
2,TG 52:1,NA,NA,NA,NA,NA,NA,NA,NA,NA,NA,NA,NA,NA,NA,NA
2,TG 52:3,3.519940686408,0.00427975248438039,13v30,TG,TG,Polyunsaturated,NA,NA,NA,NA,NA,NA,NA,NA,NA
2,TG 52:3,2.97808749160025,0.0112843756961362,30v5,TG,TG,Polyunsaturated,NA,NA,NA,NA,NA,NA,NA,NA,NA
2,TG 52:3|TG 16:0_18:1_18:2,NA,NA,NA,NA,NA,NA,NA,NA,NA,NA,NA,NA,NA,NA,NA
2,TG 52:4,3.79213441281697,0.00262830405343915,13v30,TG,TG,Polyunsaturated,NA,NA,NA,NA,NA,NA,NA,NA,NA
2,TG 52:5,3.02164600598275,0.0087323487187607,13v30,TG,TG,Polyunsaturated,NA,NA,NA,NA,NA,NA,NA,NA,NA
2,TG 52:5,2.3857295372777,0.0320195770756186,30v5,TG,TG,Polyunsaturated,NA,NA,NA,NA,NA,NA,NA,NA,NA
2,TG 52:6,NA,NA,NA,NA,NA,NA,NA,NA,NA,NA,NA,NA,NA,NA,NA
2,TG 53:1,NA,NA,NA,NA,NA,NA,NA,NA,NA,NA,NA,NA,NA,NA,NA
2,TG 53:4,NA,NA,NA,NA,NA,NA,NA,NA,NA,NA,NA,NA,NA,NA,NA
2,TG 53:6,NA,NA,NA,NA,NA,NA,NA,NA,NA,NA,NA,NA,NA,NA,NA
2,TG 54:0,NA,NA,NA,NA,NA,NA,NA,NA,NA,NA,NA,NA,NA,NA,NA
2,TG 54:1,NA,NA,NA,NA,NA,NA,NA,NA,NA,NA,NA,NA,NA,NA,NA
2,TG 54:2,6.65140091220439,3.81124502952821e-06,13v30,TG,TG,Polyunsaturated,NA,NA,NA,NA,NA,NA,NA,NA,NA
2,TG 54:3|TG 18:0_18:1_18:2,NA,NA,NA,NA,NA,NA,NA,NA,NA,NA,NA,NA,NA,NA,NA
2,TG 54:4,NA,NA,NA,NA,NA,NA,NA,NA,NA,NA,NA,NA,NA,NA,NA
2,TG 54:5 Isomer A,6.07852748810898,1.05834450031888e-05,13v30,TG,TG,Polyunsaturated,NA,NA,NA,NA,NA,NA,NA,NA,NA
2,TG 54:5 Isomer A,2.953616424945,0.0220438487164076,3v5,TG,TG,Polyunsaturated,NA,NA,NA,NA,NA,NA,NA,NA,NA
2,TG 54:5|TG 18:1_18:2_18:2,NA,NA,NA,NA,NA,NA,NA,NA,NA,NA,NA,NA,NA,NA,NA
2,TG 54:6 Isomer A,NA,NA,NA,NA,NA,NA,NA,NA,NA,NA,NA,NA,NA,NA,NA
2,TG 54:6 Isomer C,NA,NA,NA,NA,NA,NA,NA,NA,NA,NA,NA,NA,NA,NA,NA
2,TG 55:7,NA,NA,NA,NA,NA,NA,NA,NA,NA,NA,NA,NA,NA,NA,NA
2,TG 56:1,NA,NA,NA,NA,NA,NA,NA,NA,NA,NA,NA,NA,NA,NA,NA
2,TG 56:2 Isomer A,NA,NA,NA,NA,NA,NA,NA,NA,NA,NA,NA,NA,NA,NA,NA
2,TG 56:2 Isomer B,NA,NA,NA,NA,NA,NA,NA,NA,NA,NA,NA,NA,NA,NA,NA
2,TG 56:3|TG 18:1_18:1_20:1,NA,NA,NA,NA,NA,NA,NA,NA,NA,NA,NA,NA,NA,NA,NA
2,TG 56:5 Isomer A,NA,NA,NA,NA,NA,NA,NA,NA,NA,NA,NA,NA,NA,NA,NA
2,TG 56:6,NA,NA,NA,NA,NA,NA,NA,NA,NA,NA,NA,NA,NA,NA,NA
2,TG 56:7 Isomer B,NA,NA,NA,NA,NA,NA,NA,NA,NA,NA,NA,NA,NA,NA,NA
2,TG 58:2,NA,NA,NA,NA,NA,NA,NA,NA,NA,NA,NA,NA,NA,NA,NA
2,TG 58:3|TG 18:1_20:1_20:1,NA,NA,NA,NA,NA,NA,NA,NA,NA,NA,NA,NA,NA,NA,NA
2,TG 58:4,NA,NA,NA,NA,NA,NA,NA,NA,NA,NA,NA,NA,NA,NA,NA
2,TG 64:1,NA,NA,NA,NA,NA,NA,NA,NA,NA,NA,NA,NA,NA,NA,NA
2,TG 8:0_10:0_18:1,NA,NA,NA,NA,NA,NA,NA,NA,NA,NA,NA,NA,NA,NA,NA
2,Taurine,2.79879130111717,0.0108217829980127,30v5,NA,NA,NA,NA,NA,NA,NA,NA,NA,NA,NA,NA
2,arachidonoylthiophosphorylcholine,NA,NA,NA,NA,NA,NA,NA,NA,NA,NA,NA,NA,NA,NA,NA
