"Term ID","Discription","Annotated","Significant","Expected","p-value","FDR q-value"
"LION:0000030","diacylglycerophosphocholines [GP0101]",115,30,20.4,"0.0061","0.508"
"LION:0080982","above average lateral diffusion",36,12,6.39,"0.0140","0.508"
"LION:0080973","below average bilayer thickness",37,12,6.56,"0.0177","0.508"
"LION:0000465","neutral intrinsic curvature",173,39,30.69,"0.0246","0.508"
"LION:0080980","very high lateral diffusion",22,8,3.9,"0.0263","0.508"
"LION:0080969","low bilayer thickness",23,8,4.08,"0.0346","0.508"
"LION:0000095","headgroup with positive charge / zwitter-ion",275,56,48.78,"0.0434","0.508"
"LION:0012080","endoplasmic reticulum (ER)",281,57,49.84,"0.0438","0.508"
"LION:0000010","glycerophosphocholines [GP01]",179,39,31.75,"0.0453","0.508"
"LION:0001741","below average transition temperature",39,11,6.92,"0.0633","0.638"
"LION:0001736","low transition temperature",26,8,4.61,"0.0695","0.638"
"LION:0041265","PC(35:3)",3,2,0.53,"0.0826","0.642"
"LION:0041336","PC(39:6)",3,2,0.53,"0.0826","0.642"
"LION:0000038","diacylglycerophosphoethanolamines [GP0201]",23,7,4.08,"0.0926","0.668"
"LION:0000190","PC(38:7)",4,2,0.71,"0.1464","0.971"
"LION:0001739","very high transition temperature",8,3,1.42,"0.1539","0.971"
"LION:0000464","negative intrinsic curvature",88,19,15.61,"0.1832","1.000"
"LION:0000003","glycerophospholipids [GP]",260,50,46.12,"0.1999","1.000"
"LION:0000002","glycerolipids [GL]",69,15,12.24,"0.2164","1.000"
"LION:0012010","membrane component",309,58,54.81,"0.2395","1.000"
"LION:0080968","very low bilayer thickness",15,4,2.66,"0.2667","1.000"
"LION:0080979","high lateral diffusion",15,4,2.66,"0.2667","1.000"
"LION:0000607","diacylglycerols [GL0201]",6,2,1.06,"0.2889","1.000"
"LION:0000622","triacylglycerols [GL0301]",63,13,11.18,"0.3113","1.000"
"LION:0012011","lipid storage",63,13,11.18,"0.3113","1.000"
"LION:0012084","lipid droplet",63,13,11.18,"0.3113","1.000"
"LION:0000094","headgroup with neutral charge",74,15,13.13,"0.3171","1.000"
"LION:0012441","N-acylsphingosines (ceramides) [SP0201]",32,7,5.68,"0.3327","1.000"
"LION:0002923","C18:2",17,4,3.02,"0.3551","1.000"
"LION:0001735","very low transition temperature",13,3,2.31,"0.4137","1.000"
"LION:0022242","C19:1",3,1,0.53,"0.4441","1.000"
"LION:0000011","glycerophosphoethanolamines [GP02]",59,11,10.47,"0.4833","1.000"
"LION:0000040","1-(1z-alkenyl),2-acylglycerophosphoethanolamines [GP0203]",9,2,1.6,"0.4943","1.000"
"LION:0000031","1-alkyl,2-acylglycerophosphocholines [GP0102]",27,5,4.79,"0.5398","1.000"
"LION:0002958","fatty acids with 19 carbons",4,1,0.71,"0.5434","1.000"
"LION:0001734","contains vinyl ether bond (plasmalogen)",33,6,5.85,"0.5490","1.000"
"LION:0012081","mitochondrion",62,11,11,"0.5598","1.000"
"LION:0002970","fatty acid with 2 double bonds",22,4,3.9,"0.5690","1.000"
"LION:0000004","sphingolipids [SP]",74,13,13.13,"0.5733","1.000"
"LION:0012009","lipid-mediated signalling",58,10,10.29,"0.6034","1.000"
"LION:0001740","above average transition temperature",23,4,4.08,"0.6073","1.000"
"LION:0000032","1-(1z-alkenyl),2-acylglycerophosphocholines [GP0103]",24,4,4.26,"0.6435","1.000"
"LION:0012082","plasma membrane",78,13,13.84,"0.6613","1.000"
"LION:0000084","ceramide phosphocholines (sphingomyelins) [SP0301]",37,6,6.56,"0.6715","1.000"
"LION:0002930","C20:5",6,1,1.06,"0.6924","1.000"
"LION:0012086","endosome/lysosome",38,6,6.74,"0.6987","1.000"
"LION:0000042","monoacylglycerophosphoethanolamines [GP0205]",8,1,1.42,"0.7931","1.000"
"LION:0000467","contains ether-bond",44,6,7.8,"0.8303","1.000"
"LION:0002882","C16:0",25,3,4.43,"0.8533","1.000"
"LION:0002929","C20:4",10,1,1.77,"0.8612","1.000"
"LION:0002900","C16:1",12,1,2.13,"0.9070","1.000"
"LION:0002955","fatty acid with 16 carbons",36,4,6.39,"0.9121","1.000"
"LION:0002949","fatty acid with 19-21 carbons",32,3,5.68,"0.9465","1.000"
"LION:0001738","high transition temperature",15,1,2.66,"0.9492","1.000"
"LION:0002972","fatty acid with 4 double bonds",15,1,2.66,"0.9492","1.000"
"LION:0080978","average lateral diffusion",15,1,2.66,"0.9492","1.000"
"LION:0002977","fatty acid with 3-5 double bonds",25,2,4.43,"0.9558","1.000"
"LION:0002957","fatty acid with 18 carbons",56,6,9.93,"0.9580","1.000"
"LION:0000039","1-alkyl,2-acylglycerophosphoethanolamines [GP0202]",17,1,3.02,"0.9662","1.000"
"LION:0002921","C18:0",17,1,3.02,"0.9662","1.000"
"LION:0002959","fatty acid with 20 carbons",27,2,4.79,"0.9687","1.000"
"LION:0001737","average transition temperature",19,1,3.37,"0.9775","1.000"
"LION:0000599","lysoglycerophospholipids",20,1,3.55,"0.9817","1.000"
"LION:0002967","polyunsaturated fatty acid",56,5,9.93,"0.9848","1.000"
"LION:0002922","C18:1",24,1,4.26,"0.9920","1.000"
"LION:0002976","fatty acid with more than 3 double bonds",38,2,6.74,"0.9958","1.000"
"LION:0002969","monounsaturated fatty acid",42,2,7.45,"0.9980","1.000"
"LION:0002968","saturated fatty acid",52,3,9.22,"0.9981","1.000"
"LION:0002948","fatty acid with 16-18 carbons",79,6,14.01,"0.9986","1.000"
"LION:0000100","fatty acid with 18 carbons or less",81,6,14.37,"0.9990","1.000"
"LION:0000466","positive intrinsic curvature",35,1,6.21,"0.9992","1.000"
"LION:0002945","fatty acid with more than 18 carbons",59,3,10.47,"0.9995","1.000"
"LION:0002966","fatty acid with less than 2 double bonds",85,5,15.08,"0.9999","1.000"
"LION:0000001","fatty acids [FA]",8,0,1.42,"1.0000","1.000"
"LION:0000013","glycerophosphoserines [GP03]",8,0,1.42,"1.0000","1.000"
"LION:0000034","monoacylglycerophosphocholines [GP0105]",11,0,1.95,"1.0000","1.000"
"LION:0000047","diacylglycerophosphoinositols [GP0601]",11,0,1.95,"1.0000","1.000"
"LION:0000053","diacylglycerophosphoserines [GP0301]",7,0,1.24,"1.0000","1.000"
"LION:0000059","diacylglycerophosphoglycerols [GP0401]",3,0,0.53,"1.0000","1.000"
"LION:0000093","headgroup with negative charge",30,0,5.32,"1.0000","1.000"
"LION:0000259","C14:0",3,0,0.53,"1.0000","1.000"
"LION:0001742","fatty acids and conjugates [FA01]",8,0,1.42,"1.0000","1.000"
"LION:0002925","C20:0",3,0,0.53,"1.0000","1.000"
"LION:0002926","C20:1",4,0,0.71,"1.0000","1.000"
"LION:0002927","C20:2",3,0,0.53,"1.0000","1.000"
"LION:0002935","C22:4",4,0,0.71,"1.0000","1.000"
"LION:0002937","C22:6",13,0,2.31,"1.0000","1.000"
"LION:0002947","fatty acid with 13-15 carbons",4,0,0.71,"1.0000","1.000"
"LION:0002950","fatty acid with 22-24 carbons",24,0,4.26,"1.0000","1.000"
"LION:0002951","fatty acid with more than 24 carbons",3,0,0.53,"1.0000","1.000"
"LION:0002956","fatty acid with 17 carbons",3,0,0.53,"1.0000","1.000"
"LION:0002961","fatty acid with 22 carbons",22,0,3.9,"1.0000","1.000"
"LION:0002971","fatty acid with 3 double bonds",4,0,0.71,"1.0000","1.000"
"LION:0012017","hexosylceramides",5,0,0.89,"1.0000","1.000"
"LION:0071625","PE(O-38:7)",3,0,0.53,"1.0000","1.000"
"LION:0080970","average bilayer thickness",15,0,2.66,"1.0000","1.000"
"LION:0080971","high bilayer thickness",10,0,1.77,"1.0000","1.000"
"LION:0080972","very high bilayer thickness",3,0,0.53,"1.0000","1.000"
"LION:0080974","above average bilayer thickness",12,0,2.13,"1.0000","1.000"
"LION:0080977","low lateral diffusion",14,0,2.48,"1.0000","1.000"
"LION:0080981","below average lateral diffusion",16,0,2.84,"1.0000","1.000"
