identifier,VIP
PE P-36:1 or PE O-36:2,2.56844706563348
PE O-16:1_18:1 ,2.480513351687
2.19_548.46,2.44865919994802
2.39_770.60,2.4344306749658
PC O-36:1 ,2.43149718083346
2.19_546.47,2.42340327721365
PE P-34:1 or PE O-34:2 ,2.40544954124511
2.32_560.48,2.39190256414976
Cer d34:0 ,2.38596590612978
2.73_830.63,2.37059192619498
2.45_576.50,2.35946894024717
PC P-36:1 or PC O-36:2,2.34429360831149
2.73_806.58,2.34114243695071
PE 36:1 ,2.31410294676555
2.57_798.64,2.30624456495294
PC P-36:2 or PC O-36:3 ,2.30100757816642
2.67_714.54,2.29593570694767
2.77_832.64,2.2917813984098
PC 36:1 Isomer B,2.28673187923816
PC 36:1 Isomer A,2.27356209267662
PC O-34:0 Isomer A,2.27123413091136
2.19_570.51,2.26843514354511
PC O-38:2|PC O-12:0_26:2,2.26657876112553
PC O-34:1|PC O-16:0_18:1,2.21987093626413
2.71_602.53,2.21595143417876
PC O-34:2|PC O-16:1_18:1,2.21381190188725
PE 34:1 ,2.20671662079719
PC O-34:0 Isomer B,2.19461272559585
2.70_626.57,2.18849601992948
PC O-18:0_16:0 ,2.18520977835364
PC 18:0_18:1 ,2.17277416386169
PC P-34:1 or PC O-34:2,2.1654777689932
PC 31:1,2.10917936514442
2.64_818.62,2.09226633973465
PC P-34:0 or PC O-34:1 ,2.08757549082238
PC-O 16:0_18:1 ,2.08372036235621
Cer-NDS d36:0 ,2.07949133450435
SM d38:1 ,2.06895074080256
0.74_608.36,2.06314934843004
Phosphatidylethanolamine alkenyl 18:0-18:2 ,2.05769954540343
2.56_702.54,2.03874110461662
PC P-36:1 or PC O-36:2 ,2.02067083904145
2.37_720.59,2.01015440669036
PE O-36:1 ,1.99276419915446
2.55_782.57,1.99223321706095
PE 34:0 ,1.98128647848643
PE 40:7|PE 18:1_22:6,1.97710234455655
2.53_780.57,1.97040635203148
PE O-16:1_18:2 ,1.95766059309327
PC O-35:2|PC O-17:1_18:1,1.95737554774244
PC 34:0,1.95425037588341
2.32_758.61,1.95289790156281
1.56_878.50,1.94755172132753
PC P-34:1 or PC O-34:2 ,1.93708621640991
SM d32:0 Isomer B ,1.92282133921537
SM d36:0 ,1.9207365066093
LNAPE 18:1/N-20:0 ,1.91311374638798
0.21_130.09,1.90915632766905
0.20_166.09,1.88304216230223
2.49_778.55,1.88275682136348
2.33_705.49,1.87824144918844
PC 19:1 ,1.86897416691024
0.21_116.07,1.86069665462063
SM d37:1 ,1.84876939387244
0.21_164.07,1.8412845563231
2.46_784.61,1.82917401220052
2.24_732.60,1.82223261458951
PC 38:4|PC 19:2_19:2,1.81324525773823
2.24_744.59,1.81125171787284
2.61_816.61,1.80461135048214
SM d34:0 ,1.801153023799
PC O-33:0 ,1.79788453422428
1.61_802.54,1.79023798887899
2.52_716.56,1.77479886126311
2.23_756.58,1.76940804650764
SM d36:1 Isomer B,1.74239146049095
0.21_246.07,1.74117508147878
1.70_758.48,1.74107218723842
1.94_786.51,1.74035168430749
0.21_212.09,1.73613377955806
SM d41:2 Isomer A ,1.73397201335878
2.38_802.59,1.73284217494026
2.03_820.47,1.71743974094262
PC O-31:0,1.71140429859038
1.86_862.56,1.69985905646085
DG 38:6 ,1.69769640969586
PC O-32:1|PC O-14:0_18:1,1.69617982885256
PC 18:2_20:5 ,1.69225771778846
SM d32:0 ,1.69022436571107
GlcCer d42:2 ,1.68165240311194
2.28_688.53,1.67053560270698
PE 38:7|PE 18:2_20:5 Isomer B,1.66062278690824
1.73_804.56,1.65899945787514
PC 18:0_22:6 ,1.64555261288882
SM d36:1 Isomer A,1.64265837812042
SM d38:2 Isomer B,1.62796882123943
LPE O-18:1 ,1.61772706204492
2.21_775.60,1.61491172337808
PC O-29:2|PC O-13:1_16:1,1.6018169780115
PC O-34:3|PC O-16:2_18:1,1.60113997851015
1.87_795.52,1.60021734329282
1.76_826.55,1.59595439962807
MGDG 16:0_20:5 ,1.59284770747028
Cer 18:0;2O_20:0 ,1.58480402813192
PC O-34:5|PC O-14:0_20:5,1.5704170092607
2.29_672.50,1.56827868921047
2.85_802.67,1.568216339433
2.46_782.60,1.56737021899565
PE 38:6|PE 19:3_19:3,1.56671070303049
2.08_789.54,1.56170628313167
2.09_702.54,1.55980582411105
0.21_148.04,1.55631842214261
PS 38:7;O3|PS 22:6_16:1;O3,1.5479796661675
2.14_766.52,1.54748575126991
1.97_814.52,1.54462829257235
PC 33:2 Isomer A,1.543289564167
2.12_788.58,1.52859461666163
2.02_844.51,1.52436957105835
PC 36:5 Isomer B ,1.519700345888
PE P-38:4 or PE O-38:5 Isomer A,1.517347673139
SM d36:2 Isomer B,1.51341571416347
PE O-18:1_22:6 ,1.51069063676492
PE 38:6 Isomer B ,1.51062907656355
2.22_736.57,1.50755241677911
1.78_776.54,1.5011046634109
PC 38:7 ,1.49637064275889
2.30_604.51,1.49609228816132
0.21_203.08,1.49519368613084
1.69_778.54,1.49418827748756
PC O-36:5,1.49222548514059
2.21_728.55,1.489112295432
2.03_762.57,1.48738176929645
PC 34:3 ,1.48699180915114
PE P-38:4 or PE O-38:5 Isomer B,1.48618697178663
2.11_800.54,1.4861688478494
2.09_750.51,1.48586901060302
1.81_734.48,1.48035941079112
2.17_742.56,1.47820301393384
SM d40:2 Isomer B ,1.4765357882123
1.97_816.52,1.47464550635322
2.12_730.58,1.47303025621715
2.01_735.56,1.4726097576161
1.51_853.49,1.46534752666354
2.17_872.56,1.46123562942317
PC O-38:8,1.46075007407235
3.98_947.88,1.45770545344315
PC 34:2 Isomer A,1.45310298703507
1.87_796.55,1.45218746711497
1.84_788.53,1.45218277850839
FAHFA 46:0 ,1.45058846821336
PC O-32:0 ,1.44972221103528
1.92_623.50,1.44754212471776
PC 41:6,1.44373755303335
3.84_666.68,1.4431340265775
1.78_816.56,1.4383418732269
PC 36:4 Isomer A ,1.4367363026314
2.11_824.58,1.43437231209478
2.01_734.56,1.43370761706216
PC 16:0_18:2 ,1.43346829796788
2.50_764.58,1.42991225405745
PC 32:1 Isomer A,1.42879692222691
0.20_192.01,1.42581179478857
2.06_719.47,1.42362693155211
PC 34:2 Isomer B,1.42330297212348
2.19_765.53,1.42109770795862
PC 40:8 Isomer A,1.41984320105103
LPC O-18:0 ,1.41942625613263
2.17_760.55,1.41915721237372
2.39_699.52,1.41875695530773
1.48_546.41,1.41606674217158
1.82_735.49,1.41466964756656
1.96_870.55,1.4120163940362
2.03_791.56,1.4104551525243
PS 36:1 ,1.40966648710943
3.99_1013.94,1.4086630058671
0.67_524.34,1.40640793848666
SM d35:1 ,1.40133702291047
PC 37:9,1.39966791610517
PC O-41:11,1.39932014451017
2.09_752.51,1.39913904234431
0.21_230.05,1.39689579715253
SM d39:2 ,1.39536851906606
2.35_816.55,1.39509245995193
4.55_132.14,1.39465534916661
1.92_1528.04,1.39456202799661
PC 36:5 Isomer D ,1.39177722471364
LNAPE 16:1/N-20:4 ,1.38995705223783
2.41_790.59,1.38869273243899
PC 34:3 Isomer B ,1.38730493291198
0.20_156.04,1.38622281550938
PC 32:0 ,1.3855543188033
PC O-36:6|PC O-28:6_8:0,1.38511550135755
3.84_492.40,1.38168632925791
1.48_560.42,1.38019723350689
4.79_239.22,1.37907254626703
4.25_358.21,1.37885669714237
PC 40:6 Isomer B ,1.37440946129556
PC 32:1 Isomer B,1.37396777122353
2.22_730.58,1.37282235324126
1.90_776.53,1.37229951023517
2.25_612.59,1.37148629685119
PC 36:6 ,1.37128361576695
1.87_792.52,1.37111095837386
4.78_750.56,1.3685952986202
LPE 20:5,1.36815714535176
1.73_782.57,1.36670603104912
SM 29:2;2O/8:0 ,1.36608924809927
1.89_822.57,1.36154873935178
2.34_132.14,1.35887200697817
4.08_478.39,1.35818670632372
2.06_426.81,1.35684481465047
4.07_493.41,1.35658808334662
2.07_864.64,1.35489888407283
PS 36:2 ,1.35235869785011
4.26_493.41,1.35229755055461
TG 58:3|TG 18:1_20:1_20:1,1.3511353520197
4.49_392.28,1.35066247586805
4.76_479.39,1.34882592417299
3.54_492.40,1.34854480613947
PG 38:7 ,1.34811551235652
SM d34:1 Isomer B,1.3479808018977
1.69_623.50,1.34519568906584
2.38_826.63,1.34509732780127
DG 36:5 ,1.34339107810338
4.08_492.41,1.34251473290405
1.96_835.59,1.34170976128946
3.65_492.40,1.34107756687474
PC 16:0_22:6 ,1.3409335011402
1.53_879.50,1.34008241691349
TG 54:2 ,1.33973102708596
4.77_666.68,1.33953837060998
3.76_883.85,1.33939065758078
PC 40:7 Isomer B ,1.33893671826129
2.06_852.61,1.33711477164432
2.32_153.14,1.33589210514796
1.35_472.43,1.33414716086928
PC 40:7 ,1.33366204841942
3.59_869.83,1.33358940937636
1.46_493.41,1.33325460414078
2.06_842.53,1.33260520168916
4.78_446.32,1.33106831401219
PC 40:8 Isomer B,1.33004888539899
3.76_897.87,1.32990552926864
2.38_744.55,1.32960969693068
4.46_478.38,1.32714252329324
2.22_590.49,1.3271112773282
PE P-40:5 or PE O-40:6 ,1.32641783467614
4.44_764.57,1.32582128133332
PC O-35:5|PC O-15:0_20:5,1.32566714514301
0.20_114.06,1.32377738820393
1.43_549.42,1.3235513086209
2.61_626.53,1.32260947380975
1.96_723.52,1.32058595473431
1.87_786.54,1.32058455085423
TG 54:7 Isomer B ,1.32035214258302
4.25_1016.97,1.31946262939103
3.41_666.68,1.31746765787428
4.50_391.28,1.31711624523506
4.39_211.19,1.31693416586238
2.41_493.41,1.31688912302042
1.54_391.28,1.31623240335539
2.15_497.45,1.31555015717836
2.17_762.55,1.31300095062546
2.03_761.51,1.31282763793738
0.19_277.11,1.3123310066708
PE 36:5|PE 16:0_20:5,1.31188364316359
1.91_391.28,1.31138140179004
PC 36:5 Isomer A ,1.31025915476224
4.46_492.41,1.30945640625115
3.79_130.16,1.30927997538463
4.27_492.40,1.30766871911778
2.41_791.60,1.30721352664695
2.08_867.55,1.30630285407487
4.44_666.68,1.30562632746378
Cer d42:2 ,1.30548247737855
3.78_492.41,1.30544781108353
2.86_656.56,1.30468289842109
TG 52:3 ,1.30432764059041
2.53_587.55,1.30376162557512
2.42_492.40,1.30374160858578
2.23_609.53,1.30367135184616
3.64_225.21,1.30341704289034
PC P-38:3 or PC O-38:4,1.30338853825765
3.63_478.38,1.30308613043591
1.87_693.49,1.30243958389849
4.82_235.24,1.30219268330312
1.69_780.55,1.30208712910152
1.77_918.54,1.30204213092576
4.60_132.14,1.30146929335087
1.47_506.42,1.30132516468881
PC 34:1 Isomer B,1.30128504993708
PI 18:0_20:4 ,1.29937100514068
2.24_511.47,1.29884854793501
2.53_623.61,1.29883901039819
2.38_675.48,1.29839633159721
2.36_153.14,1.29831985644226
2.53_652.67,1.29826174582319
TG 56:6 ,1.29785340793202
3.41_815.79,1.29700159580637
4.73_450.35,1.29685169207074
4.83_368.42,1.29632896712331
1.82_733.48,1.29630869759014
PC O-31:0|PC O-15:0_16:0,1.29604816572
3.86_958.89,1.29492711555587
2.23_184.07,1.29461081285726
LPE 18:1 ,1.2943439982989
2.10_763.51,1.29399344543141
4.25_418.26,1.29372610604648
PS 16:0_22:4 ,1.29307072061439
2.63_610.54,1.29273848975325
4.73_153.14,1.29205537418386
PC O-38:7 ,1.29080450743038
4.24_225.20,1.29078759098908
4.58_391.28,1.29077885775885
2.01_627.54,1.28973618109551
4.24_484.28,1.2894473341305
2.99_666.68,1.28852962198702
4.76_493.41,1.28799346311351
2.34_130.16,1.28737160521963
4.86_439.20,1.28714659294667
2.00_1498.11,1.28689304329017
Cer d40:1 ,1.2863044359492
LPC 32:1 ,1.28591948605465
4.56_153.14,1.28590195113584
4.28_429.25,1.2852701395136
4.55_478.38,1.28512521604116
0.19_120.09,1.28509521461716
TG 54:6 Isomer C ,1.28499714904164
2.08_738.54,1.28468216283184
4.83_284.33,1.28446822962413
4.77_478.38,1.28431918668173
4.18_130.16,1.2841722579714
3.80_225.21,1.28340013742597
4.75_492.40,1.28324523277446
0.27_250.25,1.28311490586013
3.95_130.16,1.28305425381582
4.12_1040.97,1.28280241176317
3.77_450.35,1.28215703208183
4.79_139.12,1.28208409429332
2.45_878.63,1.28191412381301
2.68_665.59,1.28174432299111
4.18_186.22,1.28167619556259
TG 50:3 Isomer A ,1.28160533063384
1.70_866.57,1.28160411983286
4.78_170.17,1.27990537304823
LPE 18:2 ,1.27983918765275
1.75_794.53,1.27956961751756
1.66_881.52,1.27893224066962
4.06_130.16,1.27887148217479
4.71_520.42,1.27866233999044
4.75_394.24,1.27816531503557
1.39_449.34,1.27749983542701
1.47_478.39,1.27728451870351
2.54_391.28,1.27598344346193
3.94_153.14,1.27517960916218
4.82_249.25,1.27474644799944
4.61_492.40,1.27469842381944
4.44_638.65,1.27460263139397
4.43_750.56,1.2745977701623
2.34_492.40,1.27421286532108
2.24_552.56,1.27395741315156
4.80_225.21,1.27395498811289
2.63_624.61,1.27359452138698
2.29_537.53,1.27356904545088
4.44_652.67,1.27308640036922
4.86_499.24,1.27290462866879
1.46_492.41,1.2727450275387
4.53_448.32,1.27271127564391
1.90_864.53,1.27268148394993
4.25_478.38,1.27226313834448
2.19_132.14,1.27221243531667
3.80_478.38,1.27215196378262
1.93_711.50,1.27170243942947
3.18_666.68,1.27165011218479
0.21_145.06,1.27149209231198
1.76_824.57,1.27048330213974
2.16_598.57,1.26968354701523
2.19_153.14,1.26948122540586
4.12_988.94,1.26927038317047
4.67_492.41,1.26900664120745
PE O-38:6 Isomer B ,1.26899831825079
4.73_478.39,1.2688075405583
2.77_694.72,1.26762666305216
4.82_132.14,1.26694538326795
2.48_725.54,1.26689080677676
2.77_593.60,1.26669954291531
4.67_391.28,1.26665228420547
3.42_827.79,1.26620710373717
4.18_225.21,1.26567305732816
4.76_391.28,1.26485798810936
3.93_666.69,1.26473390887694
2.39_677.47,1.26425323070509
2.18_492.40,1.26290710145644
4.08_153.14,1.26226639638377
PMeOH 16:0_18:2 ,1.26214663951203
3.72_956.86,1.26206055379861
2.36_748.59,1.26202455612377
2.18_478.38,1.26201998115844
2.61_650.57,1.26187913627406
PC O-37:8|PC O-18:4_19:4,1.26165761334708
Cer d36:1 Isomer B,1.26104713185753
4.44_493.41,1.26077546389554
1.71_880.57,1.26022992512217
3.42_841.80,1.25972826530486
1.99_690.54,1.25970543507697
4.81_146.15,1.25935611932842
2.31_876.61,1.25912932650103
2.03_742.57,1.2589611622645
4.27_413.27,1.25875018468778
3.96_492.41,1.25867683890462
Cer d40:2 ,1.25765260367867
2.29_638.66,1.25739398846385
3.64_130.16,1.25724132679226
3.86_970.89,1.25674302963017
4.62_153.14,1.25635952305338
4.80_130.16,1.25626264258246
0.66_411.23,1.25583003546574
4.74_750.55,1.25581087967224
2.01_756.57,1.25574091923409
2.38_819.61,1.25487179861861
PC 34:1 Isomer A,1.2546714237029
1.96_783.57,1.25449842387146
4.82_263.27,1.25449628132702
1.96_809.58,1.25437405812367
2.63_602.51,1.25331053515562
4.71_418.27,1.25320471258887
4.60_493.41,1.2527308134004
3.70_916.83,1.25126286168011
2.29_595.58,1.25096247809944
3.90_492.41,1.25059204107338
3.32_666.68,1.2505278498469
PE O-22:6_16:1 ,1.25048354718457
1.88_659.47,1.25043717218554
TG 54:6 Isomer A ,1.24942511772592
2.53_666.69,1.24935092643829
5.01_152.05,1.24930046956848
4.78_358.21,1.2486895756502
1.26_391.28,1.24824047364488
Cer d41:1 ,1.24804454456058
2.23_716.57,1.24796960826475
SM d36:2 Isomer A,1.24776915788568
3.42_799.76,1.2470156643275
2.90_693.63,1.24667154033622
4.92_156.04,1.24623894958053
PC O-42:9,1.24617440528845
0.40_422.37,1.24504197744766
Cer d38:1 ,1.24482029766933
2.53_565.57,1.24480521870373
4.81_211.19,1.24478667516913
4.24_391.29,1.24413197369503
2.07_780.58,1.24390957972499
PC 33:0 ,1.24380845008714
3.86_901.80,1.2436779708343
3.42_801.77,1.24273383590639
4.54_750.55,1.24197235015939
2.53_638.65,1.24182852838504
1.96_736.50,1.24161407209865
4.80_209.20,1.24158577229296
4.80_153.14,1.2410165440098
1.78_777.54,1.24061225187617
2.17_761.55,1.240034444645
4.71_751.56,1.23966831440443
2.00_524.53,1.23942341793313
1.47_391.28,1.23873980511469
1.95_810.57,1.23836203183554
4.55_418.27,1.23834967905381
4.77_186.22,1.23792803086289
3.10_666.69,1.23752046218246
PS 34:1 ,1.23693179792328
4.45_1033.02,1.2362157716391
0.66_435.27,1.23561993830676
4.51_368.42,1.23536829276511
1.36_132.14,1.2351938255704
2.09_492.41,1.23453978488321
2.34_792.59,1.234141362997
1.79_786.54,1.23403266623094
4.24_565.56,1.23358783693665
4.28_666.68,1.2334035324811
1.77_882.59,1.23321234226234
2.24_1546.17,1.23218722401583
PC 35:3,1.23147065303438
PC 39:6 ,1.23119176821363
3.84_209.20,1.23097225289997
PC 31:0,1.22975856289745
PC 44:12,1.22953282647285
PC O-39:8 ,1.22931906214465
2.68_685.69,1.22923502770468
0.20_140.08,1.22868502784263
3.80_1008.90,1.22853237358214
4.59_436.28,1.22821649495866
2.33_760.53,1.22810108583192
1.26_413.27,1.22782840573707
1.78_832.51,1.22654426923255
PC 38:6 Isomer C ,1.22603872806694
3.61_864.80,1.22511924774351
3.59_980.87,1.22483044235549
2.62_750.56,1.2246631861762
1.48_413.26,1.22456018784476
PE 40:10|PE 20:5_20:5,1.22455688064443
4.57_376.22,1.22429869038754
2.75_666.68,1.22429713725018
2.29_624.64,1.22364712668622
2.01_924.27,1.22272178755385
2.28_701.41,1.2221547743346
1.64_884.54,1.2220275690331
PC 44:11|PC 22:5_22:6,1.21975066389303
1.37_153.14,1.21970171854044
4.86_429.24,1.21967864744666
4.60_358.20,1.21915737866405
2.48_701.49,1.21894137079926
PC O-38:6|PC O-18:1_20:5,1.21890694154953
3.80_982.88,1.2188050619511
2.10_540.53,1.218226207836
1.90_597.49,1.21739237787207
Cer d38:2 ,1.21702493647549
3.91_493.41,1.21693348738141
2.00_815.57,1.21688642003516
2.45_822.64,1.21636261160497
2.34_765.57,1.21619884621704
0.20_180.07,1.21502470357154
2.25_844.62,1.21499093299309
TG 50:2 ,1.21311027676731
1.35_130.16,1.21185916794128
PC-p 18:0_22:6 ,1.21177943194301
4.12_972.90,1.21127055705136
PI O-18:1_20:4 ,1.2105359837941
Cer d39:1 ,1.20931712713971
4.78_472.42,1.20895126150828
4.43_765.58,1.20854093803131
PI 38:4 ,1.20851696097582
2.75_614.53,1.20842080698441
PE 38:7|PE 18:2_20:5 Isomer A,1.20816331221728
PC O-34:6|PC O-16:1_18:5,1.2079900101652
PC O-32:2 ,1.20794255949791
1.82_492.41,1.20784336469553
2.75_616.53,1.20677888841711
4.58_484.28,1.20652766011304
2.77_680.70,1.20625077173172
1.49_441.30,1.20583756061864
2.38_818.65,1.20518621733789
4.86_217.11,1.20499419909095
PC O-36:8|PC O-15:4_21:4,1.20478700904918
Cer 37:1;O2|Cer 14:1;O2/23:0,1.2043575741184
2.24_1558.13,1.20403165100658
2.53_624.63,1.20399678608179
4.53_225.20,1.20329164270836
0.20_176.02,1.20286594832239
2.01_909.54,1.20277918892716
TG 54:3|TG 18:0_18:1_18:2,1.20242057135422
1.87_764.56,1.20227699384493
2.18_130.16,1.20188769860987
4.93_152.05,1.20175066686176
2.22_668.62,1.20141762209932
1.88_777.55,1.20124148568909
4.46_565.56,1.20029603118138
3.73_982.88,1.19969012762997
Cer d36:1 Isomer A,1.19936346388461
1.84_759.50,1.19916191040462
2.87_630.54,1.19899387617281
4.64_371.31,1.19885012978664
4.34_130.16,1.1986820671031
2.23_750.54,1.19857251068656
4.02_666.68,1.19769316667764
2.10_780.59,1.19733941572017
2.24_615.61,1.19708835251417
2.15_720.58,1.19679097602715
4.82_435.31,1.19676597565612
TG 56:6|TG 18:0_18:1_20:5,1.19649899367985
TG 56:7 Isomer B ,1.19646109587744
PC 44:10,1.19635730068241
2.64_683.50,1.19618813383353
TG 56:3|TG 18:1_18:1_20:1,1.19613075889528
4.84_193.19,1.19602889817556
4.51_666.68,1.19564080599121
1.55_818.53,1.19461458182302
PC 44:8,1.19458849036931
PC P-40:5 or PC O-40:6 ,1.19442782444635
PC 42:8 Isomer A,1.19274758107556
0.22_346.19,1.19253803474637
1.92_748.49,1.19249535282272
TG 52:5 ,1.19230149070336
3.74_930.85,1.1904300265914
2.04_812.53,1.19041124489298
1.39_435.32,1.19006156064567
2.28_685.43,1.18717727174457
3.58_940.83,1.18684502141991
4.78_296.24,1.18668694927967
4.57_520.41,1.18649684643796
Cer d37:1 ,1.18628956246552
PC O-38:7|PC O-17:4_21:3,1.18591963064766
4.81_167.15,1.18586079044339
0.27_462.32,1.18569382676893
1.65_832.55,1.1852957868196
TG 54:5|TG 18:1_18:2_18:2,1.18387755127561
3.79_666.68,1.18195619250369
PC P-42:5 or PC O-42:6,1.18186354546834
4.26_376.22,1.18118235777676
2.79_679.51,1.18090540380686
4-METHYL-2-OXO-PENTANOIC ACID ,1.18051705998975
4.50_209.20,1.18007797327705
4.66_472.42,1.17932348416588
2.90_624.63,1.17884914807327
PE O-40:8 ,1.17872003777446
2.28_721.51,1.17853173882146
4.24_663.45,1.17827376760543
1.99_719.47,1.17736205517145
SM d33:1 ,1.17726664709588
MGDG 34:3 ,1.17643541796431
3.72_942.85,1.17597354109381
2.09_687.54,1.17582895114215
4.05_974.91,1.17518138948258
0.85_437.29,1.17504444732539
3.99_904.82,1.17444839360186
4.59_446.32,1.17387235633357
4.78_448.32,1.17375562011511
1.97_732.52,1.17349712699544
PC 36:3 Isomer A ,1.17274383321196
2.09_737.54,1.17198460576327
PC 38:4 Isomer B ,1.17167578309686
PC 16:0_14:0 ,1.17134219489509
2.00_747.52,1.17059890321758
2.10_802.55,1.17013443954882
1.42_571.43,1.17000745534674
4.54_358.20,1.16997288787318
2.22_794.61,1.16851183322907
PC 40:10|PC 20:5_20:5,1.16842839569813
1.89_830.57,1.16800268434487
TG 50:2,1.16784333484468
1.80_747.50,1.16686166413069
2.33_679.47,1.16560663176267
1.87_1560.11,1.16518275711538
2.23_1500.09,1.16512430696556
TG 56:2 Isomer B ,1.16468987406095
4.49_358.21,1.1643941045682
PC 38:3 Isomer A,1.16367047295887
1.39_478.39,1.16342937469993
4.79_394.24,1.16335741080138
2.28_722.52,1.16321948850382
2.17_794.53,1.16267618475349
PC P-36:3 or PC O-36:4 ,1.16254086053907
0.15_152.05,1.16239383769372
0.29_306.29,1.16168007485999
2.26_856.56,1.16163700415876
1.73_890.55,1.16154954533084
0.42_538.46,1.16147618100987
Cer 57:4;O2|Cer 19:1;O2/38:3,1.16068616028129
0.80_437.25,1.16026731648888
2.37_742.58,1.16024455836873
1.81_493.41,1.1593425644176
2.90_713.72,1.15861481696083
2.31_858.58,1.1580930869304
2.28_750.56,1.15722094681977
0.21_148.10,1.15653211755687
1.70_548.47,1.15589015091186
4.58_466.28,1.15586915560233
1.39_492.41,1.1557505666958
0.80_461.29,1.15568183444709
PC 37:1,1.15562001729277
2.33_808.62,1.15438715403783
2.28_764.58,1.1542755886541
3.98_903.82,1.15413389538437
3.58_666.69,1.15374324137342
1.92_1550.02,1.15339414151722
TG 54:5 Isomer A ,1.15317578880545
2.37_568.56,1.15303451478192
TG O-55:7|TG O-19:5_17:0_19:2,1.15131848360011
Phosphatidylethanolamine alkenyl 16:0-20:4 ,1.15090041336956
TG 50:0 ,1.15076848406029
1.94_1592.06,1.15070836706195
2.77_652.66,1.15016537601946
0.19_179.00,1.14979463486606
2.40_834.63,1.14931634200359
1.88_923.51,1.14835995398821
1.65_776.23,1.14796961821702
2.14_776.52,1.14703774865554
4.77_460.33,1.14635471861813
0.22_312.20,1.14616483047085
4.58_394.23,1.14525332551949
1.85_1231.74,1.14505082452018
1.69_883.54,1.14470646890166
2.23_1554.16,1.14464439533045
1.92_492.40,1.1446381008468
PMeOH 38:6|PMeOH 18:1_20:5,1.14410051346014
1.99_840.53,1.14367923300886
2.22_816.59,1.14328862886686
2.39_846.61,1.14307052402309
PC O-34:2 ,1.14282590695415
PE 40:6|PE 18:1_22:5,1.14123040032672
2.09_739.53,1.14025906122478
2.21_638.61,1.14020198276595
2.30_848.63,1.14004268379476
2.06_789.53,1.13932878841449
0.19_177.14,1.13873962225503
2.23_1576.16,1.13814734323187
PC 34:5|PC 14:0_20:5,1.13716309083695
1.97_820.58,1.13705462135715
2.36_748.67,1.13642315931562
4.24_537.53,1.13613599655967
0.20_257.14,1.13501761881727
2.06_721.47,1.1349773712079
1.98_842.53,1.13492324642422
PMeOH 16:0_18:1 ,1.13463890825325
3.46_666.69,1.13459775560658
2.07_899.56,1.134307734803
0.85_413.25,1.1341570910346
2.37_649.46,1.13410724794593
1.99_744.55,1.13227923377973
PC 38:6 Isomer A ,1.13098115347796
PC P-40:4 or PC O-40:5 ,1.12969552026277
2.28_707.49,1.12934713486657
2.58_562.55,1.12869998473258
4.47_448.32,1.12709497909778
4.73_562.40,1.12675183941647
4.82_340.39,1.12661276743418
2.61_702.54,1.12658170355898
2.07_848.58,1.12623841966067
1.26_551.33,1.12477720696136
2.47_675.47,1.12426723847784
SM d32:1 Isomer B,1.12404285562356
1.39_450.36,1.12318440198185
Gal-Gal-Cer d18:1/16:0 or Lactosylceramide d18:1/16:0 ,1.12278046738868
3.70_904.83,1.12267028001478
2.22_770.58,1.12220523882253
PC P-38:5 or PC O-38:6 Isomer A ,1.12139086519563
PC 38:4 Isomer C ,1.12068702207051
2.04_771.57,1.11950717121253
1.80_833.57,1.11938151729762
4.67_446.32,1.11912392742863
2.90_636.66,1.11825455704115
PC O-40:9|PC O-18:4_22:5,1.11799564592729
1.88_824.59,1.11789710600178
4.65_448.31,1.11786692652755
1.82_742.54,1.1172761509896
4.64_520.41,1.1171813468238
2.28_736.54,1.1169880551445
PC 37:5 ,1.11678368022319
2.68_608.62,1.11640179288386
0.65_341.35,1.11588987124476
2.04_755.57,1.11582636032113
2.31_823.63,1.11431178344379
1.79_936.58,1.11425163449351
0.19_205.10,1.11407164962927
1.91_478.38,1.11353486066087
3.69_666.68,1.11345799485282
LNAPE 20:4_N-19:1 ,1.11301162644199
3.74_872.77,1.11287172068865
FA 20:5 (eicosapentaenoic acid) ,1.11255420718397
3.87_1010.92,1.1118505888604
PC 38:6 Isomer B,1.11022901181733
4.68_432.31,1.10947642515603
2.44_848.65,1.10924788377318
CAR 20:4,1.10880106342887
3.95_884.77,1.10795277052946
1.39_464.38,1.1072898920834
2.54_569.43,1.10705101040153
4.85_413.27,1.10700742036752
PC P-40:7 or PC O-40:8 ,1.10676734018236
SM 37:4;3O ,1.10648777771071
LPE O-18:2 ,1.10550405392141
2.36_830.53,1.10460810073608
1.82_625.52,1.10407425528883
4.72_446.32,1.10371729559044
1.71_886.51,1.10304617690258
PE O-36:4 Isomer B,1.10286077279333
2.24_629.63,1.10269172337237
4.77_520.42,1.10240148039911
1.99_620.56,1.10203547311455
2.28_777.58,1.10146440843099
2.53_609.60,1.10141375824517
PC 35:2,1.10137219317113
TG 56:4|TG 18:1_20:1_18:2,1.10114950963194
3.84_918.86,1.10097564116204
LPC 20:0 ,1.10087540054694
2.24_854.63,1.10004993529979
PC 43:10 Isomer A,1.09961312959495
2.00_818.56,1.09910787326274
1.82_850.25,1.09899286423335
4.80_520.41,1.09834131074926
2.11_850.59,1.09828024871593
Cer d36:2 ,1.09728613744467
1.91_733.52,1.09691537155734
2.28_827.60,1.09594464058159
1.84_659.51,1.09536889674063
2.46_854.58,1.09368170847657
1.84_709.51,1.09339244565398
2.36_622.54,1.09278821606523
PC 39:5 Isomer A,1.09264245704806
PE O-38:7 ,1.09245394867761
4.58_562.40,1.09229795719726
FA 18:3 (linolenic acid) ,1.09218389812701
1.95_830.57,1.09172567540534
1.30_153.14,1.09171505451962
2.18_776.52,1.09170226288016
3.86_932.88,1.09169747099754
1.98_746.56,1.09162138647877
2.42_789.58,1.09161951433851
1.83_512.49,1.09151951457076
PE 38:2 ,1.091264244319
2.12_764.55,1.09011144993936
4.70_666.68,1.08993120638252
2.49_612.51,1.08948267734044
1.88_676.54,1.08873066894958
2.38_796.55,1.08851181642045
PC 42:11|PC 20:5_22:6,1.08603331981499
1.80_694.52,1.08430135767638
PC 33:2 Isomer B,1.08384133392205
2.28_776.58,1.0833778835273
3.83_1008.90,1.08292115506402
1.48_459.30,1.08283089994023
PC 42:8 Isomer B,1.08241327044141
2.33_816.59,1.0823687813738
PC 33:4|PC 15:2_18:2,1.08211801940031
2.38_844.62,1.08181709138486
2.45_808.62,1.08080509114973
SM d42:2 Isomer B ,1.08018776183456
4.13_962.92,1.08017566491211
2.07_822.57,1.08000809535428
SM d34:1 Isomer A,1.07954453145965
4.75_371.31,1.07920133992156
2.00_581.50,1.07748338785296
1.97_812.52,1.07732849883508
LPE 16:0 ,1.07689179989782
PC 42:7 ,1.07668185873102
2.12_522.60,1.07631527774009
TG 19:2_19:2_19:2 ,1.07619885523645
2.50_586.50,1.07537569052946
2.10_713.51,1.07468564537614
2.36_598.50,1.07362835981894
2.47_699.52,1.07344616491648
PC O-40:7|PC O-26:7_14:0,1.07251843895869
4.24_419.31,1.07143152741951
2.06_801.56,1.07140589448426
2.86_874.65,1.07126527941326
2.49_636.56,1.07112495954071
PE 36:3 ,1.07056967166582
1.86_938.59,1.07023280721289
PC O-30:0|PC O-14:0_16:0,1.07016831246382
4.24_149.02,1.0700208584563
HexCer 35:1;O2,1.06942111407127
SM 41:4;O2,1.06924391833187
2.03_719.50,1.06863388413684
1.98_705.58,1.06846526226946
1.95_774.51,1.06843617647172
PE 36:2 ,1.06736527659724
1.84_711.50,1.06702776287883
PC 36:2 Isomer A,1.06600301466956
2.54_632.60,1.06435800240497
4.43_358.22,1.06426504623026
2.02_856.58,1.06425949786455
4.71_462.32,1.06414737915445
4.72_472.42,1.06341341849117
2.13_1512.10,1.06321199300339
4.63_666.68,1.06316053939607
1.48_419.32,1.06307893854219
LPE O-20:0 ,1.06300654702364
0.20_218.15,1.06248101736477
2.07_728.56,1.06233426117046
2.15_795.61,1.06173942916067
1.88_735.50,1.0617235903395
2.35_852.61,1.06143078404565
TG 52:1,1.06093084097068
2.50_610.54,1.06075388667482
PI 38:5,1.05988186334073
1.63_854.56,1.05980987074408
2.38_794.55,1.0595170512834
TG 50:3|TG 16:0_16:1_18:2,1.05871337827917
N-(eicosanoyl)sphingosine ,1.05828119731395
0.84_438.38,1.05827342709604
2.38_900.60,1.05804295413931
4.06_1026.94,1.05780590505895
3.78_892.83,1.05735811578976
2.22_752.56,1.05698985219449
3.69_966.85,1.05698520207916
Cer 55:7;O2|Cer 21:3;O2/34:4,1.05690595008582
2.03_1215.75,1.05615925883172
1.95_1634.11,1.05594517857749
PG 44:12 ,1.05558219345739
PC 37:6 ,1.05522243174777
1.75_707.47,1.05500705228058
CAR 22:6,1.05439189961819
4.54_446.32,1.0543237237006
1.95_1638.14,1.05418922568124
4.25_394.24,1.05418523027105
2.40_876.61,1.053994659251
1.84_733.61,1.05367748554337
3.86_930.84,1.05302783231616
PC P-38:3 or PC O-38:4 ,1.0528063984625
PC 40:5 Isomer B ,1.05211322428821
PC 37:7|PC 17:2_20:5,1.05192583426613
TG 54:4 ,1.05166661552008
3.53_876.81,1.05129418885505
GlcCer d34:1 ,1.05118812607177
PS 40:5 ,1.05097410748317
PC 35:3 ,1.05022240441806
2.00_776.58,1.05021956728853
PC P-40:6 or PC O-40:7 Isomer A ,1.04948435548222
4.43_624.63,1.04896378232517
4.72_358.21,1.0480751814808
2.28_767.59,1.04740599475668
TG 56:2 Isomer A ,1.04732904382072
Cer d35:1 ,1.04644593491408
1.75_808.49,1.04618033914664
2.25_755.58,1.04613023128402
2.50_588.49,1.04603015855552
SHexCer 38:5;O2,1.04600038900758
SM d32:1 Isomer A,1.04524041355437
2.16_722.51,1.04476581950906
Cer 42:7;O3|Cer 14:1;O2/28:6;O,1.04442108948825
PC 39:7|PC 17:1_22:6,1.04389647766686
1.83_883.59,1.04329182805963
1.83_882.60,1.0432094669305
2.28_740.55,1.04300847049992
1.88_850.56,1.04263320701186
2.04_722.52,1.04254586440944
2.18_828.59,1.04238658633991
4.25_750.56,1.04208389527014
1.96_823.56,1.04108212889047
PC 32:2 Isomer A,1.04105429030421
2.33_658.54,1.04086628385205
2.45_800.56,1.03886457785236
0.21_196.06,1.03825330643898
2.08_795.60,1.03817276711605
GlcCer d40:1 ,1.03795181316376
LPC 18:0 Isomer B ,1.03768210097536
PE 37:5|PE 17:0_20:5,1.03747188241402
FA 22:6 (docosahexaenoic acid) ,1.03678701344595
2.04_620.57,1.03655293132585
2.35_828.57,1.03637670044064
2.68_824.74,1.03628374423293
1.88_797.59,1.0358425505335
PC P-40:6 or PC O-40:7 Isomer B ,1.03542789523707
PI 36:1 Isomer A ,1.03533086999222
PE O-36:3 ,1.0351499386533
2.33_682.63,1.03429965289696
TG 52:4 ,1.03400970898387
0.18_152.00,1.03380521182034
2.09_770.57,1.03291180992303
2.04_720.52,1.03290317759035
3.64_890.82,1.03251027047428
3.52_952.85,1.03244462524601
2.02_778.56,1.0320699723785
TG 58:4 ,1.02944048728376
2.15_816.59,1.02896819384092
1.94_1570.09,1.02887118403644
1.72_429.79,1.0287940233568
1.76_814.56,1.02871906549048
PC 32:2 Isomer B,1.02818416595167
2.24_427.82,1.02711752454795
1.29_577.34,1.02698934691042
2.02_805.56,1.02586471384502
2.13_1518.12,1.02516191665511
PC P-38:4 or PC O-38:5 Isomer A ,1.02500735613801
2.03_1278.91,1.02463808815666
1.41_472.44,1.02461464209424
Cer 35:1;O2|Cer 14:1;O2/21:0,1.02410990480613
2.02_779.57,1.02400453023857
1.92_708.50,1.02361214821839
PC 38:5 Isomer B ,1.02359942257522
DG 45:11,1.02334522578278
PC O-35:6|PC O-15:1_20:5,1.02301875492493
PC O-40:7 ,1.02301444129154
2.49_614.51,1.02188983952411
1.88_771.52,1.02181748276518
1.88_716.56,1.02180120426136
1.99_804.54,1.02164579431573
2.03_957.77,1.02131758895001
PE O-16:1_22:6 ,1.02086894246728
4.81_371.31,1.02061809678316
4-HDoHE ,1.01973750563526
PC 36:2 Isomer B,1.01943356483902
FA 20:2 (eicosadienoic acid) ,1.0194035643317
2.01_716.56,1.01900741041131
PI 38:5 ,1.01898367632783
TG 64:2 ,1.01871601801184
4.75_408.29,1.01866678201954
1.71_916.53,1.01747713886023
2.11_654.60,1.01743759252746
1.89_728.56,1.01629411954732
1.95_568.53,1.0162851179972
PC 40:7 Isomer A ,1.01606798108993
1.91_709.50,1.01601071042963
2.24_811.60,1.01565487851243
PC P-38:4 or PC O-38:5 Isomer B ,1.01498633317724
PC O-39:9|PC O-17:3_22:6,1.01489169558268
2.40_751.54,1.01432590771286
2.34_684.56,1.01400141837011
2.16_596.56,1.01366806657513
1.75_794.57,1.0134426947577
2.09_755.56,1.01334536745132
1.96_822.56,1.01322836947143
4.54_371.32,1.01235792076926
TG 54:1 ,1.01190498101896
2.14_804.59,1.01120769429193
PC O-40:5 ,1.01093476983365
2.37_751.57,1.01092424918891
2.37_750.59,1.01068536484419
1.79_767.55,1.00990027773096
3.59_841.80,1.0098796364458
1.69_588.47,1.00957349743442
2.35_829.57,1.00907719195568
3.85_956.87,1.00903814326437
4.80_444.32,1.00901995665276
2.38_797.55,1.00881278031628
2.71_750.57,1.0084504786215
CAR 18:2 Isomer A ,1.008396916575
1.88_796.58,1.00745544459145
1.81_916.57,1.00699049497579
PE O-40:6 Isomer B ,1.00680361392085
4.44_694.70,1.00608798742753
PC P-38:5 or PC O-38:6 ,1.00484446998377
1.88_885.55,1.00242736906696
1.72_858.57,1.00201445080568
4.48_520.41,1.00193677997799
3.69_981.88,1.00190884593653
1.92_706.50,1.00124236936346
PC 42:9|PC 20:3_22:6,1.00121655709792
1.78_792.56,1.00112690253013
4.81_474.33,1.00058556074052
4.78_562.40,1.00052845844098
Cer 58:11;2O ,1.00040286478628
PC 38:8 ,0.999442286599995
2.17_807.60,0.998615853557745
1.72_754.54,0.998378625409025
2.37_600.50,0.997527519918986
PC 33:6,0.997388658873011
PC 42:11,0.997119321480889
2.13_1517.12,0.996945091575804
2.21_775.55,0.996800634298715
LNAPE 18:2/N-20:0 ,0.996085720038969
4.24_466.27,0.995342532406237
2.12_750.56,0.995265026481315
PC O-38:7|PC O-18:2_20:5,0.99495289106344
4.82_446.31,0.994859491293084
2.29_596.59,0.994685990317187
2.02_1222.83,0.994664663485319
0.18_360.24,0.994441066456609
1.39_725.52,0.993800203396214
LPC 18:2 ,0.993768725407999
PE P-36:4 or PE O-36:5 ,0.992845554910453
CAR 18:1 ,0.991456541432571
2.28_1347.88,0.991205833070285
PC 38:5 Isomer A ,0.990472695178021
1.88_625.52,0.990383025639041
DG 49:10,0.990234883613438
2.15_828.58,0.99017312849396
2.05_762.55,0.989971171665283
PC O-18:1_20:4 ,0.989571009509488
1.64_890.52,0.987631422890953
2.17_736.53,0.987327295682388
2.28_774.57,0.986885008327043
3.44_695.50,0.986835793392023
TG 58:2 ,0.986754324448557
2.11_850.63,0.986682785809223
4.80_462.32,0.985461954745652
1.99_755.57,0.985421189738998
2.03_1194.82,0.98492489451086
SM 32:1;O2,0.984697553706282
TG 56:5 Isomer A ,0.984563994529201
1.81_884.54,0.984201349554565
2.01_640.59,0.983951124450403
PC 36:3 Isomer AB,0.983918068082339
PC 35:5|PC 18:1_17:4,0.983431535940828
TG 56:1 ,0.982165737723113
1.83_768.56,0.982085969309882
PE 36:4 ,0.981971331530071
4.80_432.30,0.981143171553542
1.98_702.54,0.98099718743547
2.90_699.71,0.980720314771467
2.33_778.58,0.980212709330799
3.99_933.85,0.980185234376781
1.09_597.39,0.979016749514391
PI O-18:1_22:5 ,0.978313667289931
LPC 40:7 ,0.978033626405234
2.66_666.68,0.977854045422376
PC O-32:1|PC O-16:0_16:1,0.977400780762208
2.21_820.63,0.976515750805992
1.54_419.31,0.976113671345184
1.80_724.49,0.976063132037568
2.17_734.59,0.975943514784747
PC 38:1 ,0.975833243013095
4.79_624.63,0.97579354706621
2.56_677.49,0.974967668615243
HexCer 32:1;O2,0.974177806250734
PEtOH 16:0_16:1 ,0.974097748996711
PC O-37:6|PC O-16:2_21:4,0.973535055429817
1.54_457.27,0.973168621150982
1.89_822.60,0.972955315667018
PC 33:1 Isomer A,0.972413130703298
2.28_663.46,0.972357534265942
3.85_906.86,0.972158767168936
2.27_832.62,0.971933361965689
3.36_848.77,0.971635052648979
2.43_666.64,0.971511182845461
0.32_498.26,0.97150996000525
4.08_666.69,0.970923331802606
1.70_854.57,0.969942155240569
PI 18:1_22:4 ,0.969346044392089
1.95_735.50,0.969334068342346
PS 38:5|PS 18:0_20:5,0.96922815247763
PC 40:6 Isomer A ,0.968452963636651
2.58_810.58,0.967810459806719
0.51_552.27,0.967027707358888
PE O-38:2 ,0.966849838753836
2.20_826.55,0.966455856508784
TG 51:3 ,0.96642090945388
1.76_870.59,0.965247448833048
1.83_834.51,0.965103809829278
HexCer 34:1;O2,0.965041156814352
2.17_736.59,0.964820819166947
0.21_215.13,0.964801900260161
PI 38:3 ,0.96405176792929
Cer d34:1 Isomer B,0.963697866242608
1.92_803.53,0.963296466628684
LPC 20:5 ,0.963282012255418
2.52_943.65,0.963205676958843
PC 38:1,0.961745618699138
2.17_734.53,0.960555519738436
PC 38:3 Isomer B,0.959514742015272
1.91_850.59,0.959378994605034
PC O-42:7 or PC 42:7e ,0.958715166568929
0.29_131.08,0.958609212516485
2.06_666.60,0.958196396523385
3.64_827.66,0.957551260577298
3.84_966.86,0.957487970268195
2.03_834.60,0.957300540286713
0.18_701.19,0.956876828435419
PC 33:4|PC 14:0_19:4,0.956320922954804
PE 38:5 ,0.956228898820011
TG 53:4 ,0.955612301620336
2.26_728.60,0.955424315080652
4.48_1004.97,0.954509204471206
0.21_170.04,0.954235879773918
PC 36:4 Isomer B,0.953953051003747
SM d35:2 ,0.95370863881269
1.41_615.46,0.953574818150859
2.05_852.57,0.953491118427495
4.25_990.95,0.953393440432698
PC O-36:7|PC O-16:2_20:5,0.952859019850717
2.15_577.52,0.950937265684248
2.37_572.53,0.950909432024909
4.63_408.31,0.950888764311897
1.76_766.54,0.950078890645164
3.60_966.85,0.949792329263887
2.21_859.58,0.949022654631858
2.24_1568.16,0.948346353738629
4.63_462.32,0.947639888248382
TG 51:1 Isomer B ,0.947196040698464
2.31_850.60,0.946483859430341
1.87_773.51,0.945859725852539
4.01_1024.94,0.945048032615706
PC 38:2 Isomer A,0.944952176414986
0.22_118.05,0.944663044956657
0.21_88.04,0.944594164367587
4.18_1002.95,0.943902922403279
0.49_598.45,0.94352726818736
1.94_850.56,0.943490328738569
PI 36:3 Isomer A ,0.942755248159575
2.01_754.55,0.942508999255006
SM 42:8;O2,0.941081310322275
1.92_730.55,0.940817750324308
1.99_184.08,0.939918152083921
2.00_601.60,0.939574701364314
2.04_684.54,0.938602708072526
CAR 20:5,0.938285677405685
PE P-36:5 or PE O-36:6 ,0.937939748610922
PE O-17:1_20:4 ,0.937575961859814
1.88_730.54,0.937211370857958
2.13_625.52,0.937003511303281
1.40_1252.95,0.93680926996696
PEtOH 16:1_16:1 ,0.936642600790653
2.04_720.57,0.936464317692369
2.83_675.67,0.936175480604021
4.58_472.42,0.935791973389438
2.33_778.54,0.935443812959212
1.86_747.50,0.934529720194254
PG 36:2 ,0.932177298725462
1.56_621.49,0.93161401717093
1.80_599.51,0.931450928038677
1.54_506.42,0.93137584737219
1.91_763.54,0.931311042284805
2.04_826.60,0.930231757368247
PI 18:1_22:6 ,0.929743776570324
0.81_329.25,0.929614970176268
2.36_774.54,0.929120968372058
PC 40:5 Isomer A ,0.928679519123124
1.54_520.43,0.928651880541119
1.73_505.37,0.927944342281811
2.34_790.54,0.927813702507658
PI 40:6 ,0.927255182052979
1.76_856.58,0.926390177444527
3.73_878.81,0.926192939148924
2.04_724.52,0.924897358636379
1.89_834.59,0.924833896425653
PS 18:0_22:6 ,0.923953308174308
4.18_976.94,0.922913135727284
PC O-40:9|PC O-19:4_21:5,0.922646613351131
1.99_751.56,0.92211780038771
2.30_749.55,0.921899453559775
2.37_395.39,0.921735186476323
1.50_751.58,0.921372839114459
3.59_812.75,0.921152088783351
2.00_1108.07,0.92023768044062
PE O-18:2_18:2 ,0.919898651768867
PC 44:11,0.919423949877437
CAR 22:5,0.919395956099196
CAR 16:1,0.919010811147257
1.48_722.56,0.918992922675207
TG 53:2|TG 16:0_18:1_19:1,0.918686448942791
PC 16:1/18:4 ,0.918611670063355
0.54_528.27,0.918370312984433
4.77_484.28,0.918273840286156
2.17_698.56,0.918128733326076
CAR 16:0 ,0.917597210278688
1.98_822.53,0.917530758121392
2.26_764.66,0.917139789526713
PC O-42:10|PC O-22:5_20:5,0.916397964969941
PC O-31:1,0.915629282780531
1.40_371.32,0.914797635304689
PC 42:10 ,0.914765888009147
2.00_610.58,0.91440705959152
FA 25:0 ,0.913783225293109
1.99_896.56,0.913543017729151
2.32_864.61,0.91345477695916
1.80_672.54,0.912666395224804
2.27_857.57,0.912114904166302
1.90_639.54,0.911255994567777
4.45_1035.01,0.911077809538288
TG 52:3|TG 16:0_18:1_18:2,0.909989319875616
FA 22:4 ,0.908850037905707
1.68_597.49,0.907528540165939
2.25_1530.05,0.907500061778159
2.26_846.53,0.907303457023461
DG 38:5 ,0.90566305429991
2.81_824.73,0.904376141498563
1.89_677.56,0.903891300200056
2.17_898.57,0.903643324210414
Cer d39:2 ,0.903611973404429
4.03_1062.99,0.903590165883345
2.17_758.58,0.902149789806365
3.13_705.54,0.901712874303563
PEtOH 16:0_18:1 ,0.90035143164287
2.11_596.57,0.899499528417234
1.78_429.37,0.899252359460679
2.73_640.54,0.899092904259606
0.18_610.17,0.894016742379019
PC P-32:1 or PC O-32:2 ,0.893930612513501
TG 46:1 ,0.893524042870637
4.45_950.91,0.893456514110647
2.29_712.57,0.893243088346617
0.20_299.14,0.89260156236922
PC O-42:10|PC O-20:5_22:5,0.892242153056095
TG 48:1 ,0.89198924150437
3.72_842.68,0.891967228493423
GlcCer d42:1 ,0.891941678083511
1.88_651.53,0.891598103403373
1.87_778.56,0.891433112142754
PC 35:2 Isomer B ,0.891338454188323
3.85_827.72,0.891213554319203
2.42_792.55,0.890700436322608
0.83_482.40,0.8900890525005
2.28_607.39,0.890022236697808
0.20_273.12,0.889701048909115
4.47_978.95,0.889286047689884
0.21_218.12,0.888860769785988
0.77_556.44,0.888598789404553
TG 51:2|TG 16:0_17:1_18:1,0.888230111971452
0.24_175.12,0.888112416912136
PC 34:4 Isomer A,0.887969758409246
2.00_587.59,0.887183850872963
1.63_586.45,0.88621576287494
0.78_468.39,0.88536679993651
1.19_430.36,0.885176816428435
1.72_850.57,0.884945619573435
2.14_842.55,0.883588931696597
PMeOH 36:4 ,0.882148120188582
1.88_896.57,0.881950856310037
FA 20:1,0.88116662797036
2.17_882.60,0.881144652558982
DG 42:9,0.880668241877755
1.40_681.49,0.879719913884023
PC 40:4 Isomer A,0.879602076937974
2.03_1221.83,0.878805008595381
2.33_830.64,0.878387221254948
3.69_955.84,0.878128406838314
3.72_906.83,0.877763839193507
1.90_718.48,0.877701644748104
3.69_862.78,0.876471245927435
1.89_810.51,0.876292127911172
PC 18:0_24:5 ,0.875865258632203
TG 52:6 ,0.875633163875305
0.22_130.16,0.875494780397868
3.29_906.85,0.875310272292237
DG 34:1 ,0.874229274777282
0.28_131.13,0.873723249241544
3.86_916.85,0.873656418206566
TG 57:2 ,0.873501229850152
2.31_826.55,0.873441652508663
2.04_563.50,0.87336033890341
2.12_836.61,0.872555972834722
2.40_793.56,0.871003203729837
FA 20:4 (arachidonic acid) ,0.870417117745999
PE 16:1_18:1 ,0.870393835135855
0.78_424.36,0.870158569148764
PE P-40:6|PE P-20:1_20:5,0.869593334369192
FA 17:1,0.869512160823393
0.20_246.18,0.869452348524206
PC O-33:6 ,0.868621754622946
1.85_912.57,0.868090661515049
2.08_809.59,0.868011068996883
FA 22:2 (docosadienoic acid) ,0.867301363000536
3.52_926.82,0.867197318653542
2.38_835.62,0.867063207549095
CAR 20:1 ,0.866969598365105
2.36_762.54,0.866968396961498
0.20_178.13,0.866913590532606
2.79_750.57,0.866858442707752
PC 14:0_16:1 ,0.866079024215007
2.34_878.63,0.864592325135983
1.55_441.30,0.864548906066304
PC O-37:6 ,0.864429293846096
2.62_701.54,0.863873236923378
CL 78:14|CL 34:2_44:12,0.863429805540259
TG 50:1 ,0.862979143264553
LPC O-16:0 ,0.862794987559228
PC O-34:4|PC O-15:2_19:2,0.862345701451304
1.80_505.37,0.861896204736804
HexCer 32:0;O2,0.861838758967486
2.14_844.58,0.8614275568014
4.43_936.90,0.861311201512229
2.28_694.63,0.861258919756318
CoQ10,0.860576831521038
0.57_489.26,0.860351245903117
TG 16:0_18:1_20:0 ,0.860205111506675
3.52_824.77,0.859939830114638
2.06_868.58,0.859699974187061
4.05_907.83,0.859610575636373
3.70_878.81,0.859485722335814
4.26_885.80,0.858885663707021
TG 54:0 ,0.858304548044613
2.24_734.51,0.8583034604403
0.51_554.28,0.858105525664072
3.69_852.80,0.857729916999232
1.78_912.58,0.857719135195732
1.89_811.51,0.857364289537291
PC P-38:4 or PC O-38:5 Isomer C,0.857235023307902
2.40_822.56,0.85705073790113
1.89_714.54,0.8568191246437
2.30_849.64,0.856297802008648
2.08_704.56,0.856101835028883
Cer 34:1;O2|Cer 14:1;O2/20:0,0.855600613351052
2.21_842.60,0.855577299218113
PC 36:2,0.855439140324909
3.44_964.82,0.854943553065688
0.20_453.21,0.854844288817325
PE P-38:5 or PE O-38:6 ,0.854413074153166
1.39_703.51,0.85399440807133
LPE 22:6 ,0.853958024262517
SM 41:6;O2,0.853509931641621
0.21_227.07,0.851895276469528
3.52_953.84,0.851595885451895
3.99_895.85,0.850554220153673
PE 38:4|PE 18:0_20:4,0.849979702715542
4.56_666.68,0.849723471054128
PC 40:9|PC 20:4_20:5,0.849153577321941
1.84_721.48,0.84907204213983
1.80_721.48,0.847186956736003
4.59_751.56,0.847028478814406
PC 39:6,0.846931704203185
2.03_1235.84,0.846417501625202
1.76_886.56,0.84616306522198
0.18_141.06,0.845691925458266
0.22_236.08,0.845283850599539
2.25_764.58,0.843215831943624
2.04_724.53,0.843143806772955
SM d36:4 ,0.842629033639356
1.32_548.43,0.841802656220903
0.19_275.11,0.841715398624676
0.62_450.36,0.840524144165466
0.77_600.47,0.84034579445639
1.13_228.20,0.839264684673261
2.12_807.60,0.839072466685676
2.03_773.59,0.83902609502392
1.81_720.51,0.838920557069792
2.25_1556.15,0.838232486850279
2.54_778.58,0.837789594536531
PC 42:9 ,0.83700136693555
2.04_884.61,0.8368063430997
PC O-38:7|PC O-26:7_12:0,0.83642213152584
3.81_793.61,0.835085974696506
TG 53:6 ,0.834861891357594
2.11_916.61,0.8342618346645
4.25_976.93,0.833120733907713
1.96_876.57,0.832690511115997
PC 31:1 ,0.832513334740139
LPC 22:6 ,0.832300673872786
LPE 20:4 ,0.8313438397848
LPE 18:0 ,0.830300703636802
2.00_728.55,0.829945076593299
15-OxoETE ,0.828283916486784
0.76_688.52,0.82794096482567
Cer 22:0;2O/26:0 ,0.827580978259439
0.97_496.42,0.82687647557555
PC 34:4 Isomer B ,0.826801819341336
1.81_890.57,0.826655433785082
PI 18:0_20:2 ,0.826154945263067
1.69_780.48,0.825842985050149
CAR 18:0 Isomer A ,0.825278227700351
1.39_413.27,0.825076211449847
PC 40:3 ,0.824672089652877
1.67_802.55,0.822781311066204
2.48_762.55,0.82262003200899
1.43_1310.99,0.822508137582764
2.62_677.49,0.822338855885851
1.91_904.58,0.821746299283422
4.18_977.93,0.8215201033591
PE 38:4 ,0.821311947271388
2.06_860.62,0.820319078717024
2.03_872.57,0.819836782317537
1.79_814.54,0.819831512967921
2.13_754.57,0.819700979902919
1.13_463.29,0.819423880734043
0.78_512.42,0.819018739541299
4.06_750.55,0.818648817811314
1.08_554.46,0.818465906561062
2.44_696.65,0.818248294972581
PE 36:0;O|PE 18:0_18:0;O,0.817669317036832
SM 43:6;O2,0.817533857662907
2.26_710.59,0.817453786047517
1.39_391.29,0.817332922773257
PC O-37:6|PC O-13:0_24:6,0.816912026444406
2.42_764.56,0.816803861998781
4.46_472.42,0.815744217834353
1.80_784.49,0.815703223819096
PI 34:2 ,0.815400733275291
PC 41:6|PC 19:0_22:6,0.815277905262807
1.13_487.45,0.815268048314694
1.40_659.48,0.815241201254899
3.91_925.91,0.815237734429408
0.19_197.10,0.815185697649094
1.55_809.62,0.815176346038207
3.84_864.81,0.815065357673146
Cer d42:3 ,0.814561055792936
3.85_890.83,0.814102742665958
PI 36:5 ,0.813030680147992
0.19_558.15,0.812883645874622
PC O-40:10|PC O-20:5_20:5,0.812722827346964
4.07_910.83,0.812170803264832
2.10_761.53,0.811454032930106
1.13_473.43,0.811196159859756
0.54_489.26,0.810659513471794
0.45_626.35,0.81061130889267
3.69_890.82,0.809984849014118
1.83_820.58,0.809714776795935
Cer d41:2 ,0.808673793512889
2.03_700.57,0.808669474147558
1.38_1194.91,0.806868347643054
0.20_520.33,0.805859916270313
4.05_1017.96,0.805182284691099
0.44_368.29,0.804757783271697
1.39_279.16,0.804542149912675
0.23_190.14,0.804350657484974
TG 53:3|TG 17:0_18:1_18:2,0.804190169258746
3.11_878.82,0.803270570162431
0.44_267.17,0.801967691015007
1.75_540.50,0.801732777386685
4.46_1021.00,0.800409225936395
2.53_603.53,0.80012894990304
NAE 4:0,0.799998061170854
CAR 20:2,0.799996575437115
0.79_336.31,0.799678061896855
0.21_146.05,0.798508592087369
0.29_428.38,0.79795685917077
4.30_941.80,0.797763418675615
2.25_754.56,0.797490203915775
2.10_646.58,0.797424118537666
3.44_922.77,0.797154001487783
PE P-37:6|PE P-17:1_20:5,0.797105732656139
1.44_368.43,0.796652422710176
1.89_568.53,0.796344286337968
0.19_344.15,0.796164987948881
0.19_437.24,0.795976209860495
1.40_635.49,0.794579500960367
PC 35:1 Isomer A,0.794520278926883
1.39_429.24,0.794087456478653
2.08_603.53,0.793551554200508
1.91_1502.03,0.792555521574249
2.24_760.53,0.792086363985067
1.62_844.55,0.791367722920883
1.13_424.28,0.79129712532645
1.35_1136.86,0.791016086832296
0.50_596.33,0.790828734250615
PI 36:3 Isomer B ,0.790388452671562
4.12_901.76,0.79035826777455
2.41_752.55,0.790097815761012
2.21_823.61,0.789665353238784
0.27_173.10,0.789087712261884
2.07_788.54,0.787615829156023
FA 20:3 (eicosatrienoic acid) ,0.786461059570656
DG 40:5,0.786378643341376
0.44_372.31,0.78634236365083
0.28_258.19,0.786287667748498
4.12_920.87,0.785628552527694
2.42_726.59,0.784561278083294
PC 44:7,0.784312924903908
1.77_611.50,0.783893847909843
2.23_777.53,0.783469092899215
2.19_730.56,0.782387418907361
2.38_819.65,0.782248330072524
SM d32:2 ,0.781663347426175
1.90_762.53,0.780799316042105
1.98_848.58,0.780611399647721
1.90_613.52,0.780500190120995
1.19_473.43,0.780426664273202
0.19_143.08,0.780371559148732
2.12_1514.10,0.780225647116097
PC 38:2 Isomer B,0.780171686555946
2.08_749.57,0.778783416732538
2.13_750.55,0.777940341630173
2.05_836.58,0.777888176887626
2.55_803.64,0.777847965267404
2.08_796.58,0.776338139692705
1.38_606.47,0.775561620495074
1.76_877.56,0.775075930302362
2.34_830.59,0.773979830920096
2.40_862.63,0.773585336153226
4.82_472.40,0.773527248983063
1.85_638.57,0.773185142218357
0.19_193.16,0.771922826499076
1.19_487.45,0.770224419209785
1.67_411.38,0.770027993960676
2.19_977.78,0.768793767309796
2.16_788.58,0.768393483306475
FA 18:2 (linoleic acid) ,0.767910298568752
1.62_506.41,0.767896745544255
2.35_806.49,0.767383192328779
1.90_834.53,0.766940229601923
1.17_904.69,0.765845968541661
Cer 18:2;2O/24:1 ,0.765527549895005
1.83_880.58,0.765143373397835
5-HETE ,0.764902164973065
2.08_872.56,0.764155772190884
3.79_918.85,0.763953703411935
PC 40:9|PC 18:3_22:6,0.761510475762471
3.84_892.84,0.761086480930146
2.13_1560.10,0.760674511375835
3.44_907.73,0.76060357035966
PC 38:4 Isomer A ,0.759315906594518
0.19_268.07,0.757843609259781
1.95_896.55,0.757649073545559
TG 62:1 ,0.757495685922666
TG 58:1|TG 16:0_24:0_18:1,0.75744059946088
2.49_792.56,0.75713225315666
4.51_472.42,0.75702490137075
1.63_788.53,0.757002469386007
4.36_520.41,0.755921783781477
1.70_690.51,0.755516695576281
4.25_974.91,0.75533952971212
0.19_303.13,0.754509868189831
PC 36:5 Isomer C ,0.754349509654182
0.49_478.32,0.753921017435183
PE 18:0_22:3 ,0.753833146333317
PC 39:8,0.751201610044602
2.00_839.60,0.751089033673057
TG 64:1 ,0.751011926371777
NAE 9:0,0.750879837525617
1.43_664.51,0.750157387738391
0.75_732.55,0.749838690557386
4.26_948.90,0.7495389117806
2.54_776.58,0.748341928584493
1.53_780.59,0.747072348947084
TG O-55:8|TG O-17:4_19:2_19:2,0.746126019955383
DG 47:10,0.745997396713402
PE P-37:5|PE P-17:0_20:5,0.74569522220996
TG 55:7 ,0.744249531082939
3.45_831.82,0.743624347166652
PE P-39:6|PE P-19:1_20:5,0.743578017680374
2.19_836.58,0.743492213056693
0.78_275.26,0.742700723679153
2.19_767.56,0.741568685136159
1.99_706.49,0.740600357382701
1.35_577.45,0.74058262646902
PEtOH 18:1_18:1 ,0.740532036353321
1.39_149.02,0.739362069169637
0.38_371.33,0.738779974373309
0.27_429.24,0.738333835293955
1.19_228.20,0.737988684856086
2.42_786.61,0.737321607577255
2.83_750.55,0.737103055140397
SM 35:1;2O ,0.737031835010132
1.78_910.54,0.736346695755026
2.28_780.57,0.735841798323921
1.83_728.56,0.735591044008488
3.08_717.71,0.735163635784485
0.24_310.21,0.735080252896717
1.99_492.42,0.733889055342022
PC 35:2 ,0.73356030831348
PC 41:7 Isomer A,0.733436103771664
PC O-36:7|PC O-14:1_22:6,0.732997671043462
0.76_644.50,0.732687008107897
2.54_768.55,0.731315866770044
2.41_681.49,0.731120470308091
0.30_173.10,0.731028940101932
PI 32:1 ,0.730947658779603
PI 36:2 ,0.730674155864472
PEtOH 18:1_20:4 ,0.730470789110333
0.18_291.14,0.729186277774946
PEtOH 16:1_18:1 ,0.728857219614358
3.60_759.62,0.727100189505326
0.32_197.14,0.726605070110578
4.25_911.81,0.72569187022221
2.66_659.51,0.725304718375489
1.70_600.47,0.724944948165403
0.19_608.38,0.72382885280954
3.91_858.72,0.723824587861603
1.88_512.50,0.723266133189294
0.18_244.03,0.721918815259216
0.19_271.17,0.721878091192142
0.26_366.27,0.721706299473538
0.25_376.27,0.721606270318577
2.03_705.56,0.721601946729534
0.19_696.44,0.721589800256547
0.89_730.57,0.721525988593711
2.19_997.88,0.721166723486418
2.17_830.56,0.721097521888806
0.79_380.34,0.719792066650757
PC 20:1_20:1 ,0.719228654563714
2.54_548.50,0.718354061317252
1.72_786.51,0.717279179178787
TG 42:0 ,0.717198575283697
3.84_957.87,0.71635275840634
3.75_994.88,0.716351508874269
1.78_896.57,0.716240152665898
4.12_974.91,0.716063086555346
0.19_564.36,0.715353692791598
1.88_806.53,0.714934779035888
4.25_950.91,0.714853707240143
4.46_420.31,0.714446333920335
1.80_612.55,0.71429844124864
4.47_1063.04,0.714184234730499
1.27_340.39,0.713990558668783
2.47_750.55,0.713882531010038
2.15_892.61,0.712896391336579
0.20_126.00,0.712625746886534
1.91_725.57,0.711777248810173
3.55_877.80,0.711587371271075
1.94_523.37,0.711406045102951
3.31_759.76,0.711195195901677
0.18_379.08,0.711180545613185
LPC 16:1 ,0.710528760141186
2.17_704.54,0.70991768397185
2.00_838.60,0.709096033122708
2.12_738.55,0.708248004743944
4.66_462.32,0.708199959217249
4.13_934.88,0.708083916436429
1.87_986.67,0.708020138228701
0.20_271.00,0.70757446354801
0.18_255.14,0.70750242106058
0.24_427.23,0.706299759238746
DG 49:12,0.706272648257639
3.86_942.87,0.706244424775307
3.44_885.68,0.705778204020847
1.82_782.50,0.705671019229183
2.26_738.55,0.705056625542695
4.02_926.86,0.704768531740118
PC 42:6 Isomer B,0.703247070035025
1.19_244.19,0.70287526055258
Cer d34:1 Isomer A,0.702477826656329
PC 41:7|PC 19:1_22:6,0.702423291714634
PC 42:6 Isomer A,0.702177540429813
4.81_434.31,0.701890644428101
0.19_328.16,0.701603752357228
3.53_850.79,0.699843818777231
2.06_873.56,0.699175019412788
0.18_235.17,0.698959801018758
1.91_742.57,0.698906355960438
2.01_798.59,0.698711042082125
PC 33:1 Isomer B,0.695720793246989
3.80_996.89,0.695675065690494
4.51_394.23,0.694174538859319
1.37_791.56,0.693813878955582
1.38_747.53,0.693305470013143
2.00_708.52,0.692742862493931
1.91_771.55,0.692588825623763
1.79_860.58,0.692200251833562
2.11_774.59,0.69158057159907
2.32_831.63,0.691211178911778
2.25_736.55,0.69101126084026
0.58_383.07,0.690482711249389
1.34_436.31,0.690146264601581
3.56_876.80,0.689819077786346
0.18_541.14,0.688843118482369
1.76_602.48,0.686093095885525
0.20_241.01,0.685886066157949
Taurine,0.685500659300739
1.89_611.51,0.685456050134319
0.24_290.24,0.684541045358753
0.19_377.09,0.683755870580875
0.19_720.20,0.683528997605129
1.75_807.50,0.683061630709408
PE 38:6 ,0.682925852097998
2.84_635.48,0.682679862327879
0.27_248.21,0.682605650715041
1.70_806.50,0.681963318805319
0.19_466.12,0.681640310210186
1.46_1369.03,0.680335745268747
2.07_766.55,0.679800758685501
PI 37:5,0.679637343828269
1.88_897.55,0.679598921785613
1.42_593.44,0.679041162148257
0.40_304.30,0.678814817054324
0.18_539.14,0.678550033895687
3.59_954.86,0.678160827882582
0.19_279.19,0.677034253287003
1.93_796.51,0.67700011026457
3.59_952.82,0.676566522540418
PC 41:8,0.676257232095501
3.44_921.75,0.676214042808549
1.92_690.54,0.67491989674022
2.54_419.35,0.674902282213817
0.25_329.18,0.674563212692489
4.81_408.31,0.674377782383188
2.38_782.58,0.673192800154775
TG 14:0_16:0_17:1 ,0.672609704622903
3.76_812.76,0.672205940412182
3.44_901.65,0.67183373679544
1.09_846.65,0.671364827242578
0.19_652.41,0.671295859554486
PC 37:2 Isomer A,0.671223548941534
0.20_124.03,0.669958728549493
2.22_740.57,0.669641550227184
1.32_1078.82,0.666079911532684
4.12_1014.95,0.664929061546749
TG 49:2|TG 16:0_16:1_17:1,0.664305610833239
4.43_1020.99,0.663870674183673
3.23_789.77,0.663535103773192
2.15_806.61,0.662873332149843
0.79_672.52,0.662704932024327
PC 43:10 Isomer B,0.661469527916452
8,15-DiHETE ,0.660811365963084
0.20_227.00,0.659910547723086
0.65_489.26,0.659800955939824
GlcCer d38:1 ,0.659557589052914
2.26_749.53,0.65938484422643
2.01_796.57,0.659196548733073
1.30_482.41,0.658364068624699
0.18_225.15,0.658149984045081
0.69_614.49,0.654832449593065
0.31_427.16,0.654583409248704
LDGTS 15:3,0.65377279530755
1.89_702.55,0.653565607184967
3.89_958.89,0.653494279557438
0.18_240.03,0.652373856176472
1.73_789.56,0.651847336087136
2.09_706.56,0.651824171426097
0.95_438.38,0.651458339965457
3.99_945.87,0.651191963755794
0.18_273.15,0.650875204313365
0.79_319.28,0.650574339261099
PC O-37:5 ,0.650357180842049
2.11_703.58,0.650004101816666
1.70_540.50,0.64997741973535
2.27_792.60,0.649815357311057
PC 28:1,0.648573598771976
1.21_533.28,0.648539948539018
PE O-18:2_22:6 ,0.648225399345855
1.82_726.54,0.648071014631851
3.77_956.85,0.647703718106609
0.24_173.16,0.647650144244372
1.74_776.56,0.646260367583435
TG 16:2_18:2_18:3 ,0.645620831528439
2.00_710.52,0.645372620042242
PC O-38:8|PC O-22:4_16:4,0.645343346851344
0.99_312.36,0.644464828847081
2.04_776.56,0.642787360465134
0.22_405.24,0.642029977000382
0.19_144.10,0.641803622496711
LPC 20:4 ,0.641469028296023
0.20_162.11,0.64132425931401
0.34_217.09,0.640801922467676
4.45_1061.03,0.640407624673282
3.76_840.77,0.639798246918431
1.76_820.58,0.639671259168679
0.20_313.07,0.6395933333591
4.00_852.80,0.638978013781963
3.48_960.91,0.638359268480392
0.94_482.40,0.637852804948063
1.81_569.36,0.637189326771882
2.04_730.58,0.636402618367808
2.26_822.48,0.636368000949922
PC 37:3 ,0.630253136343729
2.22_802.60,0.629666563837421
0.20_432.28,0.629559643788896
0.18_128.04,0.629117015344017
3.44_950.80,0.628965844446144
1.96_922.59,0.62877589275635
4.07_1032.00,0.628292292813262
0.29_166.10,0.628274183452894
PC O-37:7|PC O-21:3_16:4,0.627432547023602
CAR 17:1,0.627074213065345
0.18_178.02,0.626938929652023
3.80_983.89,0.6268344149883
0.20_740.46,0.626630508944589
1.39_803.55,0.626115687695021
0.19_215.03,0.62516788628023
1.87_871.53,0.625077622382985
1.76_868.58,0.622991667822098
LPS 18:0 ,0.622601061061583
0.29_205.11,0.622469195013443
0.69_580.36,0.621719154369065
1.19_444.38,0.620801675839488
0.19_297.07,0.620635446549246
TG 48:0 ,0.620628464891376
3.82_893.84,0.620553470227482
LPE-N (FA)40:6|LPE-N (FA 20:3)20:3,0.619744611308852
0.62_504.35,0.619448315684974
1.38_769.55,0.619299475487762
0.18_154.05,0.619182326444677
2.29_852.64,0.619161177998587
1.19_612.50,0.618888356245788
3.91_977.94,0.618659368543755
PC 34:4|PC 16:2_18:2,0.618652839441083
1.72_649.52,0.618434489404684
PC 39:5 Isomer B,0.617047715692699
PE-O 18:1_22:6 ,0.616794960306817
0.27_322.19,0.615095145142033
0.20_173.01,0.615061129862791
2.09_744.57,0.615060913446798
2.16_734.56,0.615017367481725
1.12_452.40,0.614987866964148
0.29_183.13,0.61477129696916
2.96_703.53,0.613607093400105
4.45_976.94,0.612676692642892
2.00_708.57,0.611743434714566
2.12_707.53,0.611182728824397
0.19_566.16,0.611136981757509
2.02_590.60,0.610740347630613
3.99_986.93,0.610396129179067
2.46_624.61,0.60962353808379
3.24_759.62,0.609201324094775
2.25_700.57,0.609190209230603
1.82_818.57,0.607257822405536
2.26_780.53,0.605914957511333
2.54_475.41,0.605514116703284
PE 42:10 Isomer A,0.604742651304794
4.54_369.35,0.604541763222096
2.06_512.49,0.604524427022321
1.78_894.56,0.602564105461851
2.48_808.56,0.60021206733199
Cer d46:1 ,0.599894589366093
PC 21:4 ,0.599690210069963
0.18_260.02,0.598621591823691
1.88_437.80,0.596338702993136
0.95_394.35,0.596229506671291
4.05_869.77,0.59606069047248
1.71_894.60,0.596006793675167
1.90_686.56,0.595785630746634
1.81_562.56,0.594861508825917
0.19_220.16,0.594248518478457
1.90_743.58,0.593720541186467
PI 36:4 ,0.593594559105198
PC 39:4 ,0.593136908532905
1.71_846.57,0.592092215572113
2.43_766.59,0.59112983382724
0.19_182.08,0.591054383485738
SM d38:2 Isomer A,0.590981152385059
FA 18:2+2O ,0.588606859601672
2.74_659.52,0.588107476103139
0.19_151.14,0.58808055003599
SM d30:1 ,0.586385094560113
4.82_460.32,0.586167852733502
3.92_909.88,0.585914882914144
4.26_888.85,0.585804806099469
1.95_844.54,0.585260955146017
1.88_710.61,0.584804844629014
3.88_1022.93,0.584734562421267
0.18_138.07,0.583366592356078
CAR 14:1 ,0.583290962549657
1.76_806.50,0.582210456518539
4.06_912.77,0.581985919639444
0.19_525.29,0.581871267828093
3.52_801.81,0.581132573860556
1.69_429.37,0.580718907234293
1.02_430.39,0.580311498783121
4.12_895.84,0.580115498451429
3.99_871.71,0.579995269014646
TG 52:0 ,0.579214108364066
3.60_760.62,0.578074570678359
PE O-40:5 Isomer B ,0.577306868267824
3.87_996.91,0.57715462444298
0.18_270.04,0.576985494458239
1.41_637.47,0.576975128075359
1.74_895.53,0.576865947788559
0.20_409.19,0.576607446792712
PC 16:0/9:0 CHO ,0.57609626602263
2.29_868.62,0.575816112120232
0.96_286.25,0.575757232240938
1.88_840.55,0.575094465418578
FA 24:0(2OH),0.574410668713245
2.21_842.55,0.574010899312779
4.36_934.88,0.573416232010366
0.20_176.09,0.573253328763886
0.21_387.03,0.571709977769209
0.28_126.10,0.570913605233506
1.88_874.60,0.570165144783405
1.20_594.41,0.569448589572811
1.88_696.54,0.569243684618164
1.64_790.54,0.568557833571838
0.22_198.12,0.567061652697118
PC 42:5 ,0.566566352949533
1.71_423.79,0.56644670047614
3.17_930.85,0.565776420369767
1.88_688.52,0.564358297899379
1.94_759.52,0.563673803995846
3.80_856.78,0.562591328318984
2.13_1532.07,0.562488596357446
2.07_724.49,0.562156682791025
0.25_292.18,0.56155093825531
TG 50:4 ,0.560294413314384
0.41_245.05,0.560014202626047
2.58_828.65,0.558663962436556
4.00_873.73,0.558603979581504
0.31_200.24,0.558032091886158
3.52_910.80,0.557040405773511
TG 49:0 ,0.556319706428766
2.24_971.77,0.554901336144615
0.35_397.27,0.554786799378928
3.57_929.84,0.554243480342261
0.30_381.13,0.552226987074964
3.54_902.84,0.551462611657874
2.24_874.58,0.550854900650572
3.91_899.81,0.548085234254374
4.40_948.90,0.545184766816386
3.90_537.54,0.543622473364507
FAHFA 26:0 ,0.543460184897563
4.12_1026.95,0.54317974640978
2.13_1554.06,0.541935696338096
1.81_613.55,0.540796012417268
3.72_940.83,0.540731385010456
PC 40:4 Isomer C,0.53944768458348
1.11_496.42,0.538847898353464
Cer d34:2 ,0.538304389381473
1.78_794.50,0.537996679247552
PE 16:0_16::1 ,0.537168985176703
0.62_431.38,0.536953163412502
2.42_762.62,0.536742303941504
0.67_564.37,0.536190002853794
2.08_764.56,0.535671277975937
2.10_722.53,0.535601902592942
PC 40:4 Isomer B,0.534187850151924
3.99_934.87,0.533073385423888
4.05_1064.98,0.532636463272382
DG 45:7,0.531980011207973
0.24_217.09,0.531953883583022
2.00_430.38,0.531916767313502
FAHFA 38:4 ,0.530464045619527
0.20_204.12,0.529876266023107
Cer 60:4;O2|Cer 22:1;O2/38:3,0.529384096759825
1.28_620.43,0.529228415724895
PC 35:1 Isomer B,0.528894518425437
arachidonoylthiophosphorylcholine ,0.528217668067085
3.45_623.50,0.527556140904097
3.99_855.73,0.526821724070854
2.28_1325.89,0.526461348312023
CAR 17:0,0.526337014966531
2.14_838.64,0.525937554335138
1.74_836.53,0.525852454444438
TG 44:0 ,0.524193526134802
SM d34:2 ,0.523781416706414
3.75_910.79,0.523754507871363
4.08_876.82,0.523506429506449
1.81_772.56,0.523465435501516
0.23_281.20,0.522296474465473
1.93_851.60,0.521925627192574
0.20_585.29,0.520760126470993
0.29_387.22,0.519116328168518
0.19_219.17,0.518752999702222
0.81_428.37,0.517598566551177
0.20_143.00,0.517016343370295
1.25_878.56,0.516545410278299
0.94_526.43,0.516350363352478
Cer 53:5;O2|Cer 15:2;O2/38:3,0.514805327954573
1.90_668.55,0.514196030142868
0.18_201.02,0.512726418601232
3.79_878.84,0.512056188245098
3.76_869.83,0.511715182156692
0.18_425.21,0.511693860545683
PC 32:5|PC 10:0_22:5,0.511582706389215
2.04_864.56,0.510868190996378
TG 46:2 ,0.50952494307626
PC 26:1,0.508961438928118
0.23_219.08,0.508921785321318
0.93_570.46,0.508433339701926
0.18_218.05,0.507799640335542
TG 53:1 ,0.506720955804444
3.59_868.82,0.506518413025072
1.89_866.57,0.506261924117252
TG 49:2|TG 15:0_17:1_17:1,0.505241615663609
0.18_281.15,0.504879076271114
0.31_221.08,0.504311753255098
LPC 16:0 ,0.503745222587949
0.42_528.27,0.503546451051566
1.92_862.60,0.502462363109723
0.20_327.20,0.501946652965679
FA 19:1 ,0.501574157273143
2.11_975.77,0.501463997903484
1.96_718.55,0.501160833456424
TG 58:5 ,0.499906237817827
0.87_360.36,0.499605685624495
PC 36:4 Isomer C ,0.499237869856854
0.19_217.11,0.499062166083694
DG 50:9,0.498284855093055
0.18_257.06,0.497790819259922
0.22_181.11,0.49777340228665
1.53_662.47,0.49759735865601
3.95_1009.98,0.496222800905753
0.32_245.05,0.495825286870262
0.22_305.02,0.4951964115502
2.33_973.78,0.495041564640664
3.84_797.73,0.493889659890299
0.19_388.25,0.49364152387626
0.44_434.33,0.493339795804513
0.20_321.14,0.493240534720706
0.19_415.25,0.493075583476923
3.99_924.78,0.492781028600901
0.87_440.37,0.492111035471806
0.59_332.33,0.492093832189024
1.89_735.50,0.491751315363546
0.34_216.03,0.49143375089238
0.20_129.10,0.491286597881757
4.18_913.77,0.48957684808657
0.18_234.04,0.489361040605171
0.22_110.07,0.488530906895167
2.19_608.61,0.488377314932972
3.54_870.76,0.488105114444531
3.68_891.81,0.48644183760553
PC 37:2 Isomer B,0.486346628004274
0.70_402.36,0.48182329915119
4.35_986.92,0.480632409575583
0.23_301.01,0.479489678620484
0.20_349.18,0.478505150786791
2.02_876.61,0.478255496686658
3.44_645.49,0.477938740352099
1.87_798.57,0.477026539764287
(Z)-9,12,13-trihydroxyoctadec-15-enoic acid ,0.475696311564275
3.99_918.86,0.474665952537092
0.76_428.37,0.474612491488087
PC 24:0 ,0.474155671753376
SM 41:3;3O ,0.473611750007368
0.93_614.49,0.472987174653979
2.04_838.58,0.471908318783426
2.47_836.62,0.4716560366632
0.20_239.16,0.470419869745007
FA 18:1+2O ,0.470064366926602
TG 60:2|TG 16:0_20:1_24:1,0.469908073620658
4.37_992.95,0.469426552272251
TG 18:0_18:1_22:0 ,0.469095515301033
4.82_484.29,0.469010901605684
HexCer 42:9;O4,0.46775259066171
PC 37:4 ,0.467535875954029
3.15_904.83,0.466649264691778
3.34_958.88,0.465343934090748
0.20_128.11,0.464076629143198
1.67_664.49,0.463820824960618
PC 35:4 Isomer A,0.463036272528664
3.79_970.88,0.460688013247855
1.60_509.33,0.460455148058951
PC O-38:7|PC O-20:5_18:2,0.460266667549409
1.23_465.30,0.459721048494485
3.83_903.81,0.459037376240943
3.59_855.82,0.458770058533401
2.27_778.59,0.457134859363243
0.27_302.24,0.455754018602867
PI 34:2 Isomer A ,0.453760497772535
3.78_919.83,0.453478076390105
3.46_934.88,0.452087989434469
1.25_510.44,0.45179299585478
3.32_932.87,0.45151470708624
1.49_636.46,0.451126952534291
2.32_975.78,0.448744549120373
2.74_788.65,0.448628446098152
PC O-16:0_20:4 ,0.447635317286861
3.69_926.82,0.445540497680415
3.55_964.84,0.445419467192275
PC 26:0|PC 10:0_16:0,0.445380855620336
3.95_872.75,0.445370924309102
0.66_438.36,0.444961252389881
0.19_255.04,0.4446551821399
PC 22:4 ,0.443806874188017
CAR 15:0,0.442094955522297
Cholesterol ,0.441544024351705
NAE 5:0,0.439263697521113
2.22_781.59,0.439017636948589
4.17_563.55,0.438904431628743
2.13_541.65,0.43825836809698
3.95_1018.99,0.436238904057564
0.68_284.33,0.435068301431408
TG 48:2 ,0.43492447827298
0.21_471.03,0.433760275720157
0.20_203.15,0.433194992488517
4.30_1031.01,0.432146747626246
0.19_449.07,0.431562002229319
1.88_750.52,0.430079403081345
PI 34:1 Isomer A ,0.427478613822709
0.81_416.37,0.427073329915356
0.20_158.11,0.427056688020711
0.50_476.36,0.426267528064282
0.20_256.17,0.424343389061117
1.70_876.56,0.422200332096496
1.97_902.61,0.421557447430802
1.11_540.45,0.4200240172023
3.83_912.81,0.41977651548572
2.28_738.54,0.419628813825711
0.19_139.05,0.419283750091952
1.89_701.55,0.419011350746161
0.19_569.32,0.41887945008373
1.10_584.47,0.418613830967746
0.19_666.11,0.417498431193985
2.19_961.81,0.416212429324005
2.40_846.64,0.416121975519208
2.29_798.55,0.414904066380159
4.54_1129.10,0.413336981709053
Cer 59:7;O2|Cer 27:1;O2/32:6,0.413192931866014
1.91_770.55,0.412215919271295
0.22_363.20,0.410532234955362
3.84_904.83,0.41028894215059
1.35_435.79,0.409623522199792
4.00_825.76,0.40812237236432
2.82_859.25,0.40791132511792
3.83_866.82,0.407165850915058
TG 55:3 ,0.40642836410489
3.72_928.82,0.405827825458331
0.18_166.02,0.405495841116559
3.67_884.78,0.404474385251486
0.62_374.30,0.40436759799228
4.37_908.86,0.403041862316563
1.09_628.50,0.401330314130159
TG 46:0 ,0.400472737680893
4.37_978.94,0.400122937747764
FA 30:0 ,0.398202146996004
1.89_708.52,0.397772496633557
0.30_258.28,0.397200159121977
0.30_268.26,0.397113969157661
2.00_672.54,0.396623900231284
2.22_769.57,0.395411996068415
0.19_191.15,0.395252720044259
2.15_811.58,0.393145916846998
1.31_608.43,0.392262031166726
3.32_857.75,0.39195834828204
1.24_962.74,0.39157803730926
TG 53:7,0.391366718053361
1.37_634.45,0.391330123188102
1.26_874.56,0.390750619438122
0.22_336.32,0.390677794779274
4.35_960.90,0.389274071577422
GlcADG 37:3 ,0.388759078087544
0.20_344.23,0.387797101257194
TG 8:0_10:0_18:1 ,0.387095800441069
0.18_244.08,0.385806793168807
4.44_1023.00,0.385597539212715
0.20_471.05,0.384783205292987
2.30_752.52,0.384388851403752
1.75_677.55,0.384361150043177
1.52_632.47,0.382898149466385
0.21_298.04,0.380742178038318
2.02_846.57,0.379269145228432
PC 40:8;O|PC 20:5_20:3;O,0.379119348394332
1.56_870.57,0.376166150818373
1.25_554.46,0.375955957465314
2.03_902.63,0.374769368969882
CAR 12:0 ,0.374365509961235
13-HODE ,0.373301602831273
0.81_572.45,0.373134909864874
0.53_216.03,0.371899263865443
DG 39:7,0.369841237074592
3.93_887.76,0.369337648292017
3.36_822.76,0.368784531070922
0.19_283.16,0.368571621756348
SM 38:4;O2|SM 23:2;O2/15:2,0.368160144517458
TG 58:6|TG 18:2_18:2_22:2,0.365463535966311
0.20_363.03,0.364043122482484
1.49_674.48,0.363789864789301
3.72_575.50,0.362798974128216
1.24_598.49,0.361505610867572
1.51_706.47,0.361469927036302
0.20_455.06,0.361384209053615
2.25_560.46,0.361264007129029
1.96_900.61,0.361056060533611
TG 55:1;O2|TG 18:0_20:1_17:0;O2,0.360188218179746
0.20_208.99,0.357468379791654
PC 35:5,0.356405263321983
1.21_568.48,0.355289456917009
0.19_341.05,0.35497864347619
0.20_106.04,0.354922781792856
3.70_836.76,0.353704490917414
0.25_235.07,0.351743167828269
1.75_834.56,0.349565632377077
2.29_754.53,0.348039322648049
2.09_692.58,0.346703430077515
1.64_791.54,0.34542130129345
PC 24:0|PC 10:0_14:0,0.345114176775465
0.20_216.04,0.344763475708741
1.08_672.52,0.344229661345537
4.41_1006.97,0.343636567445002
1.84_848.58,0.342636856544124
3.81_835.74,0.34200656771557
0.20_232.03,0.341129537679251
0.20_142.12,0.341016117826174
PC 28:0 ,0.340443014283913
2.83_750.41,0.339391270148884
FA 18:1 (oleic acid) ,0.339235749504235
0.19_134.11,0.339223445780423
Cer d33:1 ,0.335884118977793
PC O-39:10,0.335427999566469
2.17_763.55,0.334281050919054
0.46_374.33,0.334109863034943
0.23_224.19,0.333866041537003
0.22_271.14,0.331885001304146
PC 29:0 ,0.328839659319676
0.42_526.26,0.328778392192146
2.06_884.58,0.328197349949904
0.19_650.12,0.326985904371169
0.19_305.15,0.326207617770708
0.19_433.08,0.326030687630353
0.20_136.08,0.325999768682589
3.99_920.87,0.324930909894128
0.31_429.16,0.323949675772409
2.11_554.48,0.322625522306005
0.19_387.20,0.322375346653186
0.53_332.33,0.321513509636881
3.67_838.78,0.31954755849771
4.16_960.91,0.319071424042284
3.91_568.52,0.317852025091224
0.23_276.20,0.317586260064284
2.03_994.85,0.316466347594336
0.19_541.26,0.315685926348496
0.21_1137.04,0.312206047290723
0.19_363.20,0.311910628474821
PE 42:10 Isomer B,0.311832693682955
1.89_872.58,0.311477293569671
1.78_872.58,0.311345051050918
0.20_195.12,0.310995283323475
1.21_774.59,0.310835875418279
1.45_632.46,0.310360257555142
2.28_791.56,0.310221106958307
TG O-50:1|TG O-17:0_15:0_18:1,0.308398086763458
SM 38:1;O2|SM 16:1;O2/22:0,0.307911394612885
2.45_890.67,0.304264210015951
2.50_780.56,0.302912903262032
4.08_1032.99,0.302787068090193
0.19_349.18,0.301790326085861
1.72_714.59,0.301144510365719
0.20_234.02,0.300063676130033
2.11_546.45,0.299167545757624
4.07_878.82,0.299053112377169
4.50_705.65,0.297896390309632
0.20_300.20,0.296787314276566
0.19_577.37,0.29648612822571
0.49_258.28,0.29642028825007
0.18_196.10,0.293992906286966
0.20_207.20,0.292431600392695
1.28_1020.78,0.291995490295032
0.19_628.18,0.290595226876465
2.92_677.51,0.28975372797365
0.26_189.16,0.289625902599383
0.19_373.18,0.288935174389459
2.00_740.60,0.288539202702011
0.99_788.61,0.28849720206458
4.30_1004.96,0.287684672714521
0.26_152.07,0.287114868279601
1.88_727.53,0.28457062497061
1.18_518.37,0.28066712456576
3.47_926.82,0.280167402814868
1.07_716.55,0.279980065930485
1.67_810.51,0.279623231043343
0.19_550.15,0.278587870492778
2.33_745.61,0.278002015482571
0.18_261.18,0.276815159504716
3.99_970.90,0.276645911446376
0.19_229.16,0.276328659186856
1.35_870.56,0.275999852200016
2.11_571.47,0.275077306721811
4.15_1006.92,0.27244425984012
SM 35:4;O2,0.272220819715145
2.63_662.57,0.27181536621989
1.30_876.58,0.271556634239111
0.41_628.33,0.269225229969999
4.17_1022.96,0.26870367588704
3.57_911.82,0.267414899708839
1.22_730.56,0.265583474099822
FA 22:1 (erucic acid) ,0.264320534389377
1.99_530.43,0.264064798372978
0.20_152.07,0.26398809259819
0.18_435.09,0.263846498563626
1.90_873.57,0.263741813212368
2.19_983.86,0.263499634498365
0.19_347.16,0.260749897918572
0.18_258.04,0.260611397716672
4.13_983.89,0.260325615638874
0.29_416.35,0.259937333934544
1.90_692.56,0.259922991822465
PE 40:10,0.258370103158985
PC 35:4 Isomer B,0.257829411917564
3.85_919.85,0.255716789467226
2.22_754.58,0.255052412985187
0.23_207.16,0.254066592050148
0.20_365.17,0.25332057761115
Cer 32:1;2O|Cer 14:1;O2/18:0,0.253278478640356
4.22_920.87,0.253097444280047
0.20_293.09,0.251201750583444
0.71_326.38,0.249321910743392
TG 60:1 ,0.247280588839997
0.29_159.16,0.241887436083999
2.04_848.58,0.23599957641044
PEtOH 16:0_20:4 ,0.233423282218007
0.21_206.01,0.233221649377918
4.23_876.82,0.232941276461335
0.18_457.07,0.230819723725487
DG 51:8,0.230570812876952
4.07_880.84,0.229038542668305
0.26_263.08,0.228788710858461
2.91_740.68,0.226556636047198
1.13_226.18,0.226364796723297
0.19_558.09,0.225970597435624
2.17_850.63,0.225800031230189
PC O-29:0,0.225199088476921
4.46_1049.02,0.223147342708119
4.07_977.93,0.223014695428616
4.25_603.54,0.22198496346606
1.20_365.32,0.217417164666529
2.24_850.57,0.217248593843046
1.78_436.80,0.216648473265037
Cer d32:1 ,0.214092840721166
1.56_435.79,0.213197557256082
2.01_797.58,0.206587863920494
3.55_936.83,0.206244541166898
1.23_686.54,0.206087202320593
0.18_375.20,0.203782821585398
0.41_570.32,0.203758763150618
0.19_371.23,0.202520753668355
1.23_642.52,0.198397352726044
PC 39:9,0.196546441929816
0.19_391.19,0.196281154361638
2.25_824.58,0.193975841929524
1.50_422.78,0.193737559365447
0.33_230.25,0.193052469675946
0.19_415.19,0.191912808344539
1.49_397.33,0.191176168500016
PC 41:10|PC 19:4_22:6,0.191056403321301
3.99_946.89,0.187444731621848
LPC 20:2 ,0.187085985339151
1.68_872.54,0.186332981716913
LPC 18:1 ,0.182808547903177
0.24_401.21,0.180341222451858
1.54_599.43,0.177779448722497
0.24_216.03,0.177527939991843
0.19_154.09,0.175355232904095
1.96_450.81,0.173183742636823
1.18_602.46,0.171166226442589
2.42_861.64,0.170578852752638
0.19_211.13,0.169785314167037
0.19_399.20,0.16936455069744
3.43_912.80,0.165776317394335
0.22_183.08,0.165707794344147
4.23_952.88,0.1639655823496
2.19_939.82,0.162341580631884
2.45_752.57,0.158526986361262
0.28_300.20,0.157250466748131
0.18_219.04,0.155218468916227
0.19_361.18,0.151092608264504
1.74_770.48,0.150929411340998
3.57_830.73,0.1473061280441
4.10_960.91,0.145155439541468
0.20_365.15,0.142094042751761
0.18_401.21,0.140093320756927
SM d31:1 ,0.137587784727199
0.56_338.34,0.136733066616927
3.98_940.83,0.133949407924332
4.16_1026.97,0.132313393034638
LPC 20:1 ,0.131066927184653
1.71_770.48,0.125103151577471
1.88_930.59,0.119962389440821
0.19_145.12,0.117760433149784
0.23_375.20,0.11705503457229
1.97_741.53,0.116646452158363
0.65_580.36,0.112625855735038
1.96_802.55,0.110804653016997
1.75_898.56,0.106058117172295
0.19_385.18,0.103170829567146
2.11_568.54,0.0945138905629976
0.26_227.00,0.0886312748563337
PC 41:9,0.0886265620248375
1.90_858.60,0.0883436012547136
2.12_789.55,0.0836407475085268
0.23_377.21,0.0806066738569886
2.08_824.61,0.0715371550166956
1.29_844.55,0.0683153039766617
0.19_359.16,0.0666795432145388
2.31_850.63,0.0653046932349816
1.28_519.41,0.061191176402184
1.30_422.78,0.0608702106640038
0.19_371.16,0.0601618262789143
0.20_246.04,0.0592957052666715
1.56_587.43,0.0261358464247024
