INCHIKEY,Chemical.Name,PubChem.CID,uniqueID,estimate,estimate1,estimate2,statistic,p.value,parameter,conf.low,conf.high,method,alternative,p.adj
BKAJNAXTPSGJCU-UHFFFAOYSA-N,4-Methyl-2-oxopentanoic acid,70,5,0.429570174116432,8.30935369433116,7.87978352021473,2.55628345731271,0.014664343035582,38.3123267744042,0.089472285925752,0.769668062307111,Welch Two Sample t-test,two.sided,0.0312839318092417
XOMRRQXKHMYMOC-OAQYLSRUSA-N,3-carboxy-N,N,N-trimethyl-2-[(1-oxohexadecyl)oxy]-1-Propanaminium,11953816,12,0.657616248472017,14.1249981796282,13.4673819311562,2.79215769492363,0.00819775700444103,37.4491830283972,0.18059526018063,1.1346372367634,Welch Two Sample t-test,two.sided,0.0233909227888505
FNPHNLNTJNMAEE-HSZRJFAPSA-N,Stearoylcarnitine,52922056,16,0.491796707181097,13.0172227873297,12.5254260801486,2.48175833431759,0.0179461142316954,35.513772908116,0.0897090762445764,0.893884338117617,Welch Two Sample t-test,two.sided,0.0358922284633909
MJLXQSQYKZWZCB-DQFWFXSYSA-N,O-linoleyl-L-carnitine,6450015,18,0.758433067523995,13.36149782742,12.603064759896,3.00883023897703,0.0049330164463617,33.7300772427332,0.246016026197564,1.27085010885043,Welch Two Sample t-test,two.sided,0.0182990564794155
GXTRSPPHWHQFMZ-NPNMLZSOSA-N,(13Z,16Z,19Z,22Z,25Z,28Z,31Z,34Z,37Z)-N-[(4E,8E)-1,3-dihydroxyoctadeca-4,8-dien-2-yl]tetraconta-13,16,19,22,25,28,31,34,37-nonaenamide,164267617,36,0.762160075045012,11.6055846435801,10.8434245685351,3.2362701620255,0.0026173312597761,35.6310667135558,0.284360596116984,1.23995955397304,Welch Two Sample t-test,two.sided,0.014956178627292
GCGTXOVNNFGTPQ-JHOUSYSJSA-N,N-(hexadecanoyl)-sphinganine,5283572,41,0.237968109520562,9.46840924853875,9.23044113901819,2.29623143637845,0.0271507859069977,38.7920415021314,0.028312217774166,0.447624001266958,Welch Two Sample t-test,two.sided,0.0493650652854504
MJQIARGPQMNBGT-WWUCIAQXSA-N,N-(9Z-octadecenoyl)-sphinganine,6442676,47,0.496954635954353,12.2430760255078,11.7461213895535,3.04903114260791,0.00466704545947466,31.0193045699846,0.164547372866537,0.829361899042169,Welch Two Sample t-test,two.sided,0.0182942454967809
WNPWDGNHTKGEDS-UHFFFAOYSA-N,N-(1,3-dihydroxyoctadeca-4,8-dien-2-yl)octadecanamide,25201955,48,0.248351441928873,8.19279124961622,7.94443980768734,2.34846393449109,0.0261996157799094,27.7915404558783,0.0316579573689397,0.465044926488805,Welch Two Sample t-test,two.sided,0.0484356161491961
CZKJGFHQZINDHS-RQDJVNCUSA-N,N-(eicosanoyl)-4E-heptadecasphingenine,134725797,49,0.4439799210746,8.45067984728894,8.00669992621434,3.03531941050181,0.00438339202146865,36.971596809771,0.147598559912712,0.740361282236488,Welch Two Sample t-test,two.sided,0.0182942454967809
XWBWIAOWSABHFI-NUKVNZTCSA-N,N-icosanoylsphingosine,5283566,50,0.460679543299451,10.1726176582295,9.71193811493004,3.2110024941719,0.00288007645097463,34.1458335169088,0.169161172879884,0.752197913719017,Welch Two Sample t-test,two.sided,0.0158900769708945
NBSDZPNNDCXPFZ-UHFFFAOYSA-N,N-(1,3-dihydroxyoctadeca-4,8-dien-2-yl)icosanamide,132994556,51,0.476105389049534,7.86367841744603,7.38757302839649,3.54520677968049,0.00122667515333444,32.1537816857937,0.202605667201771,0.749605110897297,Welch Two Sample t-test,two.sided,0.00934609640635767
WYSRACVJQVNCRW-PQPBPFPMSA-N,N-(tricosanoyl)-hexadecasphing-4-enine,11273482,52,0.386265925466017,9.08426490632537,8.69799898085935,2.65231100988613,0.0115324422347132,38.669590155055,0.0916134225193374,0.680918428412696,Welch Two Sample t-test,two.sided,0.0267418950370162
KEPQASGDXIEOIL-GLQCRSEXSA-N,N-docosanoylsphingosine,5283567,54,0.360563886504636,8.63632763215893,8.2757637456543,2.52577921290366,0.0157265618050585,38.9202263944864,0.0717987035531218,0.64932906945615,Welch Two Sample t-test,two.sided,0.0322596139590945
HILTUFAERVOALR-MQXYEJFFSA-N,N-(docosanoyl)-4E,14Z-sphingadienine,52931123,55,0.498510257461714,8.95592919707429,8.45741893961258,2.77960539230784,0.00833301624352798,38.9941079728963,0.135747598607796,0.861272916315632,Welch Two Sample t-test,two.sided,0.0233909227888505
KADBCXSPXAVXJL-UHFFFAOYSA-N,N-(1,3-dihydroxyoctadeca-4,8-dien-2-yl)tetracos-11-enamide,163141710,59,0.398182519791899,5.49401649135121,5.09583397155931,2.3157186568971,0.0259324415897597,38.9257345521154,0.0503642314458965,0.746000808137901,Welch Two Sample t-test,two.sided,0.0484356161491961
KZTJQXAANJHSCE-UHFFFAOYSA-N,N-(1,3-dihydroxyoctadecan-2-yl)octadecanamide,4255985,61,0.253980659863713,6.96619547308293,6.71221481321922,2.74499576175682,0.00911331834290413,38.8717950021688,0.0668114992241291,0.441149820503298,Welch Two Sample t-test,two.sided,0.0239037858174535
QSBYPNXLFMSGKH-UHFFFAOYSA-N,9-heptadecenoic acid,3014063,79,-0.315244602731571,8.70602873990388,9.02127334263545,-2.82478288304193,0.00744457327770378,38.6607551195973,-0.541039421575047,-0.0894497838880951,Welch Two Sample t-test,two.sided,0.0224815993777185
YOKHLRHWEXTWJR-ZHACJKMWSA-N,9-Nonadecenoic acid,14275215,85,-0.386580078003188,8.3040032357838,8.69058331378699,-2.67940526888914,0.0111165525264024,35.4039609353166,-0.679361209190336,-0.0937989468160402,Welch Two Sample t-test,two.sided,0.0261565941797704
AHANXAKGNAKFSK-PDBXOOCHSA-N,11,14,17-Eicosatrienoic acid,5312529,88,-0.368743441352332,7.27687857156925,7.64562201292159,-2.89822274281194,0.00685928360228941,30.7689704227309,-0.628311532540531,-0.109175350164133,Welch Two Sample t-test,two.sided,0.0216381935965898
HVGRZDASOHMCSK-AVQMFFATSA-N,13,16-Docosadienoic acid,5282807,92,-0.466995365210951,7.43096063240293,7.89795599761388,-3.20363934476034,0.00301490979419791,32.8227023028733,-0.763628074983007,-0.170362655438895,Welch Two Sample t-test,two.sided,0.0160795189023889
GJTDRNFWIDPARY-GTPZACKGSA-N,1-(9Z-eicosenoyl)-sn-glycero-3-phosphocholine,24779475,124,-0.423784303521039,5.58021786452738,6.00400216804842,-2.29458785879934,0.0275861207765261,36.649291214569,-0.798119940061984,-0.0494486669800943,Welch Two Sample t-test,two.sided,0.0495930261151031
YYQVCMMXPIJVHY-ZOIJLGJPSA-N,Lysophosphatidylcholine(20:2),52924053,125,-0.481825246918832,5.46390659089916,5.94573183781799,-2.67263644381534,0.0111115978512819,37.1579190689719,-0.847056609945353,-0.116593883892311,Welch Two Sample t-test,two.sided,0.0261565941797704
LSOWKZULVQWMLY-APPDJCNMSA-N,LPC(22:6/0:0),10415542,128,-0.844560974676721,11.5787955526417,12.4233565273184,-2.79733460056409,0.00876905968511873,31.0496951179447,-1.46028343163821,-0.228838517715227,Welch Two Sample t-test,two.sided,0.0237805008409999
XKBJVQHMEXMFDZ-UHFFFAOYSA-N,Lyso-PAF c-18,3985,132,0.374883570284056,6.78406537578393,6.40918180549988,2.65444072355902,0.0133937112354888,25.9258755723305,0.0845431418609146,0.665223998707198,Welch Two Sample t-test,two.sided,0.0289593756443002
JPNPIRVRGLGTRE-YSKCIPFOSA-N,LysoPE(20:4(8Z,11Z,14Z,17Z)/0:0),53480952,137,-0.509662873116388,7.19696510738858,7.70662798050497,-3.10992884416807,0.00476579074633392,24.0442185309077,-0.847866787782863,-0.171458958449912,Welch Two Sample t-test,two.sided,0.0182942454967809
KCWGBXXAJHVZNN-UHFFFAOYSA-N,[3-[2-Aminoethoxy(hydroxy)phosphoryl]oxy-2-hydroxypropyl] icosa-5,8,11,14,17-pentaenoate,75958074,138,-0.666329090376248,11.3115821755385,11.9779112659147,-2.7626750613377,0.00961401328878585,30.57390033956,-1.15851697798888,-0.174141202763615,Welch Two Sample t-test,two.sided,0.0244165416858053
XEVRBOQZSXWGQO-PAUXXPOVSA-N,Lyso-PE(22:6w3/0:0),52925132,139,-0.600402421171885,7.17000319242639,7.77040561359827,-2.75932937442422,0.0103562133771647,26.5644394897323,-1.04720295453589,-0.153601887807881,Welch Two Sample t-test,two.sided,0.0254922175437899
GIEIKQLTPYMKIQ-LPNQNMOLSA-N,[(2S)-1-hexadecanoyloxy-3-[(2R,5R,6R)-3,4,5-trihydroxy-6-(hydroxymethyl)oxan-2-yl]oxypropan-2-yl] (5E,8E,11E,14E,17E)-icosa-5,8,11,14,17-pentaenoate,134732480,145,0.841410416032754,8.16928460998222,7.32787419394946,4.90016447220082,1.72734338194713e-05,38.8716997750005,0.494056191865201,1.18876464020031,Welch Two Sample t-test,two.sided,0.000921249803705136
XWBWIAOWSABHFI-UHFFFAOYSA-N,N-(1,3-dihydroxyoctadec-4-en-2-yl)icosanamide,4307993,147,0.446688461064792,11.3671761176425,10.9204876565777,2.38129313184509,0.0223735163191845,37.9480807267853,0.0669308695436753,0.826446052585908,Welch Two Sample t-test,two.sided,0.0431296700128857
XGGMHQYOVYWRLV-IZNHTBNISA-N,1-tetradecanoyl-2-(9Z-hexadecenoyl)-sn-glycero-3-phosphocholine,24778615,151,-0.474295434199643,12.4736522243846,12.9479476585843,-2.70123045498234,0.0105589955661371,35.1557890034721,-0.830695390724787,-0.117895477674499,Welch Two Sample t-test,two.sided,0.0255975650088173
JLPULHDHAOZNQI-UHFFFAOYSA-N,[3-(1-oxohexadecoxy)-2-(1-oxooctadeca-9,12-dienoxy)propyl] 2-(trimethylammonio)ethyl phosphate,122218,154,0.262220203514428,9.00478366423996,8.74256346072553,3.29904686263253,0.00218237725185468,36.2365505338842,0.101056471301186,0.423383935727669,Welch Two Sample t-test,two.sided,0.0129326059369166
IESVDEZGAHUQJU-UHFFFAOYSA-N,(2-Docosa-4,7,10,13,16,19-hexaenoyloxy-3-hexadecanoyloxypropyl) 2-(trimethylazaniumyl)ethyl phosphate,74063529,155,0.483017772746576,9.67014590815331,9.18712813540674,5.31777026195672,5.48383277348868e-06,36.4498039648011,0.298883102921194,0.667152442571959,Welch Two Sample t-test,two.sided,0.000438706621879095
ATHVAWFAEPLPPQ-UHFFFAOYSA-N,(3-Octadecanoyloxy-2-octadec-9-enoyloxypropyl) 2-(trimethylazaniumyl)ethyl phosphate,3033933,157,0.340899107613089,8.91203263467262,8.57113352705953,4.03756195919149,0.000348989644149222,29.7155929587441,0.168396891558217,0.51340132366796,Welch Two Sample t-test,two.sided,0.00576982419582272
FAUYAENFVCNTAL-UHFFFAOYSA-N,(2-Docosa-4,7,10,13,16,19-hexaenoyloxy-3-octadecanoyloxypropyl) 2-(trimethylazaniumyl)ethyl phosphate,133026175,158,0.372238580530059,8.85383995404541,8.48160137351535,3.83989588036825,0.00048002224194344,35.9788153701995,0.175631617617602,0.568845543442516,Welch Two Sample t-test,two.sided,0.0059079660546885
HRBNRYBXXRPMKP-OMCHRGCMSA-N,[2-[(5Z,8Z,11Z,14Z,17Z)-icosa-5,8,11,14,17-pentaenoyl]oxy-3-[(9Z,12Z)-octadeca-9,12-dienoyl]oxypropyl] 2-(trimethylazaniumyl)ethyl phosphate,24778981,160,0.261129329763191,9.4650396694796,9.2039103397164,2.8269313760643,0.00744702979386925,38.1051636506383,0.0741489207666693,0.448109738759713,Welch Two Sample t-test,two.sided,0.0224815993777185
WTJKGGKOPKCXLL-VYOBOKEXSA-N,1-hexadecanoyl-2-(9Z-octadecenoyl)-sn-glycero-3-phosphocholine,5497103,190,0.332976925238,18.1338209583539,17.8008440331159,3.12016896959092,0.00432087178447579,26.5613810496804,0.113841193996172,0.552112656479829,Welch Two Sample t-test,two.sided,0.0182942454967809
WTJKGGKOPKCXLL-MRCUWXFGSA-N,1-Palmitoyl-2-oleoylphosphatidylcholine,6436017,191,0.33302633425439,11.6863588885378,11.3533325542834,3.80942744477426,0.000560625955432,33.8082981197109,0.155327104884406,0.510725563624374,Welch Two Sample t-test,two.sided,0.00598001019127467
JLPULHDHAOZNQI-ZTIMHPMXSA-N,Lecithin,5287971,193,0.2834044498361,10.2867623074362,10.0033578576001,2.76303507614355,0.00906889879144058,34.9802485413622,0.0751721191403676,0.491636780531832,Welch Two Sample t-test,two.sided,0.0239037858174535
ATHVAWFAEPLPPQ-VRDBWYNSSA-N,1-Stearoyl-2-oleoyl-sn-glycero-3-phosphocholine,24778825,211,0.416980880971787,15.1065509822407,14.689570101269,3.4479913832028,0.00172100337731229,29.4909318215356,0.169820919018486,0.664140842925087,Welch Two Sample t-test,two.sided,0.01118029287064
ATHVAWFAEPLPPQ-VRDBWYNSSA-N,1-Stearoyl-2-oleoyl-sn-glycero-3-phosphocholine,24778825,212,0.347140701135469,9.90186546792249,9.55472476678702,3.75840409604718,0.000798527250271569,28.0440685002652,0.157955308637378,0.536326093633561,Welch Two Sample t-test,two.sided,0.00745694753999424
BXRLDROZWDUSGM-ZRYFCQOPSA-N,PC(18:1(9Z)/18:2(6Z,9Z)),24778937,216,0.535617969644495,15.9689862195036,15.4333682498591,2.90950354723689,0.00614811991429008,36.2844803184658,0.162362557456869,0.908873381832121,Welch Two Sample t-test,two.sided,0.0209297699209875
YPAZQMWFRMHBBM-CLKMJQEKSA-N,PC(18:2(9Z,12Z)/18:1(11Z)),53478785,217,0.464307199182395,9.69176084209208,9.22745364290968,3.37753731215812,0.00173595309627512,36.9078756815649,0.185744764152912,0.742869634211878,Welch Two Sample t-test,two.sided,0.01118029287064
PSVRFUPOQYJOOZ-QNPWAGBNSA-N,[(2R)-2-[(5Z,8Z,11Z,14Z)-1-oxoeicosa-5,8,11,14-tetraenoxy]-3-(1-oxooctadecoxy)propyl] 2-(trimethylammonio)ethyl phosphate,16219824,241,0.520237193064379,14.3414858341565,13.8212486410922,2.66050879647841,0.012992987132011,26.8915229226443,0.11894550623822,0.921528879890537,Welch Two Sample t-test,two.sided,0.0288066375114725
PLZBTDKJYHXIEW-DZUXOTHRSA-N,PC(20:4(5Z,8Z,11Z,14Z)/18:2(9Z,12Z)),52923295,249,0.461537405019033,14.4919324101523,14.0303950051333,2.98283758880121,0.0051751841501559,34.9923307225512,0.147414339930783,0.775660470107284,Welch Two Sample t-test,two.sided,0.0184006547561099
TYRTWVKQVGNGSZ-RGBTVBCDSA-N,PC(20:2(11Z,14Z)/20:4(5Z,8Z,11Z,14Z)),52923195,268,0.431977187021536,14.9572364391244,14.5252592521029,2.8154530993219,0.00797684079526598,34.6885890218302,0.120396138978279,0.743558235064793,Welch Two Sample t-test,two.sided,0.0233909227888505
SIMZOWLEIOYZJX-VRCXRDLJSA-N,PC(20:5(5Z,8Z,11Z,14Z,17Z)/20:3(5Z,8Z,11Z)),53479127,272,0.382168841839478,15.4408800504707,15.0587112086312,2.40847038867436,0.020991308022804,37.8931106427187,0.0609143017779987,0.703423381900958,Welch Two Sample t-test,two.sided,0.0409586498005932
BFCSBEFTXQRIOJ-IMYLGOOQSA-N,PC(20:4(8Z,11Z,14Z,17Z)/20:4(8Z,11Z,14Z,17Z)),53479093,273,0.327773364976151,9.60567970181394,9.27790633683779,2.9908314386786,0.004802239442905,38.9985640946979,0.106100895886025,0.549445834066278,Welch Two Sample t-test,two.sided,0.0182942454967809
XLKQWAMTMYIQMG-UHFFFAOYSA-N,2,3-Di(docosa-4,7,10,13,16,19-hexaenoyloxy)propyl 2-(trimethylazaniumyl)ethyl phosphate,74051656,300,0.437201878778682,14.9190497087901,14.4818478300114,2.36103466671985,0.0243730682728784,32.5348707424983,0.0602581331874238,0.81414562436994,Welch Two Sample t-test,two.sided,0.0464248919483398
JRTZGTYHEHCHTM-UHFFFAOYSA-N,Phosphatidylethanolamine 18:0-16:0,6426734,394,0.32451580469854,7.04035065462306,6.71583484992452,2.92777850627262,0.00636492844629733,30.8214962387529,0.0984024761382915,0.550629133258788,Welch Two Sample t-test,two.sided,0.0212164281543244
RECBGBLFDMTQRS-SGEDCAFJSA-N,Phosphatidylethanolamine 16:0-18:1,134763376,395,0.531669883959458,9.26498508582034,8.73331520186089,4.19498890743763,0.000181338148712813,34.4112811908525,0.274218015280978,0.789121752637937,Welch Two Sample t-test,two.sided,0.00414487197057858
JQKOHRZNEOQNJE-ZZEZOPTASA-N,2-azaniumylethyl [3-octadecanoyloxy-2-[(Z)-octadec-9-enoyl]oxypropyl] phosphate,25244969,397,0.362119508024741,8.36067765270112,7.99855814467638,3.69647467402416,0.000736748798192382,35.3377670504973,0.163311008458124,0.560928007591358,Welch Two Sample t-test,two.sided,0.00736748798192382
GKAFCSRKMWFPSJ-RQOIEFAZSA-N,[3-[2-aminoethoxy(hydroxy)phosphoryl]oxy-2-[(9Z,12Z)-octadeca-9,12-dienoyl]oxypropyl] (Z)-octadec-9-enoate,25245362,399,0.567265642250367,9.06245795339825,8.49519231114788,3.32303872566083,0.00194544197137135,38.9482488400916,0.221963674606335,0.9125676098944,Welch Two Sample t-test,two.sided,0.0119719505930544
AJTJVNKPLZTLHV-UHFFFAOYSA-N,[1-[2-Aminoethoxy(hydroxy)phosphoryl]oxy-3-octadeca-9,12-dienoyloxypropan-2-yl] icosa-5,8,11,14,17-pentaenoate,75957373,410,0.43328342363036,14.4475102318425,14.0142268082121,3.08611910647171,0.00374734829495783,38.494919252565,0.149183485127028,0.717383362133693,Welch Two Sample t-test,two.sided,0.0181689614300986
AJTJVNKPLZTLHV-UHFFFAOYSA-N,[1-[2-Aminoethoxy(hydroxy)phosphoryl]oxy-3-octadeca-9,12-dienoyloxypropan-2-yl] icosa-5,8,11,14,17-pentaenoate,75957373,411,0.471775824748107,10.6573729752246,10.1855971504765,4.04430535109714,0.000239955006820912,38.9822396524944,0.235821688048892,0.707729961447322,Welch Two Sample t-test,two.sided,0.00479910013641823
IHTIZXOEIOXSDI-UHFFFAOYSA-N,[3-[2-Aminoethoxy(hydroxy)phosphoryl]oxy-2-icosa-5,8,11,14,17-pentaenoyloxypropyl] icosa-5,8,11,14,17-pentaenoate,75957671,413,0.734115200420462,10.2146570007217,9.48054180030123,4.74619819032698,3.33762247877603e-05,35.5517835389439,0.420283664163891,1.04794673667703,Welch Two Sample t-test,two.sided,0.00106817438420424
JZSZAGWWWKKXLO-UHFFFAOYSA-N,[1-[2-Aminoethoxy(hydroxy)phosphoryl]oxy-3-octadec-9-enoyloxypropan-2-yl] docosa-4,7,10,13,16,19-hexaenoate,75955284,415,-0.289799875308491,10.6972980260167,10.9870979013252,-2.31052202147444,0.0263368662811254,38.3100027185588,-0.543644379379337,-0.0359553712376448,Welch Two Sample t-test,two.sided,0.0484356161491961
RIQAKBUOHSSMTC-PNBIJBBKSA-N,[1-[2-aminoethoxy(hydroxy)phosphoryl]oxy-3-[(Z)-hexadec-9-enoxy]propan-2-yl] (9Z,12Z)-octadeca-9,12-dienoate,138252555,419,0.256346890610538,7.42568076882644,7.1693338782159,2.53009433769449,0.015715102509198,37.6124724733881,0.0511676664913957,0.46152611472968,Welch Two Sample t-test,two.sided,0.0322596139590945
WVGALBKSWOUIEZ-ULUZTLKMSA-N,Phosphatidylethanolamine alkenyl 16:0-22:6,134777290,425,0.342744549217825,9.73436263785471,9.39161808863689,2.64664329302564,0.0121904168485205,34.2857626309467,0.0796464001018452,0.605842698333804,Welch Two Sample t-test,two.sided,0.0278638099394753
CEVVUBCHWNKKNN-VDLQPGGRSA-N,1-octadecyl-2-(9Z-octadecenoyl)-glycero-3-phosphoethanolamine,52924982,426,0.205894003149325,7.59040127034761,7.38450726719828,3.04536016569284,0.00458674728754693,32.4601874785679,0.0682553407775696,0.34353266552108,Welch Two Sample t-test,two.sided,0.0182942454967809
OBAAWAYLQLYWNN-KHFVPPDWSA-N,1-(1-Enyl-oleoyl)-2-stearoyl-sn-glycero-3-phosphoethanolamine,53480895,436,0.336207199325703,8.3690375148436,8.0328303155179,2.87276605843351,0.00660050879540752,38.3089075573832,0.0993498661745322,0.573064532476873,Welch Two Sample t-test,two.sided,0.0215526817809225
MLHVKKWOXVSPDG-VLGSPTGOSA-N,PEtOH 16:0_16:1,138211560,448,0.824940951492809,8.31173430524629,7.48679335375348,3.54695960002465,0.00103571708983848,38.8507459330562,0.354451930034638,1.29542997295098,Welch Two Sample t-test,two.sided,0.00872182812495564
BHQKOVPFLAAQTH-IQRFGFHNSA-N,PEtOH 16:1_16:1,138126591,451,0.394030466141805,7.04496941091078,6.65093894476898,3.10541158179016,0.00353982336887411,38.854530481853,0.137350396334385,0.650710535949225,Welch Two Sample t-test,two.sided,0.0176991168443706
XACKZSRNTPEYBU-GZSOIYOPSA-N,Phosphatidylglyceride 22:6-22:6,134777753,457,0.429136858386248,6.43911427498453,6.00997741659828,3.13987525468684,0.00325403078961698,38.2281952162393,0.152510618647791,0.705763098124705,Welch Two Sample t-test,two.sided,0.0167949976238296
QBAQUPWJTLVJBD-CZAAGYDRSA-N,Phosphatidylethanolamine alkenyl 18:0-18:2,134760121,459,0.221966666195549,7.74767541994824,7.52570875375269,2.52803991970223,0.0156383166445216,38.9365299284153,0.0443613374452436,0.399571994945854,Welch Two Sample t-test,two.sided,0.0322596139590945
VAARQXKGNHCRDF-HNENSFHCSA-N,PMeOH 16:0_18:1,91844613,482,1.6393410853983,10.279403017083,8.64006193168466,6.33421463559423,2.21923055099721e-07,36.9950465333662,1.11494528336753,2.16373688742907,Welch Two Sample t-test,two.sided,3.55076888159554e-05
PXPCKHZLDQZOMG-DUZKARGPSA-N,PMeOH 16:0_18:2,138240731,483,1.16001968768618,8.95326114473318,7.79324145704701,4.77609325898014,3.33804495063825e-05,34.0354189546168,0.666446142852133,1.65359323252022,Welch Two Sample t-test,two.sided,0.00106817438420424
GLAIFIDZABIAJR-KHDVSGDZSA-N,PMeOH 16:0_20:4,138161235,484,0.858861272719634,7.71134523529723,6.85248396257759,3.63151148416256,0.000838906598249352,37.4668161057485,0.379863295247428,1.33785925019184,Welch Two Sample t-test,two.sided,0.00745694753999424
MDRFMTLYKHBJTF-NQYLGBTJSA-N,N-(11Z-eicosenoyl)-sphing-4-enine-1-phosphocholine,52931179,529,0.648681867770085,12.8633768935187,12.2146950257487,3.02378005396325,0.00569774082977181,25.0304883023911,0.206882932917073,1.0904808026231,Welch Two Sample t-test,two.sided,0.0198182289731193
MDRFMTLYKHBJTF-NQYLGBTJSA-N,N-(11Z-eicosenoyl)-sphing-4-enine-1-phosphocholine,52931179,530,0.307248912108176,7.75171824334658,7.44446933123841,3.00538548881361,0.00469338430796709,37.7682086225004,0.10024775043548,0.514250073780872,Welch Two Sample t-test,two.sided,0.0182942454967809
VBFKEZGCUWHGSK-ADSSWVSQSA-N,N-(13Z-docosenoyl)-sphing-4-enine-1-phosphocholine,52931203,532,0.415581472726887,6.53989334771678,6.12431187498989,2.73101824209376,0.00949094109282269,38.3288755531645,0.107614392449135,0.72354855300464,Welch Two Sample t-test,two.sided,0.0244165416858053
YWKYRFUPKVVPAH-UHFFFAOYSA-N,(3-Hexadecanoyloxy-2-octadec-9-enoyloxypropyl) icosanoate,85034455,537,0.507514013764375,12.2413061863676,11.7337921726032,2.62716463879208,0.0131430283646093,31.764772294298,0.113906197373714,0.901121830155036,Welch Two Sample t-test,two.sided,0.0288066375114725
TWJCMQZMAPGUSG-UHFFFAOYSA-N,(3-Hexadecanoyloxy-2-hexadec-9-enoyloxypropyl) octadec-9-enoate,85034325,554,0.946648354922548,12.0960892684891,11.1494409135665,2.80701510113241,0.00804510414593115,35.7487333493769,0.262519326178758,1.63077738366634,Welch Two Sample t-test,two.sided,0.0233909227888505
QEZWFCZNHWUARW-XQCAQTCHSA-N,Tracylglycerol(18:0/16:1/16:1),9544010,555,0.596998884269995,13.2106502783466,12.6136513940766,2.73454666131728,0.00987266309748479,33.7947805787989,0.153225459657607,1.04077230888238,Welch Two Sample t-test,two.sided,0.024681657743712
UFHNZOACKFBCOM-YXKNDSBASA-N,TG(16:1(9Z)/16:1(9Z)/18:1(9Z))[iso3],25240357,556,1.13702956826909,12.3948407242049,11.2578111559358,3.55567504293303,0.00114465334726194,33.6136520596963,0.486885575970066,1.78717356056811,Welch Two Sample t-test,two.sided,0.00915722677809554
NPCZZYKITFKRQZ-RFBIWTDZSA-N,[1-hexadecanoyloxy-3-[(Z)-octadec-9-enoyl]oxypropan-2-yl] octadecanoate,5365005,563,0.66040870821068,13.1958480062924,12.5354392980818,2.87869938216196,0.00689717420891301,33.595801307733,0.193980361694624,1.12683705472674,Welch Two Sample t-test,two.sided,0.0216381935965898
DQXQIWIQYYEGLG-MMWLGPPDSA-N,1-tetradecanoyl-2-(9Z,12Z-octadecadienoyl)-3-(11Z-eicosenoyl)-sn-glycerol,56938177,564,1.13762454328813,13.5220514065996,12.3844268633115,3.88465834100073,0.000386746383835721,38.929517120194,0.545243993431185,1.73000509314508,Welch Two Sample t-test,two.sided,0.00576982419582272
KGLAHZTWGPHKFF-UHFFFAOYSA-N,9-octadecenoic acid [1-(1-oxohexadecoxy)-3-(1-oxooctadeca-9,12-dienoxy)propan-2-yl] ester,53394304,565,1.10866057056497,13.8881542328996,12.7794936623346,3.45623283946406,0.00174692076103751,28.3323139785957,0.451937221461056,1.76538391966889,Welch Two Sample t-test,two.sided,0.01118029287064
WHSWXEYWNPTUPW-HNJDVRDNSA-N,TG(16:1(9Z)/18:1(9Z)/18:2(9Z,12Z))[iso6],25240364,566,1.25759516543404,12.877018408081,11.619423242647,3.86648670898118,0.000432736814686704,36.8685730730098,0.598486087324335,1.91670424354375,Welch Two Sample t-test,two.sided,0.00576982419582272
CQZAAIKPSLHIBC-KDJOUNIJSA-N,TG(16:1(9Z)/18:2(9Z,12Z)/18:2(9Z,12Z))[iso3],25240366,567,0.940122895948722,11.6233656000012,10.6832427040525,2.78470342480415,0.00848799306325255,35.9997846860808,0.255433106566447,1.624812685331,Welch Two Sample t-test,two.sided,0.0234151532779381
YFFIQXNTTVSKJC-NZEOUKRFSA-N,1,2-dioctadecanoyl-3-(9Z-octadecenoyl)-sn-glycerol,16058371,576,0.706376961188704,13.7393583937554,13.0329814325667,2.54663208839243,0.016208580881063,30.2008152755257,0.140055630291256,1.27269829208615,Welch Two Sample t-test,two.sided,0.0328275055818997
WUUWGORPQFKFQN-XDVOZUNOSA-N,1-tetradecanoyl-2-(9Z,12Z-octadecadienoyl)-3-docosanoyl-sn-glycerol,56938183,577,0.805524865117052,13.7086786251222,12.9031537600052,3.06193720204719,0.00413445116158476,36.1527909072058,0.27205852112546,1.33899120910864,Welch Two Sample t-test,two.sided,0.0182942454967809
CNGSOZKJBWHOEG-UHFFFAOYSA-N,octadecanoic acid [3-(1-oxooctadeca-9,12-dienoxy)-2-(1-oxooctadec-9-enoxy)propyl] ester,3531156,578,0.960768110455998,13.543476278147,12.582708167691,3.49281949589129,0.00150541694284499,29.9957974611914,0.398997947685857,1.52253827322614,Welch Two Sample t-test,two.sided,0.0109484868570545
BRLGHZXETDWABO-NOFIOOQLSA-N,1-octadecanoyl-2-(9Z-octadecenoyl)-3-(9Z,12Z,15Z-octadecatrienoyl)-sn-glycerol,9544255,579,1.13529211093773,14.0548735749485,12.9195814640107,3.84830273679838,0.000543774417137851,31.5770149608964,0.53405826661137,1.73652595526408,Welch Two Sample t-test,two.sided,0.00598001019127467
OEJXMJPFOHYSIU-GRLFFVHSSA-N,TG(18:1(9Z)/18:1(9Z)/18:3(9Z,12Z,15Z))[iso3],9544294,580,1.38511924035317,12.9846542117928,11.5995349714396,4.54983901039798,5.82889228340526e-05,36.220260362974,0.767831688321645,2.0024067923847,Welch Two Sample t-test,two.sided,0.00155437127557474
HBOQXIRUPVQLKX-BBWANDEASA-N,Trilinolein,5322095,582,1.20319237664639,12.8998328247055,11.6966404480591,3.91278173391551,0.000422671082022537,33.5167912969929,0.577938937513613,1.82844581577916,Welch Two Sample t-test,two.sided,0.00576982419582272
PDEQUPGHMOMBFC-FYEHETCMSA-N,1-octadecanoyl-2-(9Z,12Z-octadecadienoyl)-3-eicosanoyl-sn-glycerol,9544390,589,0.613127843558503,11.8525515329999,11.2394236894414,2.63871584321932,0.0125859772418881,33.1153501407712,0.140453631907184,1.08580205520982,Welch Two Sample t-test,two.sided,0.0283627656155226
QXMHHXQBBKDSSL-UHFFFAOYSA-N,2,3-Di(octadec-9-enoyloxy)propyl icos-11-enoate,85034703,591,0.800389727252044,12.3297621087196,11.5293723814676,2.44942002820929,0.0198314215203525,32.7360532238316,0.135373496878287,1.4654059576258,Welch Two Sample t-test,two.sided,0.0391731783118075
DODZUDCYRVWEOJ-GKZBLMSTSA-N,1,2-di-(9Z,12Z-octadecadienoyl)-3-(8Z,11Z,14Z-eicosatrienoyl)-sn-glycerol,9544695,596,0.972088257337901,11.882904610467,10.9108163531291,3.01868279863241,0.00446065154912297,38.972196909954,0.320718414020503,1.6234581006553,Welch Two Sample t-test,two.sided,0.0182942454967809
CCKRHDUCFMOBKX-AAINFQTBSA-N,1-octadecanoyl-2-eicosanoyl-3-(5Z,8Z,11Z,14Z-eicosatetraenoyl)-sn-glycerol,9544835,601,0.926711332658105,11.6316313166973,10.7049199840392,3.00230571603746,0.00503224053183926,33.5400897139017,0.299108459330046,1.55431420598616,Welch Two Sample t-test,two.sided,0.0182990564794155
