Plot Title: yrv_9,,,,,,,
#,"Date Time, GMT-04:00","Temp, °C (LGR S/N: 21435414, SEN S/N: 21435414)",Coupler Detached (LGR S/N: 21435414),Coupler Attached (LGR S/N: 21435414),Host Connected (LGR S/N: 21435414),End Of File (LGR S/N: 21435414),
1,6/29/22 11:50,NA,,,,,
2,6/29/22 11:50,NA,Logged,,,,
3,6/29/22 12:05,13.75,,,,,
4,6/29/22 12:20,13.846,,,,,
5,6/29/22 12:35,13.846,,,,,
6,6/29/22 12:50,13.846,,,,,
7,6/29/22 13:05,13.942,,,,,
8,6/29/22 13:20,13.942,,,,,
9,6/29/22 13:35,13.942,,,,,
10,6/29/22 13:50,14.038,,,,,
11,6/29/22 14:05,14.038,,,,,
12,6/29/22 14:20,14.038,,,,,
13,6/29/22 14:35,14.134,,,,,
14,6/29/22 14:50,14.134,,,,,
15,6/29/22 15:05,14.23,,,,,
16,6/29/22 15:20,14.325,,,,,
17,6/29/22 15:35,14.325,,,,,
18,6/29/22 15:50,14.517,,,,,
19,6/29/22 16:05,14.517,,,,,
20,6/29/22 16:20,14.613,,,,,
21,6/29/22 16:35,14.709,,,,,
22,6/29/22 16:50,14.709,,,,,
23,6/29/22 17:05,14.709,,,,,
24,6/29/22 17:20,14.709,,,,,
25,6/29/22 17:35,14.709,,,,,
26,6/29/22 17:50,14.804,,,,,
27,6/29/22 18:05,14.709,,,,,
28,6/29/22 18:20,14.709,,,,,
29,6/29/22 18:35,14.709,,,,,
30,6/29/22 18:50,14.613,,,,,
31,6/29/22 19:05,14.613,,,,,
32,6/29/22 19:20,14.517,,,,,
33,6/29/22 19:35,14.421,,,,,
34,6/29/22 19:50,14.421,,,,,
35,6/29/22 20:05,14.421,,,,,
36,6/29/22 20:20,14.421,,,,,
37,6/29/22 20:35,14.421,,,,,
38,6/29/22 20:50,14.421,,,,,
39,6/29/22 21:05,14.421,,,,,
40,6/29/22 21:20,14.421,,,,,
41,6/29/22 21:35,14.421,,,,,
42,6/29/22 21:50,14.421,,,,,
43,6/29/22 22:05,14.421,,,,,
44,6/29/22 22:20,14.421,,,,,
45,6/29/22 22:35,14.421,,,,,
46,6/29/22 22:50,14.325,,,,,
47,6/29/22 23:05,14.325,,,,,
48,6/29/22 23:20,14.325,,,,,
49,6/29/22 23:35,14.325,,,,,
50,6/29/22 23:50,14.23,,,,,
51,6/30/22 0:05,14.23,,,,,
52,6/30/22 0:20,14.23,,,,,
53,6/30/22 0:35,14.23,,,,,
54,6/30/22 0:50,14.23,,,,,
55,6/30/22 1:05,14.23,,,,,
56,6/30/22 1:20,14.23,,,,,
57,6/30/22 1:35,14.23,,,,,
58,6/30/22 1:50,14.23,,,,,
59,6/30/22 2:05,14.23,,,,,
60,6/30/22 2:20,14.23,,,,,
61,6/30/22 2:35,14.23,,,,,
62,6/30/22 2:50,14.23,,,,,
63,6/30/22 3:05,14.23,,,,,
64,6/30/22 3:20,14.23,,,,,
65,6/30/22 3:35,14.23,,,,,
66,6/30/22 3:50,14.23,,,,,
67,6/30/22 4:05,14.23,,,,,
68,6/30/22 4:20,14.23,,,,,
69,6/30/22 4:35,14.325,,,,,
70,6/30/22 4:50,14.325,,,,,
71,6/30/22 5:05,14.325,,,,,
72,6/30/22 5:20,14.325,,,,,
73,6/30/22 5:35,14.325,,,,,
74,6/30/22 5:50,14.325,,,,,
75,6/30/22 6:05,14.325,,,,,
76,6/30/22 6:20,14.325,,,,,
77,6/30/22 6:35,14.325,,,,,
78,6/30/22 6:50,14.325,,,,,
79,6/30/22 7:05,14.325,,,,,
80,6/30/22 7:20,14.325,,,,,
81,6/30/22 7:35,14.325,,,,,
82,6/30/22 7:50,14.23,,,,,
83,6/30/22 8:05,14.23,,,,,
84,6/30/22 8:20,14.23,,,,,
85,6/30/22 8:35,14.23,,,,,
86,6/30/22 8:50,14.134,,,,,
87,6/30/22 9:05,14.134,,,,,
88,6/30/22 9:20,14.038,,,,,
89,6/30/22 9:35,14.038,,,,,
90,6/30/22 9:50,14.038,,,,,
91,6/30/22 10:05,14.038,,,,,
92,6/30/22 10:20,14.038,,,,,
93,6/30/22 10:35,14.134,,,,,
94,6/30/22 10:50,14.134,,,,,
95,6/30/22 11:05,14.134,,,,,
96,6/30/22 11:20,14.038,,,,,
97,6/30/22 11:35,14.038,,,,,
98,6/30/22 11:50,14.038,,,,,
99,6/30/22 12:05,14.038,,,,,
100,6/30/22 12:20,14.038,,,,,
101,6/30/22 12:35,14.038,,,,,
102,6/30/22 12:50,14.038,,,,,
103,6/30/22 13:05,14.134,,,,,
104,6/30/22 13:20,14.134,,,,,
105,6/30/22 13:35,14.23,,,,,
106,6/30/22 13:50,14.23,,,,,
107,6/30/22 14:05,14.23,,,,,
108,6/30/22 14:20,14.23,,,,,
109,6/30/22 14:35,14.23,,,,,
110,6/30/22 14:50,14.325,,,,,
111,6/30/22 15:05,14.134,,,,,
112,6/30/22 15:20,14.23,,,,,
113,6/30/22 15:35,14.23,,,,,
114,6/30/22 15:50,14.325,,,,,
115,6/30/22 16:05,14.325,,,,,
116,6/30/22 16:20,14.421,,,,,
117,6/30/22 16:35,14.421,,,,,
118,6/30/22 16:50,14.517,,,,,
119,6/30/22 17:05,14.517,,,,,
120,6/30/22 17:20,14.517,,,,,
121,6/30/22 17:35,14.613,,,,,
122,6/30/22 17:50,14.613,,,,,
123,6/30/22 18:05,14.613,,,,,
124,6/30/22 18:20,14.709,,,,,
125,6/30/22 18:35,14.709,,,,,
126,6/30/22 18:50,14.709,,,,,
127,6/30/22 19:05,14.709,,,,,
128,6/30/22 19:20,14.709,,,,,
129,6/30/22 19:35,14.613,,,,,
130,6/30/22 19:50,14.613,,,,,
131,6/30/22 20:05,14.613,,,,,
132,6/30/22 20:20,14.517,,,,,
133,6/30/22 20:35,14.421,,,,,
134,6/30/22 20:50,14.421,,,,,
135,6/30/22 21:05,14.421,,,,,
136,6/30/22 21:20,14.517,,,,,
137,6/30/22 21:35,14.517,,,,,
138,6/30/22 21:50,14.517,,,,,
139,6/30/22 22:05,14.517,,,,,
140,6/30/22 22:20,14.517,,,,,
141,6/30/22 22:35,14.517,,,,,
142,6/30/22 22:50,14.517,,,,,
143,6/30/22 23:05,14.517,,,,,
144,6/30/22 23:20,14.517,,,,,
145,6/30/22 23:35,14.517,,,,,
146,6/30/22 23:50,14.421,,,,,
147,7/1/22 0:05,14.421,,,,,
148,7/1/22 0:20,14.421,,,,,
149,7/1/22 0:35,14.421,,,,,
150,7/1/22 0:50,14.421,,,,,
151,7/1/22 1:05,14.421,,,,,
152,7/1/22 1:20,14.421,,,,,
153,7/1/22 1:35,14.325,,,,,
154,7/1/22 1:50,14.325,,,,,
155,7/1/22 2:05,14.325,,,,,
156,7/1/22 2:20,14.325,,,,,
157,7/1/22 2:35,14.325,,,,,
158,7/1/22 2:50,14.325,,,,,
159,7/1/22 3:05,14.325,,,,,
160,7/1/22 3:20,14.325,,,,,
161,7/1/22 3:35,14.325,,,,,
162,7/1/22 3:50,14.325,,,,,
163,7/1/22 4:05,14.325,,,,,
164,7/1/22 4:20,14.325,,,,,
165,7/1/22 4:35,14.325,,,,,
166,7/1/22 4:50,14.325,,,,,
167,7/1/22 5:05,14.421,,,,,
168,7/1/22 5:20,14.421,,,,,
169,7/1/22 5:35,14.421,,,,,
170,7/1/22 5:50,14.421,,,,,
171,7/1/22 6:05,14.421,,,,,
172,7/1/22 6:20,14.421,,,,,
173,7/1/22 6:35,14.325,,,,,
174,7/1/22 6:50,14.325,,,,,
175,7/1/22 7:05,14.325,,,,,
176,7/1/22 7:20,14.23,,,,,
177,7/1/22 7:35,14.134,,,,,
178,7/1/22 7:50,14.134,,,,,
179,7/1/22 8:05,14.134,,,,,
180,7/1/22 8:20,14.134,,,,,
181,7/1/22 8:35,14.134,,,,,
182,7/1/22 8:50,14.134,,,,,
183,7/1/22 9:05,14.134,,,,,
184,7/1/22 9:20,14.134,,,,,
185,7/1/22 9:35,14.23,,,,,
186,7/1/22 9:50,14.134,,,,,
187,7/1/22 10:05,14.134,,,,,
188,7/1/22 10:20,14.134,,,,,
189,7/1/22 10:35,14.134,,,,,
190,7/1/22 10:50,14.23,,,,,
191,7/1/22 11:05,14.325,,,,,
192,7/1/22 11:20,14.325,,,,,
193,7/1/22 11:35,14.325,,,,,
194,7/1/22 11:50,14.325,,,,,
195,7/1/22 12:05,14.325,,,,,
196,7/1/22 12:20,14.325,,,,,
197,7/1/22 12:35,14.325,,,,,
198,7/1/22 12:50,14.325,,,,,
199,7/1/22 13:05,14.325,,,,,
200,7/1/22 13:20,14.325,,,,,
201,7/1/22 13:35,14.325,,,,,
202,7/1/22 13:50,14.325,,,,,
203,7/1/22 14:05,14.421,,,,,
204,7/1/22 14:20,14.421,,,,,
205,7/1/22 14:35,14.421,,,,,
206,7/1/22 14:50,14.517,,,,,
207,7/1/22 15:05,14.517,,,,,
208,7/1/22 15:20,14.517,,,,,
209,7/1/22 15:35,14.613,,,,,
210,7/1/22 15:50,14.613,,,,,
211,7/1/22 16:05,14.613,,,,,
212,7/1/22 16:20,14.709,,,,,
213,7/1/22 16:35,14.709,,,,,
214,7/1/22 16:50,14.709,,,,,
215,7/1/22 17:05,14.709,,,,,
216,7/1/22 17:20,14.709,,,,,
217,7/1/22 17:35,14.804,,,,,
218,7/1/22 17:50,14.804,,,,,
219,7/1/22 18:05,14.804,,,,,
220,7/1/22 18:20,14.804,,,,,
221,7/1/22 18:35,14.804,,,,,
222,7/1/22 18:50,14.804,,,,,
223,7/1/22 19:05,14.804,,,,,
224,7/1/22 19:20,14.804,,,,,
225,7/1/22 19:35,14.804,,,,,
226,7/1/22 19:50,14.709,,,,,
227,7/1/22 20:05,14.421,,,,,
228,7/1/22 20:20,14.23,,,,,
229,7/1/22 20:35,14.134,,,,,
230,7/1/22 20:50,14.038,,,,,
231,7/1/22 21:05,13.942,,,,,
232,7/1/22 21:20,13.846,,,,,
233,7/1/22 21:35,13.846,,,,,
234,7/1/22 21:50,13.846,,,,,
235,7/1/22 22:05,13.846,,,,,
236,7/1/22 22:20,13.846,,,,,
237,7/1/22 22:35,13.846,,,,,
238,7/1/22 22:50,13.846,,,,,
239,7/1/22 23:05,13.846,,,,,
240,7/1/22 23:20,13.846,,,,,
241,7/1/22 23:35,13.75,,,,,
242,7/1/22 23:50,13.75,,,,,
243,7/2/22 0:05,13.75,,,,,
244,7/2/22 0:20,13.75,,,,,
245,7/2/22 0:35,13.654,,,,,
246,7/2/22 0:50,13.654,,,,,
247,7/2/22 1:05,13.654,,,,,
248,7/2/22 1:20,13.654,,,,,
249,7/2/22 1:35,13.558,,,,,
250,7/2/22 1:50,13.558,,,,,
251,7/2/22 2:05,13.558,,,,,
252,7/2/22 2:20,13.558,,,,,
253,7/2/22 2:35,13.558,,,,,
254,7/2/22 2:50,13.558,,,,,
255,7/2/22 3:05,13.558,,,,,
256,7/2/22 3:20,13.558,,,,,
257,7/2/22 3:35,13.461,,,,,
258,7/2/22 3:50,13.461,,,,,
259,7/2/22 4:05,13.461,,,,,
260,7/2/22 4:20,13.461,,,,,
261,7/2/22 4:35,13.461,,,,,
262,7/2/22 4:50,13.461,,,,,
263,7/2/22 5:05,13.461,,,,,
264,7/2/22 5:20,13.461,,,,,
265,7/2/22 5:35,13.461,,,,,
266,7/2/22 5:50,13.461,,,,,
267,7/2/22 6:05,13.461,,,,,
268,7/2/22 6:20,13.558,,,,,
269,7/2/22 6:35,13.558,,,,,
270,7/2/22 6:50,13.558,,,,,
271,7/2/22 7:05,13.558,,,,,
272,7/2/22 7:20,13.558,,,,,
273,7/2/22 7:35,13.558,,,,,
274,7/2/22 7:50,13.558,,,,,
275,7/2/22 8:05,13.558,,,,,
276,7/2/22 8:20,13.558,,,,,
277,7/2/22 8:35,13.558,,,,,
278,7/2/22 8:50,13.558,,,,,
279,7/2/22 9:05,13.558,,,,,
280,7/2/22 9:20,13.558,,,,,
281,7/2/22 9:35,13.558,,,,,
282,7/2/22 9:50,13.558,,,,,
283,7/2/22 10:05,13.558,,,,,
284,7/2/22 10:20,13.558,,,,,
285,7/2/22 10:35,13.558,,,,,
286,7/2/22 10:50,13.558,,,,,
287,7/2/22 11:05,13.558,,,,,
288,7/2/22 11:20,13.558,,,,,
289,7/2/22 11:35,13.558,,,,,
290,7/2/22 11:50,13.558,,,,,
291,7/2/22 12:05,13.558,,,,,
292,7/2/22 12:20,13.558,,,,,
293,7/2/22 12:35,13.461,,,,,
294,7/2/22 12:50,13.461,,,,,
295,7/2/22 13:05,13.461,,,,,
296,7/2/22 13:20,13.461,,,,,
297,7/2/22 13:35,13.461,,,,,
298,7/2/22 13:50,13.461,,,,,
299,7/2/22 14:05,13.461,,,,,
300,7/2/22 14:20,13.461,,,,,
301,7/2/22 14:35,13.461,,,,,
302,7/2/22 14:50,13.461,,,,,
303,7/2/22 15:05,13.461,,,,,
304,7/2/22 15:20,13.461,,,,,
305,7/2/22 15:35,13.461,,,,,
306,7/2/22 15:50,13.461,,,,,
307,7/2/22 16:05,13.558,,,,,
308,7/2/22 16:20,13.461,,,,,
309,7/2/22 16:35,13.461,,,,,
310,7/2/22 16:50,13.461,,,,,
311,7/2/22 17:05,13.558,,,,,
312,7/2/22 17:20,13.558,,,,,
313,7/2/22 17:35,13.558,,,,,
314,7/2/22 17:50,13.558,,,,,
315,7/2/22 18:05,13.558,,,,,
316,7/2/22 18:20,13.558,,,,,
317,7/2/22 18:35,13.558,,,,,
318,7/2/22 18:50,13.558,,,,,
319,7/2/22 19:05,13.558,,,,,
320,7/2/22 19:20,13.558,,,,,
321,7/2/22 19:35,13.558,,,,,
322,7/2/22 19:50,13.558,,,,,
323,7/2/22 20:05,13.558,,,,,
324,7/2/22 20:20,13.558,,,,,
325,7/2/22 20:35,13.558,,,,,
326,7/2/22 20:50,13.558,,,,,
327,7/2/22 21:05,13.461,,,,,
328,7/2/22 21:20,13.461,,,,,
329,7/2/22 21:35,13.461,,,,,
330,7/2/22 21:50,13.461,,,,,
331,7/2/22 22:05,13.365,,,,,
332,7/2/22 22:20,13.365,,,,,
333,7/2/22 22:35,13.365,,,,,
334,7/2/22 22:50,13.365,,,,,
335,7/2/22 23:05,13.365,,,,,
336,7/2/22 23:20,13.269,,,,,
337,7/2/22 23:35,13.269,,,,,
338,7/2/22 23:50,13.269,,,,,
339,7/3/22 0:05,13.269,,,,,
340,7/3/22 0:20,13.173,,,,,
341,7/3/22 0:35,13.173,,,,,
342,7/3/22 0:50,13.173,,,,,
343,7/3/22 1:05,13.076,,,,,
344,7/3/22 1:20,13.076,,,,,
345,7/3/22 1:35,13.076,,,,,
346,7/3/22 1:50,13.076,,,,,
347,7/3/22 2:05,12.98,,,,,
348,7/3/22 2:20,12.98,,,,,
349,7/3/22 2:35,12.98,,,,,
350,7/3/22 2:50,12.98,,,,,
351,7/3/22 3:05,12.883,,,,,
352,7/3/22 3:20,12.883,,,,,
353,7/3/22 3:35,12.883,,,,,
354,7/3/22 3:50,12.883,,,,,
355,7/3/22 4:05,12.883,,,,,
356,7/3/22 4:20,12.883,,,,,
357,7/3/22 4:35,12.883,,,,,
358,7/3/22 4:50,12.883,,,,,
359,7/3/22 5:05,12.883,,,,,
360,7/3/22 5:20,12.883,,,,,
361,7/3/22 5:35,12.883,,,,,
362,7/3/22 5:50,12.883,,,,,
363,7/3/22 6:05,12.883,,,,,
364,7/3/22 6:20,12.883,,,,,
365,7/3/22 6:35,12.98,,,,,
366,7/3/22 6:50,12.98,,,,,
367,7/3/22 7:05,12.98,,,,,
368,7/3/22 7:20,12.98,,,,,
369,7/3/22 7:35,12.98,,,,,
370,7/3/22 7:50,13.076,,,,,
371,7/3/22 8:05,13.076,,,,,
372,7/3/22 8:20,13.076,,,,,
373,7/3/22 8:35,13.076,,,,,
374,7/3/22 8:50,13.173,,,,,
375,7/3/22 9:05,13.173,,,,,
376,7/3/22 9:20,13.173,,,,,
377,7/3/22 9:35,13.269,,,,,
378,7/3/22 9:50,13.269,,,,,
379,7/3/22 10:05,13.269,,,,,
380,7/3/22 10:20,13.269,,,,,
381,7/3/22 10:35,13.269,,,,,
382,7/3/22 10:50,13.269,,,,,
383,7/3/22 11:05,13.269,,,,,
384,7/3/22 11:20,13.269,,,,,
385,7/3/22 11:35,13.173,,,,,
386,7/3/22 11:50,13.173,,,,,
387,7/3/22 12:05,13.269,,,,,
388,7/3/22 12:20,13.269,,,,,
389,7/3/22 12:35,13.269,,,,,
390,7/3/22 12:50,13.365,,,,,
391,7/3/22 13:05,13.365,,,,,
392,7/3/22 13:20,NA,,,,,
393,7/3/22 13:35,NA,,,,,
394,7/3/22 13:43,NA,,Logged,Logged,,
395,7/3/22 13:43,NA,Logged,,,,
396,7/3/22 13:50,14.134,,,,,
397,7/3/22 14:05,13.461,,,,,
398,7/3/22 14:20,13.461,,,,,
399,7/3/22 14:35,13.461,,,,,
400,7/3/22 14:50,13.461,,,,,
401,7/3/22 15:05,13.461,,,,,
402,7/3/22 15:20,13.461,,,,,
403,7/3/22 15:35,13.558,,,,,
404,7/3/22 15:50,13.558,,,,,
405,7/3/22 16:05,13.558,,,,,
406,7/3/22 16:20,13.558,,,,,
407,7/3/22 16:35,13.558,,,,,
408,7/3/22 16:50,13.654,,,,,
409,7/3/22 17:05,13.654,,,,,
410,7/3/22 17:20,13.654,,,,,
411,7/3/22 17:35,13.654,,,,,
412,7/3/22 17:50,13.75,,,,,
413,7/3/22 18:05,13.75,,,,,
414,7/3/22 18:20,13.654,,,,,
415,7/3/22 18:35,13.654,,,,,
416,7/3/22 18:50,13.654,,,,,
417,7/3/22 19:05,13.654,,,,,
418,7/3/22 19:20,13.654,,,,,
419,7/3/22 19:35,13.654,,,,,
420,7/3/22 19:50,13.558,,,,,
421,7/3/22 20:05,13.558,,,,,
422,7/3/22 20:20,13.558,,,,,
423,7/3/22 20:35,13.461,,,,,
424,7/3/22 20:50,13.461,,,,,
425,7/3/22 21:05,13.461,,,,,
426,7/3/22 21:20,13.365,,,,,
427,7/3/22 21:35,13.365,,,,,
428,7/3/22 21:50,13.269,,,,,
429,7/3/22 22:05,13.269,,,,,
430,7/3/22 22:20,13.269,,,,,
431,7/3/22 22:35,13.173,,,,,
432,7/3/22 22:50,13.173,,,,,
433,7/3/22 23:05,13.076,,,,,
434,7/3/22 23:20,13.076,,,,,
435,7/3/22 23:35,12.98,,,,,
436,7/3/22 23:50,12.883,,,,,
437,7/4/22 0:05,12.883,,,,,
438,7/4/22 0:20,12.883,,,,,
439,7/4/22 0:35,12.787,,,,,
440,7/4/22 0:50,12.69,,,,,
441,7/4/22 1:05,12.69,,,,,
442,7/4/22 1:20,12.69,,,,,
443,7/4/22 1:35,12.594,,,,,
444,7/4/22 1:50,12.594,,,,,
445,7/4/22 2:05,12.497,,,,,
446,7/4/22 2:20,12.497,,,,,
447,7/4/22 2:35,12.497,,,,,
448,7/4/22 2:50,12.497,,,,,
449,7/4/22 3:05,12.401,,,,,
450,7/4/22 3:20,12.401,,,,,
451,7/4/22 3:35,12.401,,,,,
452,7/4/22 3:50,12.401,,,,,
453,7/4/22 4:05,12.304,,,,,
454,7/4/22 4:20,12.304,,,,,
455,7/4/22 4:35,12.304,,,,,
456,7/4/22 4:50,12.304,,,,,
457,7/4/22 5:05,12.207,,,,,
458,7/4/22 5:20,12.207,,,,,
459,7/4/22 5:35,12.207,,,,,
460,7/4/22 5:50,12.207,,,,,
461,7/4/22 6:05,12.207,,,,,
462,7/4/22 6:20,12.11,,,,,
463,7/4/22 6:35,12.11,,,,,
464,7/4/22 6:50,12.11,,,,,
465,7/4/22 7:05,12.11,,,,,
466,7/4/22 7:20,12.11,,,,,
467,7/4/22 7:35,12.207,,,,,
468,7/4/22 7:50,12.207,,,,,
469,7/4/22 8:05,12.207,,,,,
470,7/4/22 8:20,12.304,,,,,
471,7/4/22 8:35,12.304,,,,,
472,7/4/22 8:50,12.401,,,,,
473,7/4/22 9:05,12.497,,,,,
474,7/4/22 9:20,12.594,,,,,
475,7/4/22 9:35,12.594,,,,,
476,7/4/22 9:50,12.69,,,,,
477,7/4/22 10:05,12.787,,,,,
478,7/4/22 10:20,12.883,,,,,
479,7/4/22 10:35,12.98,,,,,
480,7/4/22 10:50,12.98,,,,,
481,7/4/22 11:05,13.076,,,,,
482,7/4/22 11:20,13.076,,,,,
483,7/4/22 11:35,13.173,,,,,
484,7/4/22 11:50,13.173,,,,,
485,7/4/22 12:05,13.269,,,,,
486,7/4/22 12:20,13.269,,,,,
487,7/4/22 12:35,13.365,,,,,
488,7/4/22 12:50,13.365,,,,,
489,7/4/22 13:05,13.461,,,,,
490,7/4/22 13:20,13.461,,,,,
491,7/4/22 13:35,13.461,,,,,
492,7/4/22 13:50,13.558,,,,,
493,7/4/22 14:05,13.558,,,,,
494,7/4/22 14:20,13.654,,,,,
495,7/4/22 14:35,13.654,,,,,
496,7/4/22 14:50,13.654,,,,,
497,7/4/22 15:05,13.654,,,,,
498,7/4/22 15:20,13.654,,,,,
499,7/4/22 15:35,13.654,,,,,
500,7/4/22 15:50,13.654,,,,,
501,7/4/22 16:05,13.654,,,,,
502,7/4/22 16:20,13.654,,,,,
503,7/4/22 16:35,13.654,,,,,
504,7/4/22 16:50,13.654,,,,,
505,7/4/22 17:05,13.654,,,,,
506,7/4/22 17:20,13.654,,,,,
507,7/4/22 17:35,13.558,,,,,
508,7/4/22 17:50,13.654,,,,,
509,7/4/22 18:05,13.558,,,,,
510,7/4/22 18:20,13.558,,,,,
511,7/4/22 18:35,13.558,,,,,
512,7/4/22 18:50,13.558,,,,,
513,7/4/22 19:05,13.558,,,,,
514,7/4/22 19:20,13.558,,,,,
515,7/4/22 19:35,13.461,,,,,
516,7/4/22 19:50,13.461,,,,,
517,7/4/22 20:05,13.461,,,,,
518,7/4/22 20:20,13.365,,,,,
519,7/4/22 20:35,13.365,,,,,
520,7/4/22 20:50,13.365,,,,,
521,7/4/22 21:05,13.269,,,,,
522,7/4/22 21:20,13.269,,,,,
523,7/4/22 21:35,13.269,,,,,
524,7/4/22 21:50,13.173,,,,,
525,7/4/22 22:05,13.173,,,,,
526,7/4/22 22:20,13.173,,,,,
527,7/4/22 22:35,13.076,,,,,
528,7/4/22 22:50,13.076,,,,,
529,7/4/22 23:05,13.076,,,,,
530,7/4/22 23:20,13.076,,,,,
531,7/4/22 23:35,12.98,,,,,
532,7/4/22 23:50,12.883,,,,,
533,7/5/22 0:05,12.883,,,,,
534,7/5/22 0:20,12.883,,,,,
535,7/5/22 0:35,12.787,,,,,
536,7/5/22 0:50,12.787,,,,,
537,7/5/22 1:05,12.69,,,,,
538,7/5/22 1:20,12.69,,,,,
539,7/5/22 1:35,12.594,,,,,
540,7/5/22 1:50,12.594,,,,,
541,7/5/22 2:05,12.497,,,,,
542,7/5/22 2:20,12.497,,,,,
543,7/5/22 2:35,12.497,,,,,
544,7/5/22 2:50,12.401,,,,,
545,7/5/22 3:05,12.401,,,,,
546,7/5/22 3:20,12.401,,,,,
547,7/5/22 3:35,12.304,,,,,
548,7/5/22 3:50,12.304,,,,,
549,7/5/22 4:05,12.304,,,,,
550,7/5/22 4:20,12.304,,,,,
551,7/5/22 4:35,12.304,,,,,
552,7/5/22 4:50,12.207,,,,,
553,7/5/22 5:05,12.207,,,,,
554,7/5/22 5:20,12.207,,,,,
555,7/5/22 5:35,12.207,,,,,
556,7/5/22 5:50,12.207,,,,,
557,7/5/22 6:05,12.207,,,,,
558,7/5/22 6:20,12.207,,,,,
559,7/5/22 6:35,12.207,,,,,
560,7/5/22 6:50,12.207,,,,,
561,7/5/22 7:05,12.304,,,,,
562,7/5/22 7:20,12.401,,,,,
563,7/5/22 7:35,12.497,,,,,
564,7/5/22 7:50,12.594,,,,,
565,7/5/22 8:05,12.69,,,,,
566,7/5/22 8:20,12.883,,,,,
567,7/5/22 8:35,12.98,,,,,
568,7/5/22 8:50,13.076,,,,,
569,7/5/22 9:05,13.173,,,,,
570,7/5/22 9:20,13.558,,,,,
571,7/5/22 9:35,14.23,,,,,
572,7/5/22 9:50,14.804,,,,,
573,7/5/22 10:05,15.282,,,,,
574,7/5/22 10:20,15.76,,,,,
575,7/5/22 10:35,16.141,,,,,
576,7/5/22 10:50,16.427,,,,,
577,7/5/22 11:05,16.713,,,,,
578,7/5/22 11:20,16.903,,,,,
579,7/5/22 11:35,17.094,,,,,
580,7/5/22 11:50,17.189,,,,,
581,7/5/22 12:05,17.094,,,,,
582,7/5/22 12:20,16.808,,,,,
583,7/5/22 12:35,16.523,,,,,
584,7/5/22 12:50,16.332,,,,,
585,7/5/22 13:05,16.141,,,,,
586,7/5/22 13:20,15.473,,,,,
587,7/5/22 13:35,14.996,,,,,
588,7/5/22 13:50,14.613,,,,,
589,7/5/22 14:05,14.23,,,,,
590,7/5/22 14:20,14.134,,,,,
591,7/5/22 14:35,13.846,,,,,
592,7/5/22 14:50,13.75,,,,,
593,7/5/22 15:05,13.75,,,,,
594,7/5/22 15:20,13.558,,,,,
595,7/5/22 15:35,13.654,,,,,
596,7/5/22 15:50,13.558,,,,,
597,7/5/22 16:05,13.558,,,,,
598,7/5/22 16:20,13.269,,,,,
599,7/5/22 16:35,12.594,,,,,
600,7/5/22 16:50,12.11,,,,,
601,7/5/22 17:05,11.528,,,,,
602,7/5/22 17:20,11.139,,,,,
603,7/5/22 17:35,10.651,,,,,
604,7/5/22 17:50,10.259,,,,,
605,7/5/22 18:05,9.965,,,,,
606,7/5/22 18:20,9.571,,,,,
607,7/5/22 18:35,9.275,,,,,
608,7/5/22 18:50,8.978,,,,,
609,7/5/22 19:05,8.779,,,,,
610,7/5/22 19:20,8.481,,,,,
611,7/5/22 19:35,8.282,,,,,
612,7/5/22 19:50,8.082,,,,,
613,7/5/22 20:05,7.882,,,,,
614,7/5/22 20:20,7.682,,,,,
615,7/5/22 20:35,7.481,,,,,
616,7/5/22 20:50,7.381,,,,,
617,7/5/22 21:05,7.179,,,,,
618,7/5/22 21:20,7.079,,,,,
619,7/5/22 21:35,6.978,,,,,
620,7/5/22 21:50,6.877,,,,,
621,7/5/22 22:05,6.674,,,,,
622,7/5/22 22:20,6.573,,,,,
623,7/5/22 22:35,6.573,,,,,
624,7/5/22 22:50,6.471,,,,,
625,7/5/22 23:05,6.37,,,,,
626,7/5/22 23:20,6.268,,,,,
627,7/5/22 23:35,6.166,,,,,
628,7/5/22 23:50,6.166,,,,,
629,7/6/22 0:05,6.064,,,,,
630,7/6/22 0:20,6.064,,,,,
631,7/6/22 0:35,5.962,,,,,
632,7/6/22 0:50,5.962,,,,,
633,7/6/22 1:05,5.962,,,,,
634,7/6/22 1:20,5.86,,,,,
635,7/6/22 1:35,5.86,,,,,
636,7/6/22 1:50,5.757,,,,,
637,7/6/22 2:05,5.757,,,,,
638,7/6/22 2:20,5.757,,,,,
639,7/6/22 2:35,5.757,,,,,
640,7/6/22 2:50,5.655,,,,,
641,7/6/22 3:05,5.655,,,,,
642,7/6/22 3:20,5.655,,,,,
643,7/6/22 3:35,5.655,,,,,
644,7/6/22 3:50,5.552,,,,,
645,7/6/22 4:05,5.552,,,,,
646,7/6/22 4:20,5.552,,,,,
647,7/6/22 4:35,5.552,,,,,
648,7/6/22 4:50,5.552,,,,,
649,7/6/22 5:05,5.552,,,,,
650,7/6/22 5:20,5.45,,,,,
651,7/6/22 5:35,5.45,,,,,
652,7/6/22 5:50,5.45,,,,,
653,7/6/22 6:05,5.45,,,,,
654,7/6/22 6:20,5.45,,,,,
655,7/6/22 6:35,5.45,,,,,
656,7/6/22 6:50,5.45,,,,,
657,7/6/22 7:05,5.45,,,,,
658,7/6/22 7:20,5.45,,,,,
659,7/6/22 7:35,5.45,,,,,
660,7/6/22 7:50,5.45,,,,,
661,7/6/22 8:05,5.45,,,,,
662,7/6/22 8:20,5.45,,,,,
663,7/6/22 8:35,5.45,,,,,
664,7/6/22 8:50,5.45,,,,,
665,7/6/22 9:05,5.45,,,,,
666,7/6/22 9:20,5.45,,,,,
667,7/6/22 9:35,5.45,,,,,
668,7/6/22 9:50,5.45,,,,,
669,7/6/22 10:05,5.45,,,,,
670,7/6/22 10:20,6.166,,,,,
671,7/6/22 10:35,6.268,,,,,
672,7/6/22 10:50,6.166,,,,,
673,7/6/22 11:05,6.064,,,,,
674,7/6/22 11:20,6.064,,,,,
675,7/6/22 11:35,5.962,,,,,
676,7/6/22 11:50,5.962,,,,,
677,7/6/22 12:05,5.86,,,,,
678,7/6/22 12:20,5.86,,,,,
679,7/6/22 12:35,5.757,,,,,
680,7/6/22 12:50,5.757,,,,,
681,7/6/22 13:05,5.757,,,,,
682,7/6/22 13:20,5.655,,,,,
683,7/6/22 13:35,5.655,,,,,
684,7/6/22 13:50,5.655,,,,,
685,7/6/22 14:05,5.655,,,,,
686,7/6/22 14:20,5.552,,,,,
687,7/6/22 14:35,5.552,,,,,
688,7/6/22 14:50,5.552,,,,,
689,7/6/22 15:05,5.552,,,,,
690,7/6/22 15:20,5.552,,,,,
691,7/6/22 15:35,5.45,,,,,
692,7/6/22 15:50,5.45,,,,,
693,7/6/22 16:05,5.45,,,,,
694,7/6/22 16:20,5.45,,,,,
695,7/6/22 16:35,5.45,,,,,
696,7/6/22 16:50,5.45,,,,,
697,7/6/22 17:05,5.45,,,,,
698,7/6/22 17:20,5.45,,,,,
699,7/6/22 17:35,5.45,,,,,
700,7/6/22 17:50,5.45,,,,,
701,7/6/22 18:05,5.347,,,,,
702,7/6/22 18:20,5.347,,,,,
703,7/6/22 18:35,5.347,,,,,
704,7/6/22 18:50,5.347,,,,,
705,7/6/22 19:05,5.347,,,,,
706,7/6/22 19:20,5.347,,,,,
707,7/6/22 19:35,5.347,,,,,
708,7/6/22 19:50,5.347,,,,,
709,7/6/22 20:05,5.347,,,,,
710,7/6/22 20:20,5.244,,,,,
711,7/6/22 20:35,5.244,,,,,
712,7/6/22 20:50,5.244,,,,,
713,7/6/22 21:05,5.244,,,,,
714,7/6/22 21:20,5.244,,,,,
715,7/6/22 21:35,5.244,,,,,
716,7/6/22 21:50,5.244,,,,,
717,7/6/22 22:05,5.244,,,,,
718,7/6/22 22:20,5.244,,,,,
719,7/6/22 22:35,5.244,,,,,
720,7/6/22 22:50,5.244,,,,,
721,7/6/22 23:05,5.244,,,,,
722,7/6/22 23:20,5.244,,,,,
723,7/6/22 23:35,5.244,,,,,
724,7/6/22 23:50,5.244,,,,,
725,7/7/22 0:05,5.244,,,,,
726,7/7/22 0:20,5.244,,,,,
727,7/7/22 0:35,5.244,,,,,
728,7/7/22 0:50,5.244,,,,,
729,7/7/22 1:05,5.244,,,,,
730,7/7/22 1:20,5.244,,,,,
731,7/7/22 1:35,5.244,,,,,
732,7/7/22 1:50,5.244,,,,,
733,7/7/22 2:05,5.244,,,,,
734,7/7/22 2:20,5.244,,,,,
735,7/7/22 2:35,5.244,,,,,
736,7/7/22 2:50,5.244,,,,,
737,7/7/22 3:05,5.244,,,,,
738,7/7/22 3:20,5.244,,,,,
739,7/7/22 3:35,5.244,,,,,
740,7/7/22 3:50,5.244,,,,,
741,7/7/22 4:05,5.244,,,,,
742,7/7/22 4:20,5.244,,,,,
743,7/7/22 4:35,5.244,,,,,
744,7/7/22 4:50,5.244,,,,,
745,7/7/22 5:05,5.244,,,,,
746,7/7/22 5:20,5.244,,,,,
747,7/7/22 5:35,5.244,,,,,
748,7/7/22 5:50,5.244,,,,,
749,7/7/22 6:05,5.244,,,,,
750,7/7/22 6:20,5.244,,,,,
751,7/7/22 6:35,5.244,,,,,
752,7/7/22 6:50,5.244,,,,,
753,7/7/22 7:05,5.244,,,,,
754,7/7/22 7:20,5.244,,,,,
755,7/7/22 7:35,5.244,,,,,
756,7/7/22 7:50,5.347,,,,,
757,7/7/22 8:05,5.347,,,,,
758,7/7/22 8:20,6.064,,,,,
759,7/7/22 8:35,6.268,,,,,
760,7/7/22 8:50,6.166,,,,,
761,7/7/22 9:05,6.166,,,,,
762,7/7/22 9:20,6.166,,,,,
763,7/7/22 9:35,6.064,,,,,
764,7/7/22 9:50,5.962,,,,,
765,7/7/22 10:05,5.86,,,,,
766,7/7/22 10:20,5.757,,,,,
767,7/7/22 10:35,5.655,,,,,
768,7/7/22 10:50,5.655,,,,,
769,7/7/22 11:05,6.064,,,,,
770,7/7/22 11:20,5.962,,,,,
771,7/7/22 11:35,6.064,,,,,
772,7/7/22 11:50,5.962,,,,,
773,7/7/22 12:05,5.962,,,,,
774,7/7/22 12:20,5.86,,,,,
775,7/7/22 12:35,5.757,,,,,
776,7/7/22 12:50,5.757,,,,,
777,7/7/22 13:05,5.757,,,,,
778,7/7/22 13:20,5.655,,,,,
779,7/7/22 13:35,5.655,,,,,
780,7/7/22 13:50,5.655,,,,,
781,7/7/22 14:05,5.655,,,,,
782,7/7/22 14:20,5.655,,,,,
783,7/7/22 14:35,5.552,,,,,
784,7/7/22 14:50,5.552,,,,,
785,7/7/22 15:05,5.552,,,,,
786,7/7/22 15:20,5.552,,,,,
787,7/7/22 15:35,5.552,,,,,
788,7/7/22 15:50,7.079,,,,,
789,7/7/22 16:05,6.978,,,,,
790,7/7/22 16:20,6.877,,,,,
791,7/7/22 16:35,6.674,,,,,
792,7/7/22 16:40,NA,,Logged,Logged,,
793,7/7/22 16:41,NA,Logged,,,,
794,7/7/22 16:50,NA,,,,,
795,7/7/22 17:05,6.471,,,,,
796,7/7/22 17:20,6.37,,,,,
797,7/7/22 17:35,6.37,,,,,
798,7/7/22 17:50,6.268,,,,,
799,7/7/22 18:05,6.166,,,,,
800,7/7/22 18:20,6.166,,,,,
801,7/7/22 18:35,6.064,,,,,
802,7/7/22 18:50,6.064,,,,,
803,7/7/22 19:05,5.962,,,,,
804,7/7/22 19:20,5.962,,,,,
805,7/7/22 19:35,5.86,,,,,
806,7/7/22 19:50,5.86,,,,,
807,7/7/22 20:05,5.757,,,,,
808,7/7/22 20:20,5.757,,,,,
809,7/7/22 20:35,5.757,,,,,
810,7/7/22 20:50,5.655,,,,,
811,7/7/22 21:05,5.655,,,,,
812,7/7/22 21:20,5.655,,,,,
813,7/7/22 21:35,5.655,,,,,
814,7/7/22 21:50,5.552,,,,,
815,7/7/22 22:05,5.552,,,,,
816,7/7/22 22:20,5.552,,,,,
817,7/7/22 22:35,5.552,,,,,
818,7/7/22 22:50,5.552,,,,,
819,7/7/22 23:05,5.45,,,,,
820,7/7/22 23:20,5.45,,,,,
821,7/7/22 23:35,5.45,,,,,
822,7/7/22 23:50,5.45,,,,,
823,7/8/22 0:05,5.45,,,,,
824,7/8/22 0:20,5.45,,,,,
825,7/8/22 0:35,5.45,,,,,
826,7/8/22 0:50,5.45,,,,,
827,7/8/22 1:05,5.45,,,,,
828,7/8/22 1:20,5.45,,,,,
829,7/8/22 1:35,5.45,,,,,
830,7/8/22 1:50,5.45,,,,,
831,7/8/22 2:05,5.45,,,,,
832,7/8/22 2:20,5.347,,,,,
833,7/8/22 2:35,5.347,,,,,
834,7/8/22 2:50,5.347,,,,,
835,7/8/22 3:05,5.347,,,,,
836,7/8/22 3:20,5.347,,,,,
837,7/8/22 3:35,5.347,,,,,
838,7/8/22 3:50,5.347,,,,,
839,7/8/22 4:05,5.347,,,,,
840,7/8/22 4:20,5.347,,,,,
841,7/8/22 4:35,5.347,,,,,
842,7/8/22 4:50,5.347,,,,,
843,7/8/22 5:05,5.347,,,,,
844,7/8/22 5:20,5.347,,,,,
845,7/8/22 5:35,5.347,,,,,
846,7/8/22 5:50,5.347,,,,,
847,7/8/22 6:05,5.347,,,,,
848,7/8/22 6:20,5.347,,,,,
849,7/8/22 6:35,5.347,,,,,
850,7/8/22 6:50,5.347,,,,,
851,7/8/22 7:05,5.347,,,,,
852,7/8/22 7:20,5.347,,,,,
853,7/8/22 7:35,5.347,,,,,
854,7/8/22 7:50,5.347,,,,,
855,7/8/22 8:05,5.347,,,,,
856,7/8/22 8:20,5.347,,,,,
857,7/8/22 8:35,5.347,,,,,
858,7/8/22 8:50,5.347,,,,,
859,7/8/22 9:05,5.347,,,,,
860,7/8/22 9:20,5.347,,,,,
861,7/8/22 9:35,5.347,,,,,
862,7/8/22 9:50,5.347,,,,,
863,7/8/22 10:05,5.347,,,,,
864,7/8/22 10:20,5.347,,,,,
865,7/8/22 10:35,5.347,,,,,
866,7/8/22 10:50,5.347,,,,,
867,7/8/22 11:05,5.347,,,,,
868,7/8/22 11:20,5.347,,,,,
869,7/8/22 11:35,5.347,,,,,
870,7/8/22 11:50,5.347,,,,,
871,7/8/22 12:05,5.347,,,,,
872,7/8/22 12:20,5.347,,,,,
873,7/8/22 12:35,5.347,,,,,
874,7/8/22 12:50,5.347,,,,,
875,7/8/22 13:05,5.347,,,,,
876,7/8/22 13:20,5.347,,,,,
877,7/8/22 13:35,5.347,,,,,
878,7/8/22 13:50,5.244,,,,,
879,7/8/22 14:05,5.244,,,,,
880,7/8/22 14:20,5.347,,,,,
881,7/8/22 14:35,5.244,,,,,
882,7/8/22 14:50,5.244,,,,,
883,7/8/22 15:05,5.244,,,,,
884,7/8/22 15:20,5.244,,,,,
885,7/8/22 15:35,5.244,,,,,
886,7/8/22 15:50,5.244,,,,,
887,7/8/22 16:05,5.244,,,,,
888,7/8/22 16:20,5.141,,,,,
889,7/8/22 16:35,5.141,,,,,
890,7/8/22 16:50,5.244,,,,,
891,7/8/22 17:05,5.244,,,,,
892,7/8/22 17:20,5.244,,,,,
893,7/8/22 17:35,5.244,,,,,
894,7/8/22 17:50,5.244,,,,,
895,7/8/22 18:05,5.244,,,,,
896,7/8/22 18:20,5.244,,,,,
897,7/8/22 18:35,5.244,,,,,
898,7/8/22 18:50,5.244,,,,,
899,7/8/22 19:05,5.244,,,,,
900,7/8/22 19:20,5.244,,,,,
901,7/8/22 19:35,5.244,,,,,
902,7/8/22 19:50,5.244,,,,,
903,7/8/22 20:05,5.244,,,,,
904,7/8/22 20:20,5.244,,,,,
905,7/8/22 20:35,5.244,,,,,
906,7/8/22 20:50,5.244,,,,,
907,7/8/22 21:05,5.244,,,,,
908,7/8/22 21:20,5.244,,,,,
909,7/8/22 21:35,5.244,,,,,
910,7/8/22 21:50,5.244,,,,,
911,7/8/22 22:05,5.347,,,,,
912,7/8/22 22:20,5.347,,,,,
913,7/8/22 22:35,5.347,,,,,
914,7/8/22 22:50,5.347,,,,,
915,7/8/22 23:05,5.347,,,,,
916,7/8/22 23:20,5.347,,,,,
917,7/8/22 23:35,5.347,,,,,
918,7/8/22 23:50,5.347,,,,,
919,7/9/22 0:05,5.347,,,,,
920,7/9/22 0:20,5.347,,,,,
921,7/9/22 0:35,5.347,,,,,
922,7/9/22 0:50,5.347,,,,,
923,7/9/22 1:05,5.347,,,,,
924,7/9/22 1:20,5.347,,,,,
925,7/9/22 1:35,5.347,,,,,
926,7/9/22 1:50,5.347,,,,,
927,7/9/22 2:05,5.347,,,,,
928,7/9/22 2:20,5.347,,,,,
929,7/9/22 2:35,5.347,,,,,
930,7/9/22 2:50,5.347,,,,,
931,7/9/22 3:05,5.347,,,,,
932,7/9/22 3:20,5.347,,,,,
933,7/9/22 3:35,5.347,,,,,
934,7/9/22 3:50,5.347,,,,,
935,7/9/22 4:05,5.347,,,,,
936,7/9/22 4:20,5.347,,,,,
937,7/9/22 4:35,5.347,,,,,
938,7/9/22 4:50,5.347,,,,,
939,7/9/22 5:05,5.347,,,,,
940,7/9/22 5:20,5.347,,,,,
941,7/9/22 5:35,5.347,,,,,
942,7/9/22 5:50,5.347,,,,,
943,7/9/22 6:05,5.347,,,,,
944,7/9/22 6:20,5.347,,,,,
945,7/9/22 6:35,5.347,,,,,
946,7/9/22 6:50,5.347,,,,,
947,7/9/22 7:05,5.347,,,,,
948,7/9/22 7:20,5.347,,,,,
949,7/9/22 7:35,5.347,,,,,
950,7/9/22 7:50,5.347,,,,,
951,7/9/22 8:05,5.347,,,,,
952,7/9/22 8:20,5.347,,,,,
953,7/9/22 8:35,5.347,,,,,
954,7/9/22 8:50,5.45,,,,,
955,7/9/22 9:05,5.45,,,,,
956,7/9/22 9:20,5.45,,,,,
957,7/9/22 9:35,5.45,,,,,
958,7/9/22 9:50,5.45,,,,,
959,7/9/22 10:05,5.45,,,,,
960,7/9/22 10:20,5.45,,,,,
961,7/9/22 10:35,5.45,,,,,
962,7/9/22 10:50,5.45,,,,,
963,7/9/22 11:05,5.45,,,,,
964,7/9/22 11:20,5.45,,,,,
965,7/9/22 11:35,5.45,,,,,
966,7/9/22 11:50,5.45,,,,,
967,7/9/22 12:05,5.45,,,,,
968,7/9/22 12:20,5.45,,,,,
969,7/9/22 12:35,5.45,,,,,
970,7/9/22 12:50,5.45,,,,,
971,7/9/22 13:05,5.45,,,,,
972,7/9/22 13:20,5.45,,,,,
973,7/9/22 13:35,5.45,,,,,
974,7/9/22 13:50,5.45,,,,,
975,7/9/22 14:05,5.45,,,,,
976,7/9/22 14:20,5.45,,,,,
977,7/9/22 14:35,5.45,,,,,
978,7/9/22 14:50,5.45,,,,,
979,7/9/22 15:05,5.45,,,,,
980,7/9/22 15:20,5.552,,,,,
981,7/9/22 15:35,7.28,,,,,
982,7/9/22 15:50,7.28,,,,,
983,7/9/22 16:05,7.079,,,,,
984,7/9/22 16:20,6.978,,,,,
985,7/9/22 16:35,6.775,,,,,
986,7/9/22 16:50,6.674,,,,,
987,7/9/22 17:05,6.573,,,,,
988,7/9/22 17:20,6.573,,,,,
989,7/9/22 17:35,6.471,,,,,
990,7/9/22 17:50,6.37,,,,,
991,7/9/22 18:05,6.268,,,,,
992,7/9/22 18:20,6.268,,,,,
993,7/9/22 18:35,6.166,,,,,
994,7/9/22 18:50,6.064,,,,,
995,7/9/22 19:05,6.064,,,,,
996,7/9/22 19:20,5.962,,,,,
997,7/9/22 19:35,5.962,,,,,
998,7/9/22 19:50,5.86,,,,,
999,7/9/22 20:05,5.86,,,,,
1000,7/9/22 20:20,5.86,,,,,
1001,7/9/22 20:35,5.757,,,,,
1002,7/9/22 20:50,5.757,,,,,
1003,7/9/22 21:05,5.757,,,,,
1004,7/9/22 21:20,5.655,,,,,
1005,7/9/22 21:35,5.655,,,,,
1006,7/9/22 21:50,5.655,,,,,
1007,7/9/22 22:05,5.655,,,,,
1008,7/9/22 22:20,5.655,,,,,
1009,7/9/22 22:35,5.552,,,,,
1010,7/9/22 22:50,5.552,,,,,
1011,7/9/22 23:05,5.552,,,,,
1012,7/9/22 23:20,5.552,,,,,
1013,7/9/22 23:35,5.552,,,,,
1014,7/9/22 23:50,5.552,,,,,
1015,7/10/22 0:05,5.552,,,,,
1016,7/10/22 0:20,5.552,,,,,
1017,7/10/22 0:35,5.552,,,,,
1018,7/10/22 0:50,5.552,,,,,
1019,7/10/22 1:05,5.45,,,,,
1020,7/10/22 1:20,5.45,,,,,
1021,7/10/22 1:35,5.45,,,,,
1022,7/10/22 1:50,5.45,,,,,
1023,7/10/22 2:05,5.45,,,,,
1024,7/10/22 2:20,5.45,,,,,
1025,7/10/22 2:35,5.45,,,,,
1026,7/10/22 2:50,5.45,,,,,
1027,7/10/22 3:05,5.45,,,,,
1028,7/10/22 3:20,5.45,,,,,
1029,7/10/22 3:35,5.45,,,,,
1030,7/10/22 3:50,5.45,,,,,
1031,7/10/22 4:05,5.45,,,,,
1032,7/10/22 4:20,5.45,,,,,
1033,7/10/22 4:35,5.45,,,,,
1034,7/10/22 4:50,5.45,,,,,
1035,7/10/22 5:05,5.45,,,,,
1036,7/10/22 5:20,5.45,,,,,
1037,7/10/22 5:35,5.45,,,,,
1038,7/10/22 5:50,5.45,,,,,
1039,7/10/22 6:05,5.45,,,,,
1040,7/10/22 6:20,5.45,,,,,
1041,7/10/22 6:35,5.45,,,,,
1042,7/10/22 6:50,5.45,,,,,
1043,7/10/22 7:05,5.45,,,,,
1044,7/10/22 7:20,5.45,,,,,
1045,7/10/22 7:35,5.45,,,,,
1046,7/10/22 7:50,5.45,,,,,
1047,7/10/22 8:05,5.45,,,,,
1048,7/10/22 8:20,5.45,,,,,
1049,7/10/22 8:35,5.45,,,,,
1050,7/10/22 8:50,5.45,,,,,
1051,7/10/22 9:05,5.45,,,,,
1052,7/10/22 9:20,5.45,,,,,
1053,7/10/22 9:35,5.45,,,,,
1054,7/10/22 9:50,5.45,,,,,
1055,7/10/22 10:05,5.45,,,,,
1056,7/10/22 10:20,5.45,,,,,
1057,7/10/22 10:35,5.45,,,,,
1058,7/10/22 10:50,5.45,,,,,
1059,7/10/22 11:05,5.45,,,,,
1060,7/10/22 11:20,5.45,,,,,
1061,7/10/22 11:35,5.45,,,,,
1062,7/10/22 11:50,5.45,,,,,
1063,7/10/22 12:05,5.45,,,,,
1064,7/10/22 12:20,5.45,,,,,
1065,7/10/22 12:35,5.45,,,,,
1066,7/10/22 12:50,5.45,,,,,
1067,7/10/22 13:05,5.45,,,,,
1068,7/10/22 13:20,5.45,,,,,
1069,7/10/22 13:35,5.45,,,,,
1070,7/10/22 13:43,NA,,Logged,,,
1071,7/10/22 13:44,NA,,,Logged,,
1072,7/10/22 13:44,NA,Logged,,,,
1073,7/10/22 13:50,NA,,,,,
1074,7/10/22 14:05,NA,,,,,
1075,7/10/22 14:20,5.962,,,,,
1076,7/10/22 14:35,5.962,,,,,
1077,7/10/22 14:50,5.86,,,,,
1078,7/10/22 15:05,5.86,,,,,
1079,7/10/22 15:20,5.86,,,,,
1080,7/10/22 15:35,5.757,,,,,
1081,7/10/22 15:50,5.757,,,,,
1082,7/10/22 16:05,5.757,,,,,
1083,7/10/22 16:20,5.655,,,,,
1084,7/10/22 16:35,5.655,,,,,
1085,7/10/22 16:50,5.655,,,,,
1086,7/10/22 17:05,5.655,,,,,
1087,7/10/22 17:20,5.655,,,,,
1088,7/10/22 17:35,5.552,,,,,
1089,7/10/22 17:50,5.552,,,,,
1090,7/10/22 18:05,5.552,,,,,
1091,7/10/22 18:20,5.552,,,,,
1092,7/10/22 18:35,5.552,,,,,
1093,7/10/22 18:50,5.45,,,,,
1094,7/10/22 19:05,5.45,,,,,
1095,7/10/22 19:20,5.45,,,,,
1096,7/10/22 19:35,5.45,,,,,
1097,7/10/22 19:50,5.45,,,,,
1098,7/10/22 20:05,5.45,,,,,
1099,7/10/22 20:20,5.45,,,,,
1100,7/10/22 20:35,5.347,,,,,
1101,7/10/22 20:50,5.347,,,,,
1102,7/10/22 21:05,5.347,,,,,
1103,7/10/22 21:20,5.347,,,,,
1104,7/10/22 21:35,5.347,,,,,
1105,7/10/22 21:50,5.347,,,,,
1106,7/10/22 22:05,5.347,,,,,
1107,7/10/22 22:20,5.347,,,,,
1108,7/10/22 22:35,5.347,,,,,
1109,7/10/22 22:50,5.347,,,,,
1110,7/10/22 23:05,5.347,,,,,
1111,7/10/22 23:20,5.347,,,,,
1112,7/10/22 23:35,5.347,,,,,
1113,7/10/22 23:50,5.347,,,,,
1114,7/11/22 0:05,5.347,,,,,
1115,7/11/22 0:20,5.347,,,,,
1116,7/11/22 0:35,5.347,,,,,
1117,7/11/22 0:50,5.347,,,,,
1118,7/11/22 1:05,5.347,,,,,
1119,7/11/22 1:20,5.347,,,,,
1120,7/11/22 1:35,5.347,,,,,
1121,7/11/22 1:50,5.347,,,,,
1122,7/11/22 2:05,5.347,,,,,
1123,7/11/22 2:20,5.347,,,,,
1124,7/11/22 2:35,5.347,,,,,
1125,7/11/22 2:50,5.347,,,,,
1126,7/11/22 3:05,5.347,,,,,
1127,7/11/22 3:20,5.347,,,,,
1128,7/11/22 3:35,5.347,,,,,
1129,7/11/22 3:50,5.347,,,,,
1130,7/11/22 4:05,5.347,,,,,
1131,7/11/22 4:20,5.347,,,,,
1132,7/11/22 4:35,5.347,,,,,
1133,7/11/22 4:50,5.347,,,,,
1134,7/11/22 5:05,5.347,,,,,
1135,7/11/22 5:20,5.347,,,,,
1136,7/11/22 5:35,5.347,,,,,
1137,7/11/22 5:50,5.347,,,,,
1138,7/11/22 6:05,5.347,,,,,
1139,7/11/22 6:20,5.347,,,,,
1140,7/11/22 6:35,5.347,,,,,
1141,7/11/22 6:50,5.347,,,,,
1142,7/11/22 7:05,5.347,,,,,
1143,7/11/22 7:20,5.347,,,,,
1144,7/11/22 7:35,5.347,,,,,
1145,7/11/22 7:50,5.347,,,,,
1146,7/11/22 8:05,5.347,,,,,
1147,7/11/22 8:20,5.347,,,,,
1148,7/11/22 8:35,5.347,,,,,
1149,7/11/22 8:50,5.347,,,,,
1150,7/11/22 9:05,5.45,,,,,
1151,7/11/22 9:20,5.757,,,,,
1152,7/11/22 9:35,5.757,,,,,
1153,7/11/22 9:50,5.757,,,,,
1154,7/11/22 10:05,5.757,,,,,
1155,7/11/22 10:20,5.757,,,,,
1156,7/11/22 10:35,5.655,,,,,
1157,7/11/22 10:50,5.655,,,,,
1158,7/11/22 11:05,5.655,,,,,
1159,7/11/22 11:20,5.655,,,,,
1160,7/11/22 11:35,5.655,,,,,
1161,7/11/22 11:50,5.655,,,,,
1162,7/11/22 12:05,5.552,,,,,
1163,7/11/22 12:20,5.552,,,,,
1164,7/11/22 12:35,5.552,,,,,
1165,7/11/22 12:50,5.552,,,,,
1166,7/11/22 13:05,5.552,,,,,
1167,7/11/22 13:20,5.552,,,,,
1168,7/11/22 13:35,5.552,,,,,
1169,7/11/22 13:50,5.552,,,,,
1170,7/11/22 14:05,5.552,,,,,
1171,7/11/22 14:20,5.552,,,,,
1172,7/11/22 14:35,5.552,,,,,
1173,7/11/22 14:50,5.45,,,,,
1174,7/11/22 15:05,5.45,,,,,
1175,7/11/22 15:20,5.45,,,,,
1176,7/11/22 15:35,5.45,,,,,
1177,7/11/22 15:50,5.45,,,,,
1178,7/11/22 16:05,5.45,,,,,
1179,7/11/22 16:20,5.45,,,,,
1180,7/11/22 16:35,5.45,,,,,
1181,7/11/22 16:50,5.45,,,,,
1182,7/11/22 17:05,5.45,,,,,
1183,7/11/22 17:20,5.45,,,,,
1184,7/11/22 17:35,5.45,,,,,
1185,7/11/22 17:50,5.45,,,,,
1186,7/11/22 18:05,5.45,,,,,
1187,7/11/22 18:20,5.45,,,,,
1188,7/11/22 18:35,5.45,,,,,
1189,7/11/22 18:50,5.45,,,,,
1190,7/11/22 19:05,5.45,,,,,
1191,7/11/22 19:20,5.45,,,,,
1192,7/11/22 19:35,5.45,,,,,
1193,7/11/22 19:50,5.45,,,,,
1194,7/11/22 20:05,5.347,,,,,
1195,7/11/22 20:20,5.45,,,,,
1196,7/11/22 20:35,5.347,,,,,
1197,7/11/22 20:50,5.347,,,,,
1198,7/11/22 21:05,5.347,,,,,
1199,7/11/22 21:20,5.347,,,,,
1200,7/11/22 21:35,5.347,,,,,
1201,7/11/22 21:50,5.347,,,,,
1202,7/11/22 22:05,5.347,,,,,
1203,7/11/22 22:20,5.347,,,,,
1204,7/11/22 22:35,5.347,,,,,
1205,7/11/22 22:50,5.347,,,,,
1206,7/11/22 23:05,5.347,,,,,
1207,7/11/22 23:20,5.347,,,,,
1208,7/11/22 23:35,5.347,,,,,
1209,7/11/22 23:50,5.347,,,,,
1210,7/12/22 0:05,5.347,,,,,
1211,7/12/22 0:20,5.347,,,,,
1212,7/12/22 0:35,5.347,,,,,
1213,7/12/22 0:50,5.347,,,,,
1214,7/12/22 1:05,5.347,,,,,
1215,7/12/22 1:20,5.347,,,,,
1216,7/12/22 1:35,5.347,,,,,
1217,7/12/22 1:50,5.347,,,,,
1218,7/12/22 2:05,5.347,,,,Logged,
2,7/19/22 16:54,NA,Logged,,,,
3,7/19/22 17:09,NA,,,,,
4,7/19/22 17:24,5.45,,,,,
5,7/19/22 17:39,5.45,,,,,
6,7/19/22 17:54,5.45,,,,,
7,7/19/22 18:09,5.45,,,,,
8,7/19/22 18:24,5.45,,,,,
9,7/19/22 18:39,5.45,,,,,
10,7/19/22 18:54,5.45,,,,,
11,7/19/22 19:09,5.45,,,,,
12,7/19/22 19:24,5.347,,,,,
13,7/19/22 19:39,5.347,,,,,
14,7/19/22 19:54,5.347,,,,,
15,7/19/22 20:09,5.347,,,,,
16,7/19/22 20:24,5.347,,,,,
17,7/19/22 20:39,5.347,,,,,
18,7/19/22 20:54,5.347,,,,,
19,7/19/22 21:09,5.347,,,,,
20,7/19/22 21:24,5.244,,,,,
21,7/19/22 21:39,5.347,,,,,
22,7/19/22 21:54,5.347,,,,,
23,7/19/22 22:09,5.347,,,,,
24,7/19/22 22:24,5.347,,,,,
25,7/19/22 22:39,5.347,,,,,
26,7/19/22 22:54,5.347,,,,,
27,7/19/22 23:09,5.347,,,,,
28,7/19/22 23:24,5.347,,,,,
29,7/19/22 23:39,5.347,,,,,
30,7/19/22 23:54,5.347,,,,,
31,7/20/22 0:09,5.347,,,,,
32,7/20/22 0:24,5.347,,,,,
33,7/20/22 0:39,5.347,,,,,
34,7/20/22 0:54,5.347,,,,,
35,7/20/22 1:09,5.45,,,,,
36,7/20/22 1:24,5.347,,,,,
37,7/20/22 1:39,5.45,,,,,
38,7/20/22 1:54,5.347,,,,,
39,7/20/22 2:09,5.347,,,,,
40,7/20/22 2:24,5.347,,,,,
41,7/20/22 2:39,5.347,,,,,
42,7/20/22 2:54,5.347,,,,,
43,7/20/22 3:09,5.347,,,,,
44,7/20/22 3:24,5.347,,,,,
45,7/20/22 3:39,5.347,,,,,
46,7/20/22 3:54,5.347,,,,,
47,7/20/22 4:09,5.347,,,,,
48,7/20/22 4:24,5.347,,,,,
49,7/20/22 4:39,5.347,,,,,
50,7/20/22 4:54,5.347,,,,,
51,7/20/22 5:09,5.347,,,,,
52,7/20/22 5:24,5.347,,,,,
53,7/20/22 5:39,5.347,,,,,
54,7/20/22 5:54,5.347,,,,,
55,7/20/22 6:09,5.347,,,,,
56,7/20/22 6:24,5.347,,,,,
57,7/20/22 6:39,5.347,,,,,
58,7/20/22 6:54,5.347,,,,,
59,7/20/22 7:09,5.347,,,,,
60,7/20/22 7:24,5.347,,,,,
61,7/20/22 7:39,5.347,,,,,
62,7/20/22 7:54,5.45,,,,,
63,7/20/22 8:09,5.45,,,,,
64,7/20/22 8:24,5.45,,,,,
65,7/20/22 8:39,5.45,,,,,
66,7/20/22 8:54,5.655,,,,,
67,7/20/22 9:09,7.079,,,,,
68,7/20/22 9:24,6.978,,,,,
69,7/20/22 9:39,6.877,,,,,
70,7/20/22 9:54,6.674,,,,,
71,7/20/22 10:09,6.573,,,,,
72,7/20/22 10:24,6.471,,,,,
73,7/20/22 10:39,6.37,,,,,
74,7/20/22 10:54,6.37,,,,,
75,7/20/22 11:09,6.268,,,,,
76,7/20/22 11:24,6.268,,,,,
77,7/20/22 11:39,6.166,,,,,
78,7/20/22 11:54,6.064,,,,,
79,7/20/22 12:09,5.962,,,,,
80,7/20/22 12:24,6.064,,,,,
81,7/20/22 12:39,6.064,,,,,
82,7/20/22 12:54,5.962,,,,,
83,7/20/22 13:09,5.86,,,,,
84,7/20/22 13:24,5.86,,,,,
85,7/20/22 13:39,5.86,,,,,
86,7/20/22 13:54,5.86,,,,,
87,7/20/22 14:09,5.757,,,,,
88,7/20/22 14:24,5.757,,,,,
89,7/20/22 14:39,5.757,,,,,
90,7/20/22 14:54,5.757,,,,,
91,7/20/22 15:09,5.655,,,,,
92,7/20/22 15:24,5.552,,,,,
93,7/20/22 15:39,5.552,,,,,
94,7/20/22 15:54,5.655,,,,,
95,7/20/22 16:09,5.655,,,,,
96,7/20/22 16:24,5.552,,,,,
97,7/20/22 16:39,5.45,,,,,
98,7/20/22 16:54,5.45,,,,,
99,7/20/22 17:09,5.552,,,,,
100,7/20/22 17:24,5.552,,,,,
101,7/20/22 17:39,5.552,,,,,
102,7/20/22 17:54,5.552,,,,,
103,7/20/22 18:09,5.347,,,,,
104,7/20/22 18:24,5.347,,,,,
105,7/20/22 18:39,5.347,,,,,
106,7/20/22 18:54,5.347,,,,,
107,7/20/22 19:09,5.347,,,,,
108,7/20/22 19:24,5.347,,,,,
109,7/20/22 19:39,5.347,,,,,
110,7/20/22 19:54,5.347,,,,,
111,7/20/22 20:09,5.347,,,,,
112,7/20/22 20:24,5.347,,,,,
113,7/20/22 20:39,5.347,,,,,
114,7/20/22 20:54,5.347,,,,,
115,7/20/22 21:09,5.347,,,,,
116,7/20/22 21:24,5.244,,,,,
117,7/20/22 21:39,5.244,,,,,
118,7/20/22 21:54,5.244,,,,,
119,7/20/22 22:09,5.244,,,,,
120,7/20/22 22:24,5.244,,,,,
121,7/20/22 22:39,5.244,,,,,
122,7/20/22 22:54,5.244,,,,,
123,7/20/22 23:09,5.244,,,,,
124,7/20/22 23:24,5.244,,,,,
125,7/20/22 23:39,5.244,,,,,
126,7/20/22 23:54,5.244,,,,,
127,7/21/22 0:09,5.244,,,,,
128,7/21/22 0:24,5.244,,,,,
129,7/21/22 0:39,5.244,,,,,
130,7/21/22 0:54,5.244,,,,,
131,7/21/22 1:09,5.347,,,,,
132,7/21/22 1:24,5.347,,,,,
133,7/21/22 1:39,5.347,,,,,
134,7/21/22 1:54,5.347,,,,,
135,7/21/22 2:09,5.347,,,,,
136,7/21/22 2:24,5.347,,,,,
137,7/21/22 2:39,5.244,,,,,
138,7/21/22 2:54,5.244,,,,,
139,7/21/22 3:09,5.244,,,,,
140,7/21/22 3:24,5.244,,,,,
141,7/21/22 3:39,5.244,,,,,
142,7/21/22 3:54,5.244,,,,,
143,7/21/22 4:09,5.244,,,,,
144,7/21/22 4:24,5.244,,,,,
145,7/21/22 4:39,5.244,,,,,
146,7/21/22 4:54,5.244,,,,,
147,7/21/22 5:09,5.244,,,,,
148,7/21/22 5:24,5.244,,,,,
149,7/21/22 5:39,5.244,,,,,
150,7/21/22 5:54,5.244,,,,,
151,7/21/22 6:09,5.244,,,,,
152,7/21/22 6:24,5.244,,,,,
153,7/21/22 6:39,5.244,,,,,
154,7/21/22 6:54,5.244,,,,,
155,7/21/22 7:09,5.244,,,,,
156,7/21/22 7:24,5.347,,,,,
157,7/21/22 7:39,5.244,,,,,
158,7/21/22 7:54,5.244,,,,,
159,7/21/22 8:09,5.244,,,,,
160,7/21/22 8:24,5.244,,,,,
161,7/21/22 8:39,5.244,,,,,
162,7/21/22 8:54,5.244,,,,,
163,7/21/22 9:09,5.347,,,,,
164,7/21/22 9:24,5.347,,,,,
165,7/21/22 9:39,5.244,,,,,
166,7/21/22 9:54,5.244,,,,,
167,7/21/22 10:09,5.244,,,,,
168,7/21/22 10:24,5.244,,,,,
169,7/21/22 10:39,5.347,,,,,
170,7/21/22 10:54,5.347,,,,,
171,7/21/22 11:09,5.347,,,,,
172,7/21/22 11:24,5.347,,,,,
173,7/21/22 11:39,5.347,,,,,
174,7/21/22 11:54,5.244,,,,,
175,7/21/22 12:09,5.244,,,,,
176,7/21/22 12:24,5.347,,,,,
177,7/21/22 12:39,5.347,,,,,
178,7/21/22 12:54,5.347,,,,,
179,7/21/22 13:09,5.347,,,,,
180,7/21/22 13:24,5.244,,,,,
181,7/21/22 13:39,5.244,,,,,
182,7/21/22 13:54,5.244,,,,,
183,7/21/22 14:09,5.347,,,,,
184,7/21/22 14:24,5.347,,,,,
185,7/21/22 14:39,5.347,,,,,
186,7/21/22 14:54,5.244,,,,,
187,7/21/22 15:09,5.244,,,,,
188,7/21/22 15:24,5.244,,,,,
189,7/21/22 15:39,5.244,,,,,
190,7/21/22 15:54,5.244,,,,,
191,7/21/22 16:09,5.347,,,,,
192,7/21/22 16:24,5.347,,,,,
193,7/21/22 16:39,5.347,,,,,
194,7/21/22 16:54,5.244,,,,,
195,7/21/22 17:09,5.244,,,,,
196,7/21/22 17:24,5.244,,,,,
197,7/21/22 17:39,5.244,,,,,
198,7/21/22 17:54,5.347,,,,,
199,7/21/22 18:09,5.244,,,,,
200,7/21/22 18:24,5.347,,,,,
201,7/21/22 18:39,5.244,,,,,
202,7/21/22 18:54,5.347,,,,,
203,7/21/22 19:09,5.244,,,,,
204,7/21/22 19:24,5.244,,,,,
205,7/21/22 19:39,5.244,,,,,
206,7/21/22 19:54,5.244,,,,,
207,7/21/22 20:09,5.244,,,,,
208,7/21/22 20:24,5.244,,,,,
209,7/21/22 20:39,5.141,,,,,
210,7/21/22 20:54,5.141,,,,,
211,7/21/22 21:09,5.141,,,,,
212,7/21/22 21:24,5.141,,,,,
213,7/21/22 21:39,5.141,,,,,
214,7/21/22 21:54,5.141,,,,,
215,7/21/22 22:09,5.141,,,,,
216,7/21/22 22:24,5.244,,,,,
217,7/21/22 22:39,5.244,,,,,
218,7/21/22 22:54,5.244,,,,,
219,7/21/22 23:09,5.244,,,,,
220,7/21/22 23:24,5.244,,,,,
221,7/21/22 23:39,5.244,,,,,
222,7/21/22 23:54,5.244,,,,,
223,7/22/22 0:09,5.244,,,,,
224,7/22/22 0:24,5.244,,,,,
225,7/22/22 0:39,5.244,,,,,
226,7/22/22 0:54,5.244,,,,,
227,7/22/22 1:09,5.244,,,,,
228,7/22/22 1:24,5.244,,,,,
229,7/22/22 1:39,5.244,,,,,
230,7/22/22 1:54,5.244,,,,,
231,7/22/22 2:09,5.244,,,,,
232,7/22/22 2:24,5.141,,,,,
233,7/22/22 2:39,5.141,,,,,
234,7/22/22 2:54,5.141,,,,,
235,7/22/22 3:09,5.141,,,,,
236,7/22/22 3:24,5.141,,,,,
237,7/22/22 3:39,5.141,,,,,
238,7/22/22 3:54,5.244,,,,,
239,7/22/22 4:09,5.244,,,,,
240,7/22/22 4:24,5.244,,,,,
241,7/22/22 4:39,5.244,,,,,
242,7/22/22 4:54,5.244,,,,,
243,7/22/22 5:09,5.244,,,,,
244,7/22/22 5:24,5.244,,,,,
245,7/22/22 5:39,5.244,,,,,
246,7/22/22 5:54,5.244,,,,,
247,7/22/22 6:09,5.244,,,,,
248,7/22/22 6:24,5.244,,,,,
249,7/22/22 6:39,5.244,,,,,
250,7/22/22 6:54,5.347,,,,,
251,7/22/22 7:09,5.244,,,,,
252,7/22/22 7:24,5.244,,,,,
253,7/22/22 7:39,5.655,,,,,
254,7/22/22 7:54,6.37,,,,,
255,7/22/22 8:09,6.37,,,,,
256,7/22/22 8:24,6.268,,,,,
257,7/22/22 8:39,6.166,,,,,
258,7/22/22 8:54,6.166,,,,,
259,7/22/22 8:59,NA,,Logged,Logged,,
260,7/22/22 8:59,NA,Logged,,,,
261,7/22/22 9:09,NA,,,,,
262,7/22/22 9:24,6.064,,,,,
263,7/22/22 9:39,5.962,,,,,
264,7/22/22 9:54,5.962,,,,,
265,7/22/22 10:09,5.962,,,,,
266,7/22/22 10:24,5.962,,,,,
267,7/22/22 10:39,5.86,,,,,
268,7/22/22 10:54,5.757,,,,,
269,7/22/22 11:09,5.757,,,,,
270,7/22/22 11:24,5.757,,,,,
271,7/22/22 11:39,5.757,,,,,
272,7/22/22 11:54,5.655,,,,,
273,7/22/22 12:09,5.655,,,,,
274,7/22/22 12:24,5.655,,,,,
275,7/22/22 12:39,5.655,,,,,
276,7/22/22 12:54,5.655,,,,,
277,7/22/22 13:09,5.655,,,,,
278,7/22/22 13:24,5.655,,,,,
279,7/22/22 13:39,5.552,,,,,
280,7/22/22 13:54,5.552,,,,,
281,7/22/22 14:09,5.552,,,,,
282,7/22/22 14:24,5.552,,,,,
283,7/22/22 14:39,5.45,,,,,
284,7/22/22 14:54,5.45,,,,,
285,7/22/22 15:09,5.45,,,,,
286,7/22/22 15:24,5.552,,,,,
287,7/22/22 15:39,5.45,,,,,
288,7/22/22 15:54,5.347,,,,,
289,7/22/22 16:09,5.45,,,,,
290,7/22/22 16:24,5.45,,,,,
291,7/22/22 16:39,5.45,,,,,
292,7/22/22 16:54,5.45,,,,,
293,7/22/22 17:09,5.347,,,,,
294,7/22/22 17:24,5.347,,,,,
295,7/22/22 17:39,5.347,,,,,
296,7/22/22 17:54,5.45,,,,,
297,7/22/22 18:09,5.45,,,,,
298,7/22/22 18:24,5.45,,,,,
299,7/22/22 18:39,5.347,,,,,
300,7/22/22 18:54,5.244,,,,,
301,7/22/22 19:09,5.244,,,,,
302,7/22/22 19:24,5.244,,,,,
303,7/22/22 19:39,5.244,,,,,
304,7/22/22 19:54,5.347,,,,,
305,7/22/22 20:09,5.347,,,,,
306,7/22/22 20:24,5.347,,,,,
307,7/22/22 20:39,5.347,,,,,
308,7/22/22 20:54,5.347,,,,,
309,7/22/22 21:09,5.347,,,,,
310,7/22/22 21:24,5.244,,,,,
311,7/22/22 21:39,5.244,,,,,
312,7/22/22 21:54,5.244,,,,,
313,7/22/22 22:09,5.244,,,,,
314,7/22/22 22:24,5.244,,,,,
315,7/22/22 22:39,5.244,,,,,
316,7/22/22 22:54,5.244,,,,,
317,7/22/22 23:09,5.244,,,,,
318,7/22/22 23:24,5.244,,,,,
319,7/22/22 23:39,5.244,,,,,
320,7/22/22 23:54,5.244,,,,,
321,7/23/22 0:09,5.244,,,,,
322,7/23/22 0:24,5.244,,,,,
323,7/23/22 0:39,5.347,,,,,
324,7/23/22 0:54,5.347,,,,,
325,7/23/22 1:09,5.347,,,,,
326,7/23/22 1:24,5.347,,,,,
327,7/23/22 1:39,5.347,,,,,
328,7/23/22 1:54,5.347,,,,,
329,7/23/22 2:09,5.347,,,,,
330,7/23/22 2:24,5.347,,,,,
331,7/23/22 2:39,5.244,,,,,
332,7/23/22 2:54,5.244,,,,,
333,7/23/22 3:09,5.244,,,,,
334,7/23/22 3:24,5.244,,,,,
335,7/23/22 3:39,5.244,,,,,
336,7/23/22 3:54,5.244,,,,,
337,7/23/22 4:09,5.244,,,,,
338,7/23/22 4:24,5.244,,,,,
339,7/23/22 4:39,5.244,,,,,
340,7/23/22 4:54,5.244,,,,,
341,7/23/22 5:09,5.244,,,,,
342,7/23/22 5:24,5.244,,,,,
343,7/23/22 5:39,5.244,,,,,
344,7/23/22 5:54,5.244,,,,,
345,7/23/22 6:09,5.244,,,,,
346,7/23/22 6:24,5.244,,,,,
347,7/23/22 6:39,5.347,,,,,
348,7/23/22 6:54,5.347,,,,,
349,7/23/22 7:09,5.45,,,,,
350,7/23/22 7:24,5.45,,,,,
351,7/23/22 7:39,7.28,,,,,
352,7/23/22 7:54,7.079,,,,,
353,7/23/22 8:09,6.877,,,,,
354,7/23/22 8:24,6.877,,,,,
355,7/23/22 8:39,6.775,,,,,
356,7/23/22 8:54,6.674,,,,,
357,7/23/22 9:09,6.573,,,,,
358,7/23/22 9:24,6.471,,,,,
359,7/23/22 9:39,6.37,,,,,
360,7/23/22 9:54,6.268,,,,,
361,7/23/22 10:09,6.268,,,,,
362,7/23/22 10:24,6.268,,,,,
363,7/23/22 10:39,6.166,,,,,
364,7/23/22 10:54,6.064,,,,,
365,7/23/22 11:09,6.064,,,,,
366,7/23/22 11:24,6.064,,,,,
367,7/23/22 11:39,6.064,,,,,
368,7/23/22 11:54,5.962,,,,,
369,7/23/22 12:09,5.86,,,,,
370,7/23/22 12:24,5.86,,,,,
371,7/23/22 12:39,5.86,,,,,
372,7/23/22 12:54,5.86,,,,,
373,7/23/22 13:09,5.757,,,,,
374,7/23/22 13:24,5.757,,,,,
375,7/23/22 13:39,5.757,,,,,
376,7/23/22 13:54,5.655,,,,,
377,7/23/22 14:09,5.655,,,,,
378,7/23/22 14:24,5.655,,,,,
379,7/23/22 14:39,5.655,,,,,
380,7/23/22 14:54,5.552,,,,,
381,7/23/22 15:09,5.552,,,,,
382,7/23/22 15:24,5.552,,,,,
383,7/23/22 15:39,5.552,,,,,
384,7/23/22 15:54,5.45,,,,,
385,7/23/22 16:09,5.552,,,,,
386,7/23/22 16:24,5.552,,,,,
387,7/23/22 16:39,5.45,,,,,
388,7/23/22 16:54,5.347,,,,,
389,7/23/22 17:09,5.347,,,,,
390,7/23/22 17:24,5.347,,,,,
391,7/23/22 17:39,5.45,,,,,
392,7/23/22 17:54,5.45,,,,,
393,7/23/22 18:09,5.347,,,,,
394,7/23/22 18:24,5.347,,,,,
395,7/23/22 18:39,5.347,,,,,
396,7/23/22 18:54,5.347,,,,,
397,7/23/22 19:09,5.347,,,,,
398,7/23/22 19:24,5.347,,,,,
399,7/23/22 19:39,5.347,,,,,
400,7/23/22 19:54,5.347,,,,,
401,7/23/22 20:09,5.347,,,,,
402,7/23/22 20:24,5.347,,,,,
403,7/23/22 20:39,5.347,,,,,
404,7/23/22 20:54,5.347,,,,,
405,7/23/22 21:09,5.347,,,,,
406,7/23/22 21:24,5.244,,,,,
407,7/23/22 21:39,5.244,,,,,
408,7/23/22 21:54,5.244,,,,,
409,7/23/22 22:09,5.244,,,,,
410,7/23/22 22:24,5.244,,,,,
411,7/23/22 22:39,5.244,,,,,
412,7/23/22 22:54,5.244,,,,,
413,7/23/22 23:09,5.244,,,,,
414,7/23/22 23:24,5.244,,,,,
415,7/23/22 23:39,5.347,,,,,
416,7/23/22 23:54,5.347,,,,,
417,7/24/22 0:09,5.347,,,,,
418,7/24/22 0:24,5.347,,,,,
419,7/24/22 0:39,5.347,,,,,
420,7/24/22 0:54,5.347,,,,,
421,7/24/22 1:09,5.347,,,,,
422,7/24/22 1:24,5.347,,,,,
423,7/24/22 1:39,5.347,,,,,
424,7/24/22 1:54,5.347,,,,,
425,7/24/22 2:09,5.347,,,,,
426,7/24/22 2:24,5.347,,,,,
427,7/24/22 2:39,5.244,,,,,
428,7/24/22 2:54,5.244,,,,,
429,7/24/22 3:09,5.244,,,,,
430,7/24/22 3:24,5.244,,,,,
431,7/24/22 3:39,5.244,,,,,
432,7/24/22 3:54,5.244,,,,,
433,7/24/22 4:09,5.244,,,,,
434,7/24/22 4:24,5.244,,,,,
435,7/24/22 4:39,5.244,,,,,
436,7/24/22 4:54,5.244,,,,,
437,7/24/22 5:09,5.347,,,,,
438,7/24/22 5:24,5.347,,,,,
439,7/24/22 5:39,5.347,,,,,
440,7/24/22 5:54,5.347,,,,,
441,7/24/22 6:09,5.347,,,,,
442,7/24/22 6:24,5.347,,,,,
443,7/24/22 6:39,5.347,,,,,
444,7/24/22 6:54,5.347,,,,,
445,7/24/22 7:09,5.45,,,,,
446,7/24/22 7:24,5.45,,,,,
447,7/24/22 7:39,5.347,,,,,
448,7/24/22 7:54,5.347,,,,,
449,7/24/22 8:09,5.347,,,,,
450,7/24/22 8:24,5.347,,,,,
451,7/24/22 8:39,5.347,,,,,
452,7/24/22 8:54,5.45,,,,,
453,7/24/22 9:09,5.45,,,,,
454,7/24/22 9:24,5.45,,,,,
455,7/24/22 9:39,5.45,,,,,
456,7/24/22 9:54,5.347,,,,,
457,7/24/22 10:09,5.347,,,,,
458,7/24/22 10:24,5.45,,,,,
459,7/24/22 10:39,5.45,,,,,
460,7/24/22 10:54,5.962,,,,,
461,7/24/22 11:09,5.962,,,,,
462,7/24/22 11:24,5.86,,,,,
463,7/24/22 11:39,5.86,,,,,
464,7/24/22 11:54,5.86,,,,,
465,7/24/22 12:09,5.86,,,,,
466,7/24/22 12:24,5.757,,,,,
467,7/24/22 12:39,5.655,,,,,
468,7/24/22 12:54,5.655,,,,,
469,7/24/22 13:09,5.757,,,,,
470,7/24/22 13:24,5.655,,,,,
471,7/24/22 13:39,5.655,,,,,
472,7/24/22 13:54,5.655,,,,,
473,7/24/22 14:09,5.655,,,,,
474,7/24/22 14:24,5.552,,,,,
475,7/24/22 14:39,5.552,,,,,
476,7/24/22 14:54,5.552,,,,,
477,7/24/22 15:09,5.552,,,,,
478,7/24/22 15:24,5.552,,,,,
479,7/24/22 15:39,5.552,,,,,
480,7/24/22 15:54,5.552,,,,,
481,7/24/22 16:09,5.552,,,,,
482,7/24/22 16:24,5.45,,,,,
483,7/24/22 16:39,5.45,,,,,
484,7/24/22 16:54,5.45,,,,,
485,7/24/22 17:09,5.45,,,,,
486,7/24/22 17:24,5.45,,,,,
487,7/24/22 17:39,5.552,,,,,
488,7/24/22 17:54,5.45,,,,,
489,7/24/22 18:09,5.45,,,,,
490,7/24/22 18:24,5.347,,,,,
491,7/24/22 18:39,5.347,,,,,
492,7/24/22 18:54,5.347,,,,,
493,7/24/22 19:09,5.347,,,,,
494,7/24/22 19:24,5.347,,,,,
495,7/24/22 19:39,5.347,,,,,
496,7/24/22 19:54,5.347,,,,,
497,7/24/22 20:09,5.347,,,,,
498,7/24/22 20:24,5.347,,,,,
499,7/24/22 20:39,5.347,,,,,
500,7/24/22 20:54,5.347,,,,,
501,7/24/22 21:09,5.244,,,,,
502,7/24/22 21:24,5.347,,,,,
503,7/24/22 21:39,5.347,,,,,
504,7/24/22 21:54,5.347,,,,,
505,7/24/22 22:09,5.347,,,,,
506,7/24/22 22:24,5.347,,,,,
507,7/24/22 22:39,5.347,,,,,
508,7/24/22 22:54,5.347,,,,,
509,7/24/22 23:09,5.347,,,,,
510,7/24/22 23:24,5.347,,,,,
511,7/24/22 23:39,5.347,,,,,
512,7/24/22 23:54,5.347,,,,,
513,7/25/22 0:09,5.244,,,,,
514,7/25/22 0:24,5.244,,,,,
515,7/25/22 0:39,5.244,,,,,
516,7/25/22 0:54,5.244,,,,,
517,7/25/22 1:09,5.244,,,,,
518,7/25/22 1:24,5.244,,,,,
519,7/25/22 1:39,5.244,,,,,
520,7/25/22 1:54,5.244,,,,,
521,7/25/22 2:09,5.244,,,,,
522,7/25/22 2:24,5.244,,,,,
523,7/25/22 2:39,5.244,,,,,
524,7/25/22 2:54,5.347,,,,,
525,7/25/22 3:09,5.347,,,,,
526,7/25/22 3:24,5.347,,,,,
527,7/25/22 3:39,5.347,,,,,
528,7/25/22 3:54,5.347,,,,,
529,7/25/22 4:09,5.244,,,,,
530,7/25/22 4:24,5.244,,,,,
531,7/25/22 4:39,5.244,,,,,
532,7/25/22 4:54,5.244,,,,,
533,7/25/22 5:09,5.244,,,,,
534,7/25/22 5:24,5.244,,,,,
535,7/25/22 5:39,5.244,,,,,
536,7/25/22 5:54,5.244,,,,,
537,7/25/22 6:09,5.244,,,,,
538,7/25/22 6:24,5.244,,,,,
539,7/25/22 6:39,5.244,,,,,
540,7/25/22 6:54,5.347,,,,,
541,7/25/22 7:09,5.244,,,,,
542,7/25/22 7:24,5.347,,,,,
543,7/25/22 7:39,5.347,,,,,
544,7/25/22 7:54,5.347,,,,,
545,7/25/22 8:09,5.244,,,,,
546,7/25/22 8:24,5.347,,,,,
547,7/25/22 8:39,5.347,,,,,
548,7/25/22 8:54,7.481,,,,,
549,7/25/22 9:09,7.381,,,,,
550,7/25/22 9:24,7.28,,,,,
551,7/25/22 9:39,7.179,,,,,
552,7/25/22 9:54,6.978,,,,,
553,7/25/22 10:09,6.877,,,,,
554,7/25/22 10:24,6.775,,,,,
555,7/25/22 10:39,6.674,,,,,
556,7/25/22 10:54,6.573,,,,,
557,7/25/22 11:09,6.471,,,,,
558,7/25/22 11:24,6.471,,,,,
559,7/25/22 11:39,6.37,,,,,
560,7/25/22 11:54,6.37,,,,,
561,7/25/22 12:09,6.268,,,,,
562,7/25/22 12:24,6.268,,,,,
563,7/25/22 12:39,6.166,,,,,
564,7/25/22 12:54,6.166,,,,,
565,7/25/22 13:09,6.064,,,,,
566,7/25/22 13:24,6.064,,,,,
567,7/25/22 13:39,5.962,,,,,
568,7/25/22 13:54,5.962,,,,,
569,7/25/22 14:09,5.962,,,,,
570,7/25/22 14:24,5.962,,,,,
571,7/25/22 14:39,5.86,,,,,
572,7/25/22 14:54,5.86,,,,,
573,7/25/22 15:09,5.86,,,,,
574,7/25/22 15:24,5.86,,,,,
575,7/25/22 15:39,5.757,,,,,
576,7/25/22 15:54,5.757,,,,,
577,7/25/22 16:09,5.757,,,,,
578,7/25/22 16:24,5.757,,,,,
579,7/25/22 16:39,5.655,,,,,
580,7/25/22 16:54,5.655,,,,,
581,7/25/22 17:09,5.655,,,,,
582,7/25/22 17:24,5.655,,,,,
583,7/25/22 17:39,5.655,,,,,
584,7/25/22 17:54,5.655,,,,,
585,7/25/22 18:09,5.655,,,,,
586,7/25/22 18:24,5.655,,,,,
587,7/25/22 18:39,5.552,,,,,
588,7/25/22 18:54,5.552,,,,,
589,7/25/22 19:09,5.552,,,,,
590,7/25/22 19:24,5.552,,,,,
591,7/25/22 19:39,5.552,,,,,
592,7/25/22 19:54,5.45,,,,,
593,7/25/22 20:09,5.45,,,,,
594,7/25/22 20:24,5.45,,,,,
595,7/25/22 20:39,5.45,,,,,
596,7/25/22 20:54,5.45,,,,,
597,7/25/22 21:09,5.45,,,,,
598,7/25/22 21:24,5.45,,,,,
599,7/25/22 21:39,5.45,,,,,
600,7/25/22 21:54,5.45,,,,,
601,7/25/22 22:09,5.45,,,,,
602,7/25/22 22:24,5.45,,,,,
603,7/25/22 22:39,5.45,,,,,
604,7/25/22 22:54,5.45,,,,,
605,7/25/22 23:09,5.45,,,,,
606,7/25/22 23:24,5.45,,,,,
607,7/25/22 23:39,5.45,,,,,
608,7/25/22 23:54,5.45,,,,,
609,7/26/22 0:09,5.45,,,,,
610,7/26/22 0:24,5.45,,,,,
611,7/26/22 0:39,5.45,,,,,
612,7/26/22 0:54,5.45,,,,,
613,7/26/22 1:09,5.45,,,,,
614,7/26/22 1:24,5.347,,,,,
615,7/26/22 1:39,5.347,,,,,
616,7/26/22 1:54,5.347,,,,,
617,7/26/22 2:09,5.347,,,,,
618,7/26/22 2:24,5.347,,,,,
619,7/26/22 2:39,5.347,,,,,
620,7/26/22 2:54,5.347,,,,,
621,7/26/22 3:09,5.347,,,,,
622,7/26/22 3:24,5.347,,,,,
623,7/26/22 3:39,5.347,,,,,
624,7/26/22 3:54,5.347,,,,,
625,7/26/22 4:09,5.347,,,,,
626,7/26/22 4:24,5.347,,,,,
627,7/26/22 4:39,5.347,,,,,
628,7/26/22 4:54,5.45,,,,,
629,7/26/22 5:09,5.347,,,,,
630,7/26/22 5:24,5.45,,,,,
631,7/26/22 5:39,5.45,,,,,
632,7/26/22 5:54,5.45,,,,,
633,7/26/22 6:09,5.45,,,,,
634,7/26/22 6:24,5.45,,,,,
635,7/26/22 6:39,5.45,,,,,
636,7/26/22 6:54,5.347,,,,,
637,7/26/22 7:09,5.45,,,,,
638,7/26/22 7:24,5.347,,,,,
639,7/26/22 7:39,5.347,,,,,
640,7/26/22 7:54,5.347,,,,,
641,7/26/22 8:09,5.347,,,,,
642,7/26/22 8:24,5.45,,,,,
643,7/26/22 8:39,5.347,,,,,
644,7/26/22 8:54,5.45,,,,,
645,7/26/22 9:09,5.655,,,,,
646,7/26/22 9:24,5.655,,,,,
647,7/26/22 9:39,5.552,,,,,
648,7/26/22 9:54,5.552,,,,,
649,7/26/22 10:09,5.552,,,,,
650,7/26/22 10:24,5.552,,,,,
651,7/26/22 10:39,5.655,,,,,
652,7/26/22 10:54,5.655,,,,,
653,7/26/22 11:09,5.655,,,,,
654,7/26/22 11:24,5.655,,,,,
655,7/26/22 11:39,5.655,,,,,
656,7/26/22 11:54,5.45,,,,,
657,7/26/22 12:09,5.45,,,,,
658,7/26/22 12:24,5.45,,,,,
659,7/26/22 12:39,5.45,,,,,
660,7/26/22 12:54,5.45,,,,,
661,7/26/22 13:09,5.244,,,,,
662,7/26/22 13:24,5.244,,,,,
663,7/26/22 13:37,NA,,,Logged,,
664,7/26/22 13:37,NA,,Logged,,,
665,7/26/22 13:37,NA,,,,Logged,Logged