Plot Title: yrv_12,,,,,,,
#,"Date Time, GMT-04:00","Temp, °C (LGR S/N: 21435410, SEN S/N: 21435410)",Coupler Detached (LGR S/N: 21435410),Coupler Attached (LGR S/N: 21435410),Host Connected (LGR S/N: 21435410),Stopped (LGR S/N: 21435410),End Of File (LGR S/N: 21435410)
1,6/29/22 11:52,NA,,,,,
2,6/29/22 11:52,NA,Logged,,,,
3,6/29/22 12:07,14.517,,,,,
4,6/29/22 12:22,13.942,,,,,
5,6/29/22 12:37,13.942,,,,,
6,6/29/22 12:52,13.942,,,,,
7,6/29/22 13:07,14.038,,,,,
8,6/29/22 13:22,14.038,,,,,
9,6/29/22 13:37,14.038,,,,,
10,6/29/22 13:52,14.134,,,,,
11,6/29/22 14:07,14.134,,,,,
12,6/29/22 14:22,14.134,,,,,
13,6/29/22 14:37,14.23,,,,,
14,6/29/22 14:52,14.23,,,,,
15,6/29/22 15:07,14.325,,,,,
16,6/29/22 15:22,14.325,,,,,
17,6/29/22 15:37,14.613,,,,,
18,6/29/22 15:52,14.613,,,,,
19,6/29/22 16:07,14.709,,,,,
20,6/29/22 16:22,14.709,,,,,
21,6/29/22 16:37,14.709,,,,,
22,6/29/22 16:52,14.709,,,,,
23,6/29/22 17:07,14.709,,,,,
24,6/29/22 17:22,14.613,,,,,
25,6/29/22 17:37,14.709,,,,,
26,6/29/22 17:52,14.709,,,,,
27,6/29/22 18:07,14.709,,,,,
28,6/29/22 18:22,14.613,,,,,
29,6/29/22 18:37,14.613,,,,,
30,6/29/22 18:52,14.517,,,,,
31,6/29/22 19:07,14.421,,,,,
32,6/29/22 19:22,14.421,,,,,
33,6/29/22 19:37,14.325,,,,,
34,6/29/22 19:52,14.325,,,,,
35,6/29/22 20:07,14.325,,,,,
36,6/29/22 20:22,14.23,,,,,
37,6/29/22 20:37,14.325,,,,,
38,6/29/22 20:52,14.325,,,,,
39,6/29/22 21:07,14.325,,,,,
40,6/29/22 21:22,14.325,,,,,
41,6/29/22 21:37,14.325,,,,,
42,6/29/22 21:52,14.325,,,,,
43,6/29/22 22:07,14.325,,,,,
44,6/29/22 22:22,14.325,,,,,
45,6/29/22 22:37,14.325,,,,,
46,6/29/22 22:52,14.325,,,,,
47,6/29/22 23:07,14.23,,,,,
48,6/29/22 23:22,14.23,,,,,
49,6/29/22 23:37,14.23,,,,,
50,6/29/22 23:52,14.23,,,,,
51,6/30/22 0:07,14.134,,,,,
52,6/30/22 0:22,14.23,,,,,
53,6/30/22 0:37,14.134,,,,,
54,6/30/22 0:52,14.134,,,,,
55,6/30/22 1:07,14.134,,,,,
56,6/30/22 1:22,14.134,,,,,
57,6/30/22 1:37,14.134,,,,,
58,6/30/22 1:52,14.134,,,,,
59,6/30/22 2:07,14.134,,,,,
60,6/30/22 2:22,14.134,,,,,
61,6/30/22 2:37,14.134,,,,,
62,6/30/22 2:52,14.134,,,,,
63,6/30/22 3:07,14.134,,,,,
64,6/30/22 3:22,14.134,,,,,
65,6/30/22 3:37,14.134,,,,,
66,6/30/22 3:52,14.134,,,,,
67,6/30/22 4:07,14.23,,,,,
68,6/30/22 4:22,14.23,,,,,
69,6/30/22 4:37,14.23,,,,,
70,6/30/22 4:52,14.325,,,,,
71,6/30/22 5:07,14.325,,,,,
72,6/30/22 5:22,14.325,,,,,
73,6/30/22 5:37,14.325,,,,,
74,6/30/22 5:52,14.325,,,,,
75,6/30/22 6:07,14.325,,,,,
76,6/30/22 6:22,14.325,,,,,
77,6/30/22 6:37,14.23,,,,,
78,6/30/22 6:52,14.23,,,,,
79,6/30/22 7:07,14.23,,,,,
80,6/30/22 7:22,14.23,,,,,
81,6/30/22 7:37,14.23,,,,,
82,6/30/22 7:52,14.134,,,,,
83,6/30/22 8:07,14.134,,,,,
84,6/30/22 8:22,14.134,,,,,
85,6/30/22 8:37,14.134,,,,,
86,6/30/22 8:52,14.038,,,,,
87,6/30/22 9:07,14.038,,,,,
88,6/30/22 9:22,13.942,,,,,
89,6/30/22 9:37,13.942,,,,,
90,6/30/22 9:52,13.942,,,,,
91,6/30/22 10:07,14.038,,,,,
92,6/30/22 10:22,14.038,,,,,
93,6/30/22 10:37,14.038,,,,,
94,6/30/22 10:52,14.038,,,,,
95,6/30/22 11:07,14.038,,,,,
96,6/30/22 11:22,13.942,,,,,
97,6/30/22 11:37,13.942,,,,,
98,6/30/22 11:52,13.942,,,,,
99,6/30/22 12:07,13.942,,,,,
100,6/30/22 12:22,13.942,,,,,
101,6/30/22 12:37,14.038,,,,,
102,6/30/22 12:52,14.038,,,,,
103,6/30/22 13:07,14.038,,,,,
104,6/30/22 13:22,14.134,,,,,
105,6/30/22 13:37,14.134,,,,,
106,6/30/22 13:52,14.134,,,,,
107,6/30/22 14:07,14.134,,,,,
108,6/30/22 14:22,14.134,,,,,
109,6/30/22 14:37,14.134,,,,,
110,6/30/22 14:52,14.23,,,,,
111,6/30/22 15:07,14.325,,,,,
112,6/30/22 15:22,14.134,,,,,
113,6/30/22 15:37,14.23,,,,,
114,6/30/22 15:52,14.325,,,,,
115,6/30/22 16:07,14.325,,,,,
116,6/30/22 16:22,14.325,,,,,
117,6/30/22 16:37,14.421,,,,,
118,6/30/22 16:52,14.421,,,,,
119,6/30/22 17:07,14.517,,,,,
120,6/30/22 17:22,14.517,,,,,
121,6/30/22 17:37,14.517,,,,,
122,6/30/22 17:52,14.517,,,,,
123,6/30/22 18:07,14.613,,,,,
124,6/30/22 18:22,14.613,,,,,
125,6/30/22 18:37,14.613,,,,,
126,6/30/22 18:52,14.613,,,,,
127,6/30/22 19:07,14.613,,,,,
128,6/30/22 19:22,14.613,,,,,
129,6/30/22 19:37,14.517,,,,,
130,6/30/22 19:52,14.517,,,,,
131,6/30/22 20:07,14.421,,,,,
132,6/30/22 20:22,14.325,,,,,
133,6/30/22 20:37,14.325,,,,,
134,6/30/22 20:52,14.325,,,,,
135,6/30/22 21:07,14.325,,,,,
136,6/30/22 21:22,14.421,,,,,
137,6/30/22 21:37,14.421,,,,,
138,6/30/22 21:52,14.421,,,,,
139,6/30/22 22:07,14.421,,,,,
140,6/30/22 22:22,14.421,,,,,
141,6/30/22 22:37,14.421,,,,,
142,6/30/22 22:52,14.421,,,,,
143,6/30/22 23:07,14.421,,,,,
144,6/30/22 23:22,14.421,,,,,
145,6/30/22 23:37,14.421,,,,,
146,6/30/22 23:52,14.325,,,,,
147,7/1/22 0:07,14.325,,,,,
148,7/1/22 0:22,14.325,,,,,
149,7/1/22 0:37,14.325,,,,,
150,7/1/22 0:52,14.325,,,,,
151,7/1/22 1:07,14.325,,,,,
152,7/1/22 1:22,14.23,,,,,
153,7/1/22 1:37,14.325,,,,,
154,7/1/22 1:52,14.23,,,,,
155,7/1/22 2:07,14.23,,,,,
156,7/1/22 2:22,14.23,,,,,
157,7/1/22 2:37,14.23,,,,,
158,7/1/22 2:52,14.23,,,,,
159,7/1/22 3:07,14.23,,,,,
160,7/1/22 3:22,14.23,,,,,
161,7/1/22 3:37,14.23,,,,,
162,7/1/22 3:52,14.23,,,,,
163,7/1/22 4:07,14.23,,,,,
164,7/1/22 4:22,14.23,,,,,
165,7/1/22 4:37,14.325,,,,,
166,7/1/22 4:52,14.23,,,,,
167,7/1/22 5:07,14.325,,,,,
168,7/1/22 5:22,14.325,,,,,
169,7/1/22 5:37,14.325,,,,,
170,7/1/22 5:52,14.325,,,,,
171,7/1/22 6:07,14.325,,,,,
172,7/1/22 6:22,14.325,,,,,
173,7/1/22 6:37,14.23,,,,,
174,7/1/22 6:52,14.23,,,,,
175,7/1/22 7:07,14.134,,,,,
176,7/1/22 7:22,14.134,,,,,
177,7/1/22 7:37,14.038,,,,,
178,7/1/22 7:52,14.038,,,,,
179,7/1/22 8:07,14.038,,,,,
180,7/1/22 8:22,14.038,,,,,
181,7/1/22 8:37,14.23,,,,,
182,7/1/22 8:52,14.038,,,,,
183,7/1/22 9:07,14.038,,,,,
184,7/1/22 9:22,14.134,,,,,
185,7/1/22 9:37,14.038,,,,,
186,7/1/22 9:52,14.038,,,,,
187,7/1/22 10:07,14.038,,,,,
188,7/1/22 10:22,14.038,,,,,
189,7/1/22 10:37,14.038,,,,,
190,7/1/22 10:52,14.134,,,,,
191,7/1/22 11:07,14.23,,,,,
192,7/1/22 11:22,14.23,,,,,
193,7/1/22 11:37,14.23,,,,,
194,7/1/22 11:52,14.23,,,,,
195,7/1/22 12:07,14.23,,,,,
196,7/1/22 12:22,14.23,,,,,
197,7/1/22 12:37,14.23,,,,,
198,7/1/22 12:52,14.23,,,,,
199,7/1/22 13:07,14.23,,,,,
200,7/1/22 13:22,14.23,,,,,
201,7/1/22 13:37,14.23,,,,,
202,7/1/22 13:52,14.23,,,,,
203,7/1/22 14:07,14.23,,,,,
204,7/1/22 14:22,14.325,,,,,
205,7/1/22 14:37,14.325,,,,,
206,7/1/22 14:52,14.421,,,,,
207,7/1/22 15:07,14.421,,,,,
208,7/1/22 15:22,14.421,,,,,
209,7/1/22 15:37,14.517,,,,,
210,7/1/22 15:52,14.517,,,,,
211,7/1/22 16:07,14.517,,,,,
212,7/1/22 16:22,14.517,,,,,
213,7/1/22 16:37,14.613,,,,,
214,7/1/22 16:52,14.613,,,,,
215,7/1/22 17:07,14.613,,,,,
216,7/1/22 17:22,14.613,,,,,
217,7/1/22 17:37,14.709,,,,,
218,7/1/22 17:52,14.709,,,,,
219,7/1/22 18:07,14.709,,,,,
220,7/1/22 18:22,14.709,,,,,
221,7/1/22 18:37,14.709,,,,,
222,7/1/22 18:52,14.709,,,,,
223,7/1/22 19:07,14.709,,,,,
224,7/1/22 19:22,14.709,,,,,
225,7/1/22 19:37,14.613,,,,,
226,7/1/22 19:52,14.421,,,,,
227,7/1/22 20:07,14.134,,,,,
228,7/1/22 20:22,13.942,,,,,
229,7/1/22 20:37,13.846,,,,,
230,7/1/22 20:52,13.75,,,,,
231,7/1/22 21:07,13.75,,,,,
232,7/1/22 21:22,13.654,,,,,
233,7/1/22 21:37,13.75,,,,,
234,7/1/22 21:52,13.75,,,,,
235,7/1/22 22:07,13.654,,,,,
236,7/1/22 22:22,13.75,,,,,
237,7/1/22 22:37,13.75,,,,,
238,7/1/22 22:52,13.654,,,,,
239,7/1/22 23:07,13.654,,,,,
240,7/1/22 23:22,13.654,,,,,
241,7/1/22 23:37,13.654,,,,,
242,7/1/22 23:52,13.654,,,,,
243,7/2/22 0:07,13.654,,,,,
244,7/2/22 0:22,13.558,,,,,
245,7/2/22 0:37,13.558,,,,,
246,7/2/22 0:52,13.558,,,,,
247,7/2/22 1:07,13.461,,,,,
248,7/2/22 1:22,13.461,,,,,
249,7/2/22 1:37,13.461,,,,,
250,7/2/22 1:52,13.365,,,,,
251,7/2/22 2:07,13.461,,,,,
252,7/2/22 2:22,13.461,,,,,
253,7/2/22 2:37,13.365,,,,,
254,7/2/22 2:52,13.365,,,,,
255,7/2/22 3:07,13.365,,,,,
256,7/2/22 3:22,13.365,,,,,
257,7/2/22 3:37,13.365,,,,,
258,7/2/22 3:52,13.365,,,,,
259,7/2/22 4:07,13.365,,,,,
260,7/2/22 4:22,13.461,,,,,
261,7/2/22 4:37,13.461,,,,,
262,7/2/22 4:52,13.461,,,,,
263,7/2/22 5:07,13.461,,,,,
264,7/2/22 5:22,13.461,,,,,
265,7/2/22 5:37,13.558,,,,,
266,7/2/22 5:52,13.558,,,,,
267,7/2/22 6:07,13.461,,,,,
268,7/2/22 6:22,13.558,,,,,
269,7/2/22 6:37,13.558,,,,,
270,7/2/22 6:52,13.558,,,,,
271,7/2/22 7:07,13.558,,,,,
272,7/2/22 7:22,13.461,,,,,
273,7/2/22 7:37,13.461,,,,,
274,7/2/22 7:52,13.461,,,,,
275,7/2/22 8:07,13.461,,,,,
276,7/2/22 8:22,13.654,,,,,
277,7/2/22 8:37,13.558,,,,,
278,7/2/22 8:52,13.654,,,,,
279,7/2/22 9:07,13.558,,,,,
280,7/2/22 9:22,13.558,,,,,
281,7/2/22 9:37,13.654,,,,,
282,7/2/22 9:52,13.654,,,,,
283,7/2/22 10:07,13.654,,,,,
284,7/2/22 10:22,13.558,,,,,
285,7/2/22 10:37,13.558,,,,,
286,7/2/22 10:52,13.558,,,,,
287,7/2/22 11:07,13.558,,,,,
288,7/2/22 11:22,13.558,,,,,
289,7/2/22 11:37,13.558,,,,,
290,7/2/22 11:52,13.558,,,,,
291,7/2/22 12:07,13.558,,,,,
292,7/2/22 12:22,13.461,,,,,
293,7/2/22 12:37,13.461,,,,,
294,7/2/22 12:52,13.558,,,,,
295,7/2/22 13:07,13.558,,,,,
296,7/2/22 13:22,13.461,,,,,
297,7/2/22 13:37,13.461,,,,,
298,7/2/22 13:52,13.461,,,,,
299,7/2/22 14:07,13.558,,,,,
300,7/2/22 14:22,13.558,,,,,
301,7/2/22 14:37,13.558,,,,,
302,7/2/22 14:52,13.558,,,,,
303,7/2/22 15:07,13.558,,,,,
304,7/2/22 15:22,13.558,,,,,
305,7/2/22 15:37,13.558,,,,,
306,7/2/22 15:52,13.558,,,,,
307,7/2/22 16:07,13.558,,,,,
308,7/2/22 16:22,13.558,,,,,
309,7/2/22 16:37,13.558,,,,,
310,7/2/22 16:52,13.558,,,,,
311,7/2/22 17:07,13.558,,,,,
312,7/2/22 17:22,13.558,,,,,
313,7/2/22 17:37,13.558,,,,,
314,7/2/22 17:52,13.654,,,,,
315,7/2/22 18:07,13.654,,,,,
316,7/2/22 18:22,13.558,,,,,
317,7/2/22 18:37,13.654,,,,,
318,7/2/22 18:52,13.654,,,,,
319,7/2/22 19:07,13.654,,,,,
320,7/2/22 19:22,13.654,,,,,
321,7/2/22 19:37,13.654,,,,,
322,7/2/22 19:52,13.558,,,,,
323,7/2/22 20:07,13.654,,,,,
324,7/2/22 20:22,13.654,,,,,
325,7/2/22 20:37,13.558,,,,,
326,7/2/22 20:52,13.558,,,,,
327,7/2/22 21:07,13.461,,,,,
328,7/2/22 21:22,13.461,,,,,
329,7/2/22 21:37,13.461,,,,,
330,7/2/22 21:52,13.461,,,,,
331,7/2/22 22:07,13.365,,,,,
332,7/2/22 22:22,13.461,,,,,
333,7/2/22 22:37,13.365,,,,,
334,7/2/22 22:52,13.365,,,,,
335,7/2/22 23:07,13.365,,,,,
336,7/2/22 23:22,13.269,,,,,
337,7/2/22 23:37,13.269,,,,,
338,7/2/22 23:52,13.269,,,,,
339,7/3/22 0:07,13.173,,,,,
340,7/3/22 0:22,13.173,,,,,
341,7/3/22 0:37,13.173,,,,,
342,7/3/22 0:52,13.076,,,,,
343,7/3/22 1:07,13.076,,,,,
344,7/3/22 1:22,13.076,,,,,
345,7/3/22 1:37,13.076,,,,,
346,7/3/22 1:52,12.98,,,,,
347,7/3/22 2:07,12.98,,,,,
348,7/3/22 2:22,12.98,,,,,
349,7/3/22 2:37,12.98,,,,,
350,7/3/22 2:52,12.98,,,,,
351,7/3/22 3:07,12.883,,,,,
352,7/3/22 3:22,12.883,,,,,
353,7/3/22 3:37,12.883,,,,,
354,7/3/22 3:52,12.883,,,,,
355,7/3/22 4:07,12.787,,,,,
356,7/3/22 4:22,12.883,,,,,
357,7/3/22 4:37,12.883,,,,,
358,7/3/22 4:52,12.883,,,,,
359,7/3/22 5:07,12.883,,,,,
360,7/3/22 5:22,12.883,,,,,
361,7/3/22 5:37,12.883,,,,,
362,7/3/22 5:52,12.883,,,,,
363,7/3/22 6:07,12.883,,,,,
364,7/3/22 6:22,12.98,,,,,
365,7/3/22 6:37,12.98,,,,,
366,7/3/22 6:52,12.98,,,,,
367,7/3/22 7:07,12.883,,,,,
368,7/3/22 7:22,12.883,,,,,
369,7/3/22 7:37,12.98,,,,,
370,7/3/22 7:52,12.98,,,,,
371,7/3/22 8:07,12.98,,,,,
372,7/3/22 8:22,12.98,,,,,
373,7/3/22 8:37,13.076,,,,,
374,7/3/22 8:52,13.076,,,,,
375,7/3/22 9:07,13.173,,,,,
376,7/3/22 9:22,13.173,,,,,
377,7/3/22 9:37,13.269,,,,,
378,7/3/22 9:52,13.269,,,,,
379,7/3/22 10:07,13.269,,,,,
380,7/3/22 10:22,13.269,,,,,
381,7/3/22 10:37,13.269,,,,,
382,7/3/22 10:52,13.269,,,,,
383,7/3/22 11:07,13.269,,,,,
384,7/3/22 11:22,13.173,,,,,
385,7/3/22 11:37,13.269,,,,,
386,7/3/22 11:52,13.269,,,,,
387,7/3/22 12:07,13.269,,,,,
388,7/3/22 12:22,13.365,,,,,
389,7/3/22 12:37,13.365,,,,,
390,7/3/22 12:52,13.365,,,,,
391,7/3/22 13:07,13.461,,,,,
392,7/3/22 13:22,NA,,,,,
393,7/3/22 13:37,NA,,,,,
394,7/3/22 13:46,NA,,Logged,Logged,,
395,7/3/22 13:46,NA,Logged,,,,
396,7/3/22 13:52,14.613,,,,,
397,7/3/22 14:07,13.461,,,,,
398,7/3/22 14:22,13.558,,,,,
399,7/3/22 14:37,13.461,,,,,
400,7/3/22 14:52,13.461,,,,,
401,7/3/22 15:07,13.461,,,,,
402,7/3/22 15:22,13.365,,,,,
403,7/3/22 15:37,13.461,,,,,
404,7/3/22 15:52,13.365,,,,,
405,7/3/22 16:07,13.461,,,,,
406,7/3/22 16:22,13.558,,,,,
407,7/3/22 16:37,13.461,,,,,
408,7/3/22 16:52,13.558,,,,,
409,7/3/22 17:07,13.654,,,,,
410,7/3/22 17:22,13.654,,,,,
411,7/3/22 17:37,13.558,,,,,
412,7/3/22 17:52,13.461,,,,,
413,7/3/22 18:07,13.461,,,,,
414,7/3/22 18:22,13.461,,,,,
415,7/3/22 18:37,13.558,,,,,
416,7/3/22 18:52,13.461,,,,,
417,7/3/22 19:07,13.461,,,,,
418,7/3/22 19:22,13.365,,,,,
419,7/3/22 19:37,13.365,,,,,
420,7/3/22 19:52,13.365,,,,,
421,7/3/22 20:07,13.365,,,,,
422,7/3/22 20:22,13.558,,,,,
423,7/3/22 20:37,13.461,,,,,
424,7/3/22 20:52,13.461,,,,,
425,7/3/22 21:07,13.365,,,,,
426,7/3/22 21:22,13.365,,,,,
427,7/3/22 21:37,13.365,,,,,
428,7/3/22 21:52,13.269,,,,,
429,7/3/22 22:07,13.269,,,,,
430,7/3/22 22:22,13.269,,,,,
431,7/3/22 22:37,13.173,,,,,
432,7/3/22 22:52,13.076,,,,,
433,7/3/22 23:07,13.076,,,,,
434,7/3/22 23:22,12.98,,,,,
435,7/3/22 23:37,12.883,,,,,
436,7/3/22 23:52,12.883,,,,,
437,7/4/22 0:07,12.787,,,,,
438,7/4/22 0:22,12.69,,,,,
439,7/4/22 0:37,12.69,,,,,
440,7/4/22 0:52,12.69,,,,,
441,7/4/22 1:07,12.594,,,,,
442,7/4/22 1:22,12.401,,,,,
443,7/4/22 1:37,12.497,,,,,
444,7/4/22 1:52,12.401,,,,,
445,7/4/22 2:07,12.304,,,,,
446,7/4/22 2:22,12.401,,,,,
447,7/4/22 2:37,12.304,,,,,
448,7/4/22 2:52,12.304,,,,,
449,7/4/22 3:07,12.304,,,,,
450,7/4/22 3:22,12.304,,,,,
451,7/4/22 3:37,12.304,,,,,
452,7/4/22 3:52,12.304,,,,,
453,7/4/22 4:07,12.304,,,,,
454,7/4/22 4:22,12.207,,,,,
455,7/4/22 4:37,12.207,,,,,
456,7/4/22 4:52,12.207,,,,,
457,7/4/22 5:07,12.207,,,,,
458,7/4/22 5:22,12.304,,,,,
459,7/4/22 5:37,12.304,,,,,
460,7/4/22 5:52,12.207,,,,,
461,7/4/22 6:07,12.11,,,,,
462,7/4/22 6:22,12.11,,,,,
463,7/4/22 6:37,12.11,,,,,
464,7/4/22 6:52,12.11,,,,,
465,7/4/22 7:07,12.11,,,,,
466,7/4/22 7:22,12.11,,,,,
467,7/4/22 7:37,12.207,,,,,
468,7/4/22 7:52,12.207,,,,,
469,7/4/22 8:07,12.304,,,,,
470,7/4/22 8:22,12.401,,,,,
471,7/4/22 8:37,12.401,,,,,
472,7/4/22 8:52,12.497,,,,,
473,7/4/22 9:07,12.594,,,,,
474,7/4/22 9:22,12.69,,,,,
475,7/4/22 9:37,12.787,,,,,
476,7/4/22 9:52,12.883,,,,,
477,7/4/22 10:07,12.98,,,,,
478,7/4/22 10:22,13.076,,,,,
479,7/4/22 10:37,13.076,,,,,
480,7/4/22 10:52,13.173,,,,,
481,7/4/22 11:07,13.269,,,,,
482,7/4/22 11:22,13.269,,,,,
483,7/4/22 11:37,13.365,,,,,
484,7/4/22 11:52,13.365,,,,,
485,7/4/22 12:07,13.365,,,,,
486,7/4/22 12:22,13.461,,,,,
487,7/4/22 12:37,13.558,,,,,
488,7/4/22 12:52,13.558,,,,,
489,7/4/22 13:07,13.654,,,,,
490,7/4/22 13:22,13.654,,,,,
491,7/4/22 13:37,13.75,,,,,
492,7/4/22 13:52,13.75,,,,,
493,7/4/22 14:07,13.654,,,,,
494,7/4/22 14:22,14.23,,,,,
495,7/4/22 14:37,13.654,,,,,
496,7/4/22 14:52,13.654,,,,,
497,7/4/22 15:07,13.654,,,,,
498,7/4/22 15:22,13.654,,,,,
499,7/4/22 15:37,13.654,,,,,
500,7/4/22 15:52,13.654,,,,,
501,7/4/22 16:07,13.654,,,,,
502,7/4/22 16:22,13.654,,,,,
503,7/4/22 16:37,13.654,,,,,
504,7/4/22 16:52,13.654,,,,,
505,7/4/22 17:07,13.654,,,,,
506,7/4/22 17:22,13.654,,,,,
507,7/4/22 17:37,13.654,,,,,
508,7/4/22 17:52,13.654,,,,,
509,7/4/22 18:07,13.654,,,,,
510,7/4/22 18:22,13.558,,,,,
511,7/4/22 18:37,13.558,,,,,
512,7/4/22 18:52,13.558,,,,,
513,7/4/22 19:07,13.558,,,,,
514,7/4/22 19:22,13.558,,,,,
515,7/4/22 19:37,13.558,,,,,
516,7/4/22 19:52,13.461,,,,,
517,7/4/22 20:07,13.461,,,,,
518,7/4/22 20:22,13.365,,,,,
519,7/4/22 20:37,13.365,,,,,
520,7/4/22 20:52,13.365,,,,,
521,7/4/22 21:07,13.269,,,,,
522,7/4/22 21:22,13.269,,,,,
523,7/4/22 21:37,13.269,,,,,
524,7/4/22 21:52,13.173,,,,,
525,7/4/22 22:07,13.173,,,,,
526,7/4/22 22:22,13.173,,,,,
527,7/4/22 22:37,13.076,,,,,
528,7/4/22 22:52,13.076,,,,,
529,7/4/22 23:07,13.076,,,,,
530,7/4/22 23:22,12.98,,,,,
531,7/4/22 23:37,12.98,,,,,
532,7/4/22 23:52,12.883,,,,,
533,7/5/22 0:07,12.883,,,,,
534,7/5/22 0:22,12.787,,,,,
535,7/5/22 0:37,12.69,,,,,
536,7/5/22 0:52,12.69,,,,,
537,7/5/22 1:07,12.69,,,,,
538,7/5/22 1:22,12.594,,,,,
539,7/5/22 1:37,12.497,,,,,
540,7/5/22 1:52,12.497,,,,,
541,7/5/22 2:07,12.497,,,,,
542,7/5/22 2:22,12.497,,,,,
543,7/5/22 2:37,12.304,,,,,
544,7/5/22 2:52,12.304,,,,,
545,7/5/22 3:07,12.304,,,,,
546,7/5/22 3:22,12.304,,,,,
547,7/5/22 3:37,12.304,,,,,
548,7/5/22 3:52,12.304,,,,,
549,7/5/22 4:07,12.207,,,,,
550,7/5/22 4:22,12.207,,,,,
551,7/5/22 4:37,12.207,,,,,
552,7/5/22 4:52,12.207,,,,,
553,7/5/22 5:07,12.207,,,,,
554,7/5/22 5:22,12.207,,,,,
555,7/5/22 5:37,12.207,,,,,
556,7/5/22 5:52,12.207,,,,,
557,7/5/22 6:07,12.207,,,,,
558,7/5/22 6:22,12.207,,,,,
559,7/5/22 6:37,12.207,,,,,
560,7/5/22 6:52,12.207,,,,,
561,7/5/22 7:07,12.304,,,,,
562,7/5/22 7:22,12.497,,,,,
563,7/5/22 7:37,12.69,,,,,
564,7/5/22 7:52,12.69,,,,,
565,7/5/22 8:07,12.883,,,,,
566,7/5/22 8:22,12.98,,,,,
567,7/5/22 8:37,13.076,,,,,
568,7/5/22 8:52,13.173,,,,,
569,7/5/22 9:07,13.269,,,,,
570,7/5/22 9:22,14.134,,,,,
571,7/5/22 9:37,14.804,,,,,
572,7/5/22 9:52,15.473,,,,,
573,7/5/22 10:07,15.855,,,,,
574,7/5/22 10:22,16.237,,,,,
575,7/5/22 10:37,16.523,,,,,
576,7/5/22 10:52,16.713,,,,,
577,7/5/22 11:07,16.999,,,,,
578,7/5/22 11:22,17.189,,,,,
579,7/5/22 11:37,17.284,,,,,
580,7/5/22 11:52,17.284,,,,,
581,7/5/22 12:07,16.999,,,,,
582,7/5/22 12:22,16.523,,,,,
583,7/5/22 12:37,16.237,,,,,
584,7/5/22 12:52,16.046,,,,,
585,7/5/22 13:07,15.664,,,,,
586,7/5/22 13:22,14.709,,,,,
587,7/5/22 13:37,14.517,,,,,
588,7/5/22 13:52,13.942,,,,,
589,7/5/22 14:07,14.325,,,,,
590,7/5/22 14:22,14.134,,,,,
591,7/5/22 14:37,13.846,,,,,
592,7/5/22 14:52,13.558,,,,,
593,7/5/22 15:07,13.75,,,,,
594,7/5/22 15:22,13.654,,,,,
595,7/5/22 15:37,13.846,,,,,
596,7/5/22 15:52,13.558,,,,,
597,7/5/22 16:07,13.558,,,,,
598,7/5/22 16:22,13.269,,,,,
599,7/5/22 16:37,15.951,,,,,
600,7/5/22 16:52,20.71,,,,,
601,7/5/22 17:07,24.255,,,,,
602,7/5/22 17:22,26.292,,,,,
603,7/5/22 17:37,27.764,,,,,
604,7/5/22 17:52,28.456,,,,,
605,7/5/22 18:07,28.953,,,,,
606,7/5/22 18:22,29.452,,,,,
607,7/5/22 18:37,29.652,,,,,
608,7/5/22 18:52,29.953,,,,,
609,7/5/22 19:07,30.154,,,,,
610,7/5/22 19:22,30.255,,,,,
611,7/5/22 19:37,30.356,,,,,
612,7/5/22 19:52,30.356,,,,,
613,7/5/22 20:07,30.963,,,,,
614,7/5/22 20:22,30.255,,,,,
615,7/5/22 20:37,30.255,,,,,
616,7/5/22 20:52,30.659,,,,,
617,7/5/22 21:07,31.166,,,,,
618,7/5/22 21:22,31.37,,,,,
619,7/5/22 21:37,31.37,,,,,
620,7/5/22 21:52,31.166,,,,,
621,7/5/22 22:07,30.963,,,,,
622,7/5/22 22:22,31.064,,,,,
623,7/5/22 22:37,31.064,,,,,
624,7/5/22 22:52,31.064,,,,,
625,7/5/22 23:07,30.76,,,,,
626,7/5/22 23:22,30.255,,,,,
627,7/5/22 23:37,30.154,,,,,
628,7/5/22 23:52,30.356,,,,,
629,7/6/22 0:07,30.457,,,,,
630,7/6/22 0:22,30.255,,,,,
631,7/6/22 0:37,30.154,,,,,
632,7/6/22 0:52,30.356,,,,,
633,7/6/22 1:07,30.558,,,,,
634,7/6/22 1:22,30.659,,,,,
635,7/6/22 1:37,30.862,,,,,
636,7/6/22 1:52,31.064,,,,,
637,7/6/22 2:07,30.862,,,,,
638,7/6/22 2:22,30.558,,,,,
639,7/6/22 2:37,30.054,,,,,
640,7/6/22 2:52,30.457,,,,,
641,7/6/22 3:07,29.552,,,,,
642,7/6/22 3:22,30.255,,,,,
643,7/6/22 3:37,31.064,,,,,
644,7/6/22 3:52,30.963,,,,,
645,7/6/22 4:07,31.37,,,,,
646,7/6/22 4:22,31.676,,,,,
647,7/6/22 4:37,31.574,,,,,
648,7/6/22 4:52,31.778,,,,,
649,7/6/22 5:07,31.88,,,,,
650,7/6/22 5:22,31.983,,,,,
651,7/6/22 5:37,32.086,,,,,
652,7/6/22 5:52,31.983,,,,,
653,7/6/22 6:07,31.88,,,,,
654,7/6/22 6:22,31.983,,,,,
655,7/6/22 6:37,31.983,,,,,
656,7/6/22 6:52,32.086,,,,,
657,7/6/22 7:07,31.983,,,,,
658,7/6/22 7:22,32.086,,,,,
659,7/6/22 7:37,32.188,,,,,
660,7/6/22 7:52,32.086,,,,,
661,7/6/22 8:07,32.086,,,,,
662,7/6/22 8:22,32.086,,,,,
663,7/6/22 8:37,32.086,,,,,
664,7/6/22 8:52,31.983,,,,,
665,7/6/22 9:07,32.086,,,,,
666,7/6/22 9:22,31.983,,,,,
667,7/6/22 9:37,31.88,,,,,
668,7/6/22 9:52,30.457,,,,,
669,7/6/22 10:07,29.652,,,,,
670,7/6/22 10:22,29.853,,,,,
671,7/6/22 10:37,29.953,,,,,
672,7/6/22 10:52,29.953,,,,,
673,7/6/22 11:07,29.953,,,,,
674,7/6/22 11:22,29.953,,,,,
675,7/6/22 11:37,29.853,,,,,
676,7/6/22 11:52,29.953,,,,,
677,7/6/22 12:07,29.953,,,,,
678,7/6/22 12:22,30.054,,,,,
679,7/6/22 12:37,30.154,,,,,
680,7/6/22 12:52,30.255,,,,,
681,7/6/22 13:07,30.054,,,,,
682,7/6/22 13:22,30.356,,,,,
683,7/6/22 13:37,30.255,,,,,
684,7/6/22 13:52,30.356,,,,,
685,7/6/22 14:07,30.255,,,,,
686,7/6/22 14:22,30.255,,,,,
687,7/6/22 14:37,30.255,,,,,
688,7/6/22 14:52,30.255,,,,,
689,7/6/22 15:07,30.154,,,,,
690,7/6/22 15:22,30.356,,,,,
691,7/6/22 15:37,30.356,,,,,
692,7/6/22 15:52,30.356,,,,,
693,7/6/22 16:07,30.054,,,,,
694,7/6/22 16:22,29.853,,,,,
695,7/6/22 16:37,29.853,,,,,
696,7/6/22 16:52,29.953,,,,,
697,7/6/22 17:07,29.953,,,,,
698,7/6/22 17:22,29.953,,,,,
699,7/6/22 17:37,30.457,,,,,
700,7/6/22 17:52,30.558,,,,,
701,7/6/22 18:07,30.558,,,,,
702,7/6/22 18:22,30.659,,,,,
703,7/6/22 18:37,30.76,,,,,
704,7/6/22 18:52,30.457,,,,,
705,7/6/22 19:07,30.457,,,,,
706,7/6/22 19:22,28.754,,,,,
707,7/6/22 19:37,27.961,,,,,
708,7/6/22 19:52,28.754,,,,,
709,7/6/22 20:07,27.665,,,,,
710,7/6/22 20:22,27.862,,,,,
711,7/6/22 20:37,28.357,,,,,
712,7/6/22 20:52,28.06,,,,,
713,7/6/22 21:07,27.961,,,,,
714,7/6/22 21:22,27.567,,,,,
715,7/6/22 21:37,26.097,,,,,
716,7/6/22 21:52,27.075,,,,,
717,7/6/22 22:07,27.37,,,,,
718,7/6/22 22:22,27.468,,,,,
719,7/6/22 22:37,27.862,,,,,
720,7/6/22 22:52,27.272,,,,,
721,7/6/22 23:07,31.778,,,,,
722,7/6/22 23:22,31.676,,,,,
723,7/6/22 23:37,31.37,,,,,
724,7/6/22 23:52,31.778,,,,,
725,7/7/22 0:07,31.472,,,,,
726,7/7/22 0:22,31.778,,,,,
727,7/7/22 0:37,33.326,,,,,
728,7/7/22 0:52,32.394,,,,,
729,7/7/22 1:07,32.394,,,,,
730,7/7/22 1:22,32.807,,,,,
731,7/7/22 1:37,33.014,,,,,
732,7/7/22 1:52,33.118,,,,,
733,7/7/22 2:07,33.953,,,,,
734,7/7/22 2:22,33.953,,,,,
735,7/7/22 2:37,33.743,,,,,
736,7/7/22 2:52,32.086,,,,,
737,7/7/22 3:07,32.086,,,,,
738,7/7/22 3:22,31.88,,,,,
739,7/7/22 3:37,32.704,,,,,
740,7/7/22 3:52,32.911,,,,,
741,7/7/22 4:07,33.014,,,,,
742,7/7/22 4:22,32.188,,,,,
743,7/7/22 4:37,32.188,,,,,
744,7/7/22 4:52,32.291,,,,,
745,7/7/22 5:07,32.188,,,,,
746,7/7/22 5:22,32.188,,,,,
747,7/7/22 5:37,32.704,,,,,
748,7/7/22 5:52,32.6,,,,,
749,7/7/22 6:07,33.326,,,,,
750,7/7/22 6:22,31.778,,,,,
751,7/7/22 6:37,30.154,,,,,
752,7/7/22 6:52,28.953,,,,,
753,7/7/22 7:07,28.357,,,,,
754,7/7/22 7:22,27.961,,,,,
755,7/7/22 7:37,27.37,,,,,
756,7/7/22 7:52,27.173,,,,,
757,7/7/22 8:07,27.37,,,,,
758,7/7/22 8:22,28.258,,,,,
759,7/7/22 8:37,27.468,,,,,
760,7/7/22 8:52,27.567,,,,,
761,7/7/22 9:07,26.683,,,,,
762,7/7/22 9:22,27.665,,,,,
763,7/7/22 9:37,28.853,,,,,
764,7/7/22 9:52,23.677,,,,,
765,7/7/22 10:07,21.76,,,,,
766,7/7/22 10:22,21.76,,,,,
767,7/7/22 10:37,21.76,,,,,
768,7/7/22 10:52,21.76,,,,,
769,7/7/22 11:07,21.664,,,,,
770,7/7/22 11:22,21.76,,,,,
771,7/7/22 11:37,21.855,,,,,
772,7/7/22 11:52,21.951,,,,,
773,7/7/22 12:07,22.046,,,,,
774,7/7/22 12:22,21.951,,,,,
775,7/7/22 12:37,22.046,,,,,
776,7/7/22 12:52,22.046,,,,,
777,7/7/22 13:07,22.046,,,,,
778,7/7/22 13:22,22.046,,,,,
779,7/7/22 13:37,22.142,,,,,
780,7/7/22 13:52,21.951,,,,,
781,7/7/22 14:07,21.951,,,,,
782,7/7/22 14:22,21.76,,,,,
783,7/7/22 14:37,21.76,,,,,
784,7/7/22 14:52,21.76,,,,,
785,7/7/22 15:07,21.76,,,,,
786,7/7/22 15:22,21.76,,,,,
787,7/7/22 15:37,21.76,,,,,
788,7/7/22 15:52,19.948,,,,,
789,7/7/22 16:07,19.662,,,,,
790,7/7/22 16:22,22.142,,,,,
791,7/7/22 16:35,NA,,Logged,Logged,,
792,7/7/22 16:35,NA,Logged,,,,
793,7/7/22 16:37,25.319,,,,,
794,7/7/22 16:52,26.097,,,,,
795,7/7/22 17:07,27.272,,,,,
796,7/7/22 17:22,27.862,,,,,
797,7/7/22 17:37,28.357,,,,,
798,7/7/22 17:52,28.456,,,,,
799,7/7/22 18:07,28.555,,,,,
800,7/7/22 18:22,29.053,,,,,
801,7/7/22 18:37,29.252,,,,,
802,7/7/22 18:52,29.252,,,,,
803,7/7/22 19:07,29.252,,,,,
804,7/7/22 19:22,29.652,,,,,
805,7/7/22 19:37,29.452,,,,,
806,7/7/22 19:52,29.752,,,,,
807,7/7/22 20:07,29.752,,,,,
808,7/7/22 20:22,29.452,,,,,
809,7/7/22 20:37,29.853,,,,,
810,7/7/22 20:52,29.953,,,,,
811,7/7/22 21:07,29.953,,,,,
812,7/7/22 21:22,29.853,,,,,
813,7/7/22 21:37,30.054,,,,,
814,7/7/22 21:52,30.054,,,,,
815,7/7/22 22:07,27.764,,,,,
816,7/7/22 22:22,25.902,,,,,
817,7/7/22 22:37,24.545,,,,,
818,7/7/22 22:52,23.869,,,,,
819,7/7/22 23:07,23.196,,,,,
820,7/7/22 23:22,22.908,,,,,
821,7/7/22 23:37,22.525,,,,,
822,7/7/22 23:52,22.429,,,,,
823,7/8/22 0:07,22.238,,,,,
824,7/8/22 0:22,22.238,,,,,
825,7/8/22 0:37,22.238,,,,,
826,7/8/22 0:52,22.142,,,,,
827,7/8/22 1:07,22.142,,,,,
828,7/8/22 1:22,22.046,,,,,
829,7/8/22 1:37,22.142,,,,,
830,7/8/22 1:52,22.046,,,,,
831,7/8/22 2:07,22.046,,,,,
832,7/8/22 2:22,22.142,,,,,
833,7/8/22 2:37,22.046,,,,,
834,7/8/22 2:52,22.142,,,,,
835,7/8/22 3:07,22.717,,,,,
836,7/8/22 3:22,25.319,,,,,
837,7/8/22 3:37,26.879,,,,,
838,7/8/22 3:52,27.961,,,,,
839,7/8/22 4:07,28.754,,,,,
840,7/8/22 4:22,29.252,,,,,
841,7/8/22 4:37,29.552,,,,,
842,7/8/22 4:52,29.752,,,,,
843,7/8/22 5:07,29.853,,,,,
844,7/8/22 5:22,29.953,,,,,
845,7/8/22 5:37,30.154,,,,,
846,7/8/22 5:52,29.953,,,,,
847,7/8/22 6:07,30.054,,,,,
848,7/8/22 6:22,30.154,,,,,
849,7/8/22 6:37,30.054,,,,,
850,7/8/22 6:52,30.154,,,,,
851,7/8/22 7:07,30.054,,,,,
852,7/8/22 7:22,29.953,,,,,
853,7/8/22 7:37,29.953,,,,,
854,7/8/22 7:52,29.953,,,,,
855,7/8/22 8:07,29.953,,,,,
856,7/8/22 8:22,29.853,,,,,
857,7/8/22 8:37,29.953,,,,,
858,7/8/22 8:52,29.452,,,,,
859,7/8/22 9:07,29.652,,,,,
860,7/8/22 9:22,29.652,,,,,
861,7/8/22 9:37,29.552,,,,,
862,7/8/22 9:52,29.652,,,,,
863,7/8/22 10:07,29.452,,,,,
864,7/8/22 10:22,29.452,,,,,
865,7/8/22 10:37,29.452,,,,,
866,7/8/22 10:52,29.352,,,,,
867,7/8/22 11:07,29.452,,,,,
868,7/8/22 11:22,29.452,,,,,
869,7/8/22 11:37,29.552,,,,,
870,7/8/22 11:52,29.452,,,,,
871,7/8/22 12:07,29.452,,,,,
872,7/8/22 12:22,29.452,,,,,
873,7/8/22 12:37,29.452,,,,,
874,7/8/22 12:52,29.452,,,,,
875,7/8/22 13:07,29.552,,,,,
876,7/8/22 13:22,29.452,,,,,
877,7/8/22 13:37,29.552,,,,,
878,7/8/22 13:52,29.652,,,,,
879,7/8/22 14:07,29.953,,,,,
880,7/8/22 14:22,29.853,,,,,
881,7/8/22 14:37,29.853,,,,,
882,7/8/22 14:52,29.752,,,,,
883,7/8/22 15:07,29.853,,,,,
884,7/8/22 15:22,29.552,,,,,
885,7/8/22 15:37,29.652,,,,,
886,7/8/22 15:52,29.652,,,,,
887,7/8/22 16:07,29.752,,,,,
888,7/8/22 16:22,29.853,,,,,
889,7/8/22 16:37,29.853,,,,,
890,7/8/22 16:52,29.853,,,,,
891,7/8/22 17:07,29.853,,,,,
892,7/8/22 17:22,29.853,,,,,
893,7/8/22 17:37,29.452,,,,,
894,7/8/22 17:52,24.738,,,,,
895,7/8/22 18:07,26.683,,,,,
896,7/8/22 18:22,27.665,,,,,
897,7/8/22 18:37,28.456,,,,,
898,7/8/22 18:52,28.953,,,,,
899,7/8/22 19:07,29.252,,,,,
900,7/8/22 19:22,29.452,,,,,
901,7/8/22 19:37,29.452,,,,,
902,7/8/22 19:52,29.552,,,,,
903,7/8/22 20:07,29.352,,,,,
904,7/8/22 20:22,29.352,,,,,
905,7/8/22 20:37,29.552,,,,,
906,7/8/22 20:52,29.652,,,,,
907,7/8/22 21:07,27.173,,,,,
908,7/8/22 21:22,25.416,,,,,
909,7/8/22 21:37,24.255,,,,,
910,7/8/22 21:52,23.581,,,,,
911,7/8/22 22:07,23.196,,,,,
912,7/8/22 22:22,23.004,,,,,
913,7/8/22 22:37,22.812,,,,,
914,7/8/22 22:52,22.717,,,,,
915,7/8/22 23:07,22.621,,,,,
916,7/8/22 23:22,22.621,,,,,
917,7/8/22 23:37,22.525,,,,,
918,7/8/22 23:52,22.429,,,,,
919,7/9/22 0:07,22.238,,,,,
920,7/9/22 0:22,22.142,,,,,
921,7/9/22 0:37,22.046,,,,,
922,7/9/22 0:52,22.046,,,,,
923,7/9/22 1:07,21.951,,,,,
924,7/9/22 1:22,21.855,,,,,
925,7/9/22 1:37,21.855,,,,,
926,7/9/22 1:52,21.951,,,,,
927,7/9/22 2:07,22.046,,,,,
928,7/9/22 2:22,23.388,,,,,
929,7/9/22 2:37,22.908,,,,,
930,7/9/22 2:52,22.525,,,,,
931,7/9/22 3:07,22.238,,,,,
932,7/9/22 3:22,22.238,,,,,
933,7/9/22 3:37,22.142,,,,,
934,7/9/22 3:52,22.046,,,,,
935,7/9/22 4:07,22.046,,,,,
936,7/9/22 4:22,21.855,,,,,
937,7/9/22 4:37,21.855,,,,,
938,7/9/22 4:52,21.951,,,,,
939,7/9/22 5:07,21.951,,,,,
940,7/9/22 5:22,22.046,,,,,
941,7/9/22 5:37,21.855,,,,,
942,7/9/22 5:52,22.046,,,,,
943,7/9/22 6:07,21.951,,,,,
944,7/9/22 6:22,21.855,,,,,
945,7/9/22 6:37,21.951,,,,,
946,7/9/22 6:52,21.855,,,,,
947,7/9/22 7:07,21.951,,,,,
948,7/9/22 7:22,21.76,,,,,
949,7/9/22 7:37,21.664,,,,,
950,7/9/22 7:52,21.664,,,,,
951,7/9/22 8:07,21.664,,,,,
952,7/9/22 8:22,21.569,,,,,
953,7/9/22 8:37,21.664,,,,,
954,7/9/22 8:52,21.664,,,,,
955,7/9/22 9:07,21.76,,,,,
956,7/9/22 9:22,21.855,,,,,
957,7/9/22 9:37,22.046,,,,,
958,7/9/22 9:52,21.951,,,,,
959,7/9/22 10:07,21.855,,,,,
960,7/9/22 10:22,21.855,,,,,
961,7/9/22 10:37,21.855,,,,,
962,7/9/22 10:52,21.951,,,,,
963,7/9/22 11:07,21.855,,,,,
964,7/9/22 11:22,21.855,,,,,
965,7/9/22 11:37,22.429,,,,,
966,7/9/22 11:52,22.717,,,,,
967,7/9/22 12:07,22.908,,,,,
968,7/9/22 12:22,23.004,,,,,
969,7/9/22 12:37,23.292,,,,,
970,7/9/22 12:52,24.738,,,,,
971,7/9/22 13:07,27.272,,,,,
972,7/9/22 13:22,28.754,,,,,
973,7/9/22 13:37,29.853,,,,,
974,7/9/22 13:52,30.255,,,,,
975,7/9/22 14:07,30.558,,,,,
976,7/9/22 14:22,31.472,,,,,
977,7/9/22 14:37,32.291,,,,,
978,7/9/22 14:52,32.086,,,,,
979,7/9/22 15:07,29.152,,,,,
980,7/9/22 15:22,28.456,,,,,
981,7/9/22 15:37,29.352,,,,,
982,7/9/22 15:52,30.154,,,,,
983,7/9/22 16:07,30.862,,,,,
984,7/9/22 16:22,30.862,,,,,
985,7/9/22 16:37,31.064,,,,,
986,7/9/22 16:52,31.676,,,,,
987,7/9/22 17:07,31.88,,,,,
988,7/9/22 17:22,31.88,,,,,
989,7/9/22 17:37,31.983,,,,,
990,7/9/22 17:52,31.983,,,,,
991,7/9/22 18:07,31.472,,,,,
992,7/9/22 18:22,30.356,,,,,
993,7/9/22 18:37,31.166,,,,,
994,7/9/22 18:52,31.88,,,,,
995,7/9/22 19:07,31.88,,,,,
996,7/9/22 19:22,31.88,,,,,
997,7/9/22 19:37,30.457,,,,,
998,7/9/22 19:52,30.457,,,,,
999,7/9/22 20:07,31.064,,,,,
1000,7/9/22 20:22,31.88,,,,,
1001,7/9/22 20:37,32.188,,,,,
1002,7/9/22 20:52,31.37,,,,,
1003,7/9/22 21:07,30.154,,,,,
1004,7/9/22 21:22,30.963,,,,,
1005,7/9/22 21:37,31.37,,,,,
1006,7/9/22 21:52,31.676,,,,,
1007,7/9/22 22:07,31.88,,,,,
1008,7/9/22 22:22,30.255,,,,,
1009,7/9/22 22:37,30.558,,,,,
1010,7/9/22 22:52,31.064,,,,,
1011,7/9/22 23:07,31.472,,,,,
1012,7/9/22 23:22,31.778,,,,,
1013,7/9/22 23:37,30.154,,,,,
1014,7/9/22 23:52,30.659,,,,,
1015,7/10/22 0:07,31.268,,,,,
1016,7/10/22 0:22,31.268,,,,,
1017,7/10/22 0:37,31.472,,,,,
1018,7/10/22 0:52,31.37,,,,,
1019,7/10/22 1:07,30.054,,,,,
1020,7/10/22 1:22,30.76,,,,,
1021,7/10/22 1:37,31.472,,,,,
1022,7/10/22 1:52,32.086,,,,,
1023,7/10/22 2:07,32.394,,,,,
1024,7/10/22 2:22,30.558,,,,,
1025,7/10/22 2:37,30.659,,,,,
1026,7/10/22 2:52,31.472,,,,,
1027,7/10/22 3:07,31.88,,,,,
1028,7/10/22 3:22,32.291,,,,,
1029,7/10/22 3:37,30.659,,,,,
1030,7/10/22 3:52,30.862,,,,,
1031,7/10/22 4:07,31.472,,,,,
1032,7/10/22 4:22,31.88,,,,,
1033,7/10/22 4:37,31.983,,,,,
1034,7/10/22 4:52,30.457,,,,,
1035,7/10/22 5:07,31.268,,,,,
1036,7/10/22 5:22,31.778,,,,,
1037,7/10/22 5:37,32.086,,,,,
1038,7/10/22 5:52,32.188,,,,,
1039,7/10/22 6:07,30.457,,,,,
1040,7/10/22 6:22,31.166,,,,,
1041,7/10/22 6:37,31.574,,,,,
1042,7/10/22 6:52,31.88,,,,,
1043,7/10/22 7:07,32.188,,,,,
1044,7/10/22 7:22,30.255,,,,,
1045,7/10/22 7:37,30.862,,,,,
1046,7/10/22 7:52,31.37,,,,,
1047,7/10/22 8:07,31.778,,,,,
1048,7/10/22 8:22,31.983,,,,,
1049,7/10/22 8:37,32.086,,,,,
1050,7/10/22 8:52,32.188,,,,,
1051,7/10/22 9:07,32.291,,,,,
1052,7/10/22 9:22,32.291,,,,,
1053,7/10/22 9:37,32.188,,,,,
1054,7/10/22 9:52,31.778,,,,,
1055,7/10/22 10:07,30.558,,,,,
1056,7/10/22 10:22,31.166,,,,,
1057,7/10/22 10:37,31.574,,,,,
1058,7/10/22 10:52,31.88,,,,,
1059,7/10/22 11:07,31.983,,,,,
1060,7/10/22 11:22,32.086,,,,,
1061,7/10/22 11:37,32.188,,,,,
1062,7/10/22 11:52,32.086,,,,,
1063,7/10/22 12:07,32.188,,,,,
1064,7/10/22 12:22,32.188,,,,,
1065,7/10/22 12:37,32.291,,,,,
1066,7/10/22 12:52,32.086,,,,,
1067,7/10/22 13:00,NA,,Logged,Logged,,
1068,7/10/22 13:01,NA,Logged,,,,
1069,7/10/22 13:07,NA,,,,,
1070,7/10/22 13:22,29.352,,,,,
1071,7/10/22 13:37,30.255,,,,,
1072,7/10/22 13:52,31.064,,,,,
1073,7/10/22 14:07,31.574,,,,,
1074,7/10/22 14:22,31.676,,,,,
1075,7/10/22 14:37,31.778,,,,,
1076,7/10/22 14:52,31.88,,,,,
1077,7/10/22 15:07,31.88,,,,,
1078,7/10/22 15:22,32.086,,,,,
1079,7/10/22 15:37,30.255,,,,,
1080,7/10/22 15:52,30.659,,,,,
1081,7/10/22 16:07,31.064,,,,,
1082,7/10/22 16:22,31.778,,,,,
1083,7/10/22 16:37,31.88,,,,,
1084,7/10/22 16:52,31.88,,,,,
1085,7/10/22 17:07,31.064,,,,,
1086,7/10/22 17:22,30.558,,,,,
1087,7/10/22 17:37,31.064,,,,,
1088,7/10/22 17:52,31.37,,,,,
1089,7/10/22 18:07,31.574,,,,,
1090,7/10/22 18:22,31.778,,,,,
1091,7/10/22 18:37,32.086,,,,,
1092,7/10/22 18:52,32.188,,,,,
1093,7/10/22 19:07,32.291,,,,,
1094,7/10/22 19:22,31.166,,,,,
1095,7/10/22 19:37,30.76,,,,,
1096,7/10/22 19:52,30.963,,,,,
1097,7/10/22 20:07,31.268,,,,,
1098,7/10/22 20:22,31.88,,,,,
1099,7/10/22 20:37,31.983,,,,,
1100,7/10/22 20:52,32.291,,,,,
1101,7/10/22 21:07,30.457,,,,,
1102,7/10/22 21:22,31.166,,,,,
1103,7/10/22 21:37,31.676,,,,,
1104,7/10/22 21:52,31.983,,,,,
1105,7/10/22 22:07,32.188,,,,,
1106,7/10/22 22:22,32.086,,,,,
1107,7/10/22 22:37,30.558,,,,,
1108,7/10/22 22:52,31.166,,,,,
1109,7/10/22 23:07,31.778,,,,,
1110,7/10/22 23:22,32.086,,,,,
1111,7/10/22 23:37,31.268,,,,,
1112,7/10/22 23:52,30.659,,,,,
1113,7/11/22 0:07,31.37,,,,,
1114,7/11/22 0:22,31.778,,,,,
1115,7/11/22 0:37,32.086,,,,,
1116,7/11/22 0:52,30.356,,,,,
1117,7/11/22 1:07,31.064,,,,,
1118,7/11/22 1:22,31.676,,,,,
1119,7/11/22 1:37,31.983,,,,,
1120,7/11/22 1:52,32.291,,,,,
1121,7/11/22 2:07,30.76,,,,,
1122,7/11/22 2:22,30.963,,,,,
1123,7/11/22 2:37,31.574,,,,,
1124,7/11/22 2:52,31.983,,,,,
1125,7/11/22 3:07,32.188,,,,,
1126,7/11/22 3:22,32.291,,,,,
1127,7/11/22 3:37,30.457,,,,,
1128,7/11/22 3:52,30.76,,,,,
1129,7/11/22 4:07,31.37,,,,,
1130,7/11/22 4:22,31.676,,,,,
1131,7/11/22 4:37,31.983,,,,,
1132,7/11/22 4:52,30.457,,,,,
1133,7/11/22 5:07,30.963,,,,,
1134,7/11/22 5:22,31.472,,,,,
1135,7/11/22 5:37,31.88,,,,,
1136,7/11/22 5:52,32.086,,,,,
1137,7/11/22 6:07,31.166,,,,,
1138,7/11/22 6:22,30.659,,,,,
1139,7/11/22 6:37,31.268,,,,,
1140,7/11/22 6:52,31.676,,,,,
1141,7/11/22 7:07,31.983,,,,,
1142,7/11/22 7:22,32.086,,,,,
1143,7/11/22 7:37,32.086,,,,,
1144,7/11/22 7:52,32.188,,,,,
1145,7/11/22 8:07,32.086,,,,,
1146,7/11/22 8:22,31.778,,,,,
1147,7/11/22 8:37,30.356,,,,,
1148,7/11/22 8:52,30.963,,,,,
1149,7/11/22 9:07,27.665,,,,,
1150,7/11/22 9:22,29.053,,,,,
1151,7/11/22 9:37,30.154,,,,,
1152,7/11/22 9:52,30.356,,,,,
1153,7/11/22 10:07,30.862,,,,,
1154,7/11/22 10:22,31.166,,,,,
1155,7/11/22 10:37,31.37,,,,,
1156,7/11/22 10:52,31.574,,,,,
1157,7/11/22 11:07,31.778,,,,,
1158,7/11/22 11:22,30.356,,,,,
1159,7/11/22 11:37,30.255,,,,,
1160,7/11/22 11:52,30.76,,,,,
1161,7/11/22 12:07,31.166,,,,,
1162,7/11/22 12:22,31.37,,,,,
1163,7/11/22 12:37,31.574,,,,,
1164,7/11/22 12:52,31.676,,,,,
1165,7/11/22 13:07,31.268,,,,,
1166,7/11/22 13:22,30.154,,,,,
1167,7/11/22 13:37,30.76,,,,,
1168,7/11/22 13:52,31.166,,,,,
1169,7/11/22 14:07,31.472,,,,,
1170,7/11/22 14:22,31.676,,,,,
1171,7/11/22 14:37,31.676,,,,,
1172,7/11/22 14:52,30.054,,,,,
1173,7/11/22 15:07,30.659,,,,,
1174,7/11/22 15:22,31.064,,,,,
1175,7/11/22 15:37,31.574,,,,,
1176,7/11/22 15:52,32.086,,,,,
1177,7/11/22 16:07,32.291,,,,,
1178,7/11/22 16:22,30.356,,,,,
1179,7/11/22 16:37,31.064,,,,,
1180,7/11/22 16:52,31.472,,,,,
1181,7/11/22 17:07,31.778,,,,,
1182,7/11/22 17:22,31.983,,,,,
1183,7/11/22 17:37,32.086,,,,,
1184,7/11/22 17:52,32.188,,,,,
1185,7/11/22 18:07,32.188,,,,,
1186,7/11/22 18:22,32.291,,,,,
1187,7/11/22 18:37,32.394,,,,,
1188,7/11/22 18:52,32.291,,,,,
1189,7/11/22 19:07,31.268,,,,,
1190,7/11/22 19:22,30.659,,,,,
1191,7/11/22 19:37,31.268,,,,,
1192,7/11/22 19:52,31.676,,,,,
1193,7/11/22 20:07,32.188,,,,,
1194,7/11/22 20:22,31.983,,,,,
1195,7/11/22 20:37,30.558,,,,,
1196,7/11/22 20:52,31.166,,,,,
1197,7/11/22 21:07,31.778,,,,,
1198,7/11/22 21:22,32.086,,,,,
1199,7/11/22 21:37,32.086,,,,,
1200,7/11/22 21:52,30.659,,,,,
1201,7/11/22 22:07,30.862,,,,,
1202,7/11/22 22:22,31.574,,,,,
1203,7/11/22 22:37,31.983,,,,,
1204,7/11/22 22:52,32.291,,,,,
1205,7/11/22 23:07,32.497,,,,,
1206,7/11/22 23:22,31.983,,,,,
1207,7/11/22 23:37,30.76,,,,,
1208,7/11/22 23:52,31.472,,,,,
1209,7/12/22 0:07,31.983,,,,,
1210,7/12/22 0:22,32.086,,,,,
1211,7/12/22 0:37,30.659,,,,,
1212,7/12/22 0:52,30.558,,,,,
1213,7/12/22 1:07,31.166,,,,,
1214,7/12/22 1:22,31.778,,,,,
1215,7/12/22 1:37,32.086,,,,,
1216,7/12/22 1:52,32.188,,,,,
1217,7/12/22 2:07,30.659,,,,,
1218,7/12/22 2:22,30.862,,,,,
1219,7/12/22 2:37,31.472,,,,,
1220,7/12/22 2:52,31.778,,,,,
1221,7/12/22 3:07,31.983,,,,,
1222,7/12/22 3:22,31.064,,,,,
1223,7/12/22 3:37,30.659,,,,,
1224,7/12/22 3:52,31.37,,,,,
1225,7/12/22 4:07,31.88,,,,,
1226,7/12/22 4:22,31.064,,,,,
1227,7/12/22 4:37,30.558,,,,,
1228,7/12/22 4:52,31.166,,,,,
1229,7/12/22 5:07,31.778,,,,,
1230,7/12/22 5:22,31.983,,,,,
1231,7/12/22 5:37,31.268,,,,,
1232,7/12/22 5:52,30.457,,,,,
1233,7/12/22 6:07,31.268,,,,,
1234,7/12/22 6:22,31.574,,,,,
1235,7/12/22 6:37,31.983,,,,,
1236,7/12/22 6:52,32.086,,,,,
1237,7/12/22 7:07,30.356,,,,,
1238,7/12/22 7:22,30.659,,,,,
1239,7/12/22 7:37,31.166,,,,,
1240,7/12/22 7:52,31.37,,,,,
1241,7/12/22 8:07,31.166,,,,,
1242,7/12/22 8:22,31.574,,,,,
1243,7/12/22 8:37,31.574,,,,,
1244,7/12/22 8:52,31.574,,,,,
1245,7/12/22 9:07,31.574,,,,,
1246,7/12/22 9:22,31.574,,,,,
1247,7/12/22 9:37,31.574,,,,,
1248,7/12/22 9:52,31.676,,,,,
1249,7/12/22 10:07,31.88,,,,,
1250,7/12/22 10:22,31.88,,,,,
1251,7/12/22 10:37,31.778,,,,,
1252,7/12/22 10:52,31.778,,,,,
1253,7/12/22 11:07,29.252,,,,,
1254,7/12/22 11:22,28.953,,,,,
1255,7/12/22 11:37,29.053,,,,,
1256,7/12/22 11:52,29.053,,,,,
1257,7/12/22 12:07,29.152,,,,,
1258,7/12/22 12:22,29.152,,,,,
1259,7/12/22 12:37,29.152,,,,,
1260,7/12/22 12:52,29.152,,,,,
1261,7/12/22 13:07,29.152,,,,,
1262,7/12/22 13:22,29.152,,,,,
1263,7/12/22 13:37,29.053,,,,,
1264,7/12/22 13:52,29.053,,,,,
1265,7/12/22 14:07,29.053,,,,,
1266,7/12/22 14:22,29.053,,,,,
1267,7/12/22 14:37,28.953,,,,,
1268,7/12/22 14:52,28.853,,,,,
1269,7/12/22 15:07,28.655,,,,,
1270,7/12/22 15:22,28.754,,,,,
1271,7/12/22 15:37,28.655,,,,,
1272,7/12/22 15:52,28.853,,,,,
1273,7/12/22 16:07,28.655,,,,,
1274,7/12/22 16:22,28.754,,,,,
1275,7/12/22 16:37,28.853,,,,,
1276,7/12/22 16:52,28.754,,,,,
1277,7/12/22 17:07,28.853,,,,,
1278,7/12/22 17:22,28.754,,,,,
1279,7/12/22 17:37,28.754,,,,,
1280,7/12/22 17:52,28.655,,,,,
1281,7/12/22 18:07,28.655,,,,,
1282,7/12/22 18:22,28.655,,,,,
1283,7/12/22 18:37,28.555,,,,,
1284,7/12/22 18:52,28.456,,,,,
1285,7/12/22 19:07,28.555,,,,,
1286,7/12/22 19:22,28.754,,,,,
1287,7/12/22 19:37,29.552,,,,,
1288,7/12/22 19:52,30.054,,,,,
1289,7/12/22 20:07,30.356,,,,,
1290,7/12/22 20:22,30.558,,,,,
1291,7/12/22 20:37,30.76,,,,,
1292,7/12/22 20:52,31.676,,,,,
1293,7/12/22 21:07,31.064,,,,,
1294,7/12/22 21:22,30.054,,,,,
1295,7/12/22 21:37,30.558,,,,,
1296,7/12/22 21:52,30.963,,,,,
1297,7/12/22 22:07,31.064,,,,,
1298,7/12/22 22:22,31.268,,,,,
1299,7/12/22 22:37,31.574,,,,,
1300,7/12/22 22:52,30.963,,,,,
1301,7/12/22 23:07,29.953,,,,,
1302,7/12/22 23:22,30.558,,,,,
1303,7/12/22 23:37,30.963,,,,,
1304,7/12/22 23:52,31.268,,,,,
1305,7/13/22 0:07,30.356,,,,,
1306,7/13/22 0:22,29.853,,,,,
1307,7/13/22 0:37,30.255,,,,,
1308,7/13/22 0:52,30.659,,,,,
1309,7/13/22 1:07,31.064,,,,,
1310,7/13/22 1:22,31.166,,,,,
1311,7/13/22 1:37,31.37,,,,,
1312,7/13/22 1:52,31.37,,,,,
1313,7/13/22 2:07,31.37,,,,,
1314,7/13/22 2:22,30.356,,,,,
1315,7/13/22 2:37,30.76,,,,,
1316,7/13/22 2:52,30.963,,,,,
1317,7/13/22 3:07,31.166,,,,,
1318,7/13/22 3:22,31.268,,,,,
1319,7/13/22 3:37,31.37,,,,,
1320,7/13/22 3:52,30.862,,,,,
1321,7/13/22 4:07,30.154,,,,,
1322,7/13/22 4:22,30.659,,,,,
1323,7/13/22 4:37,30.963,,,,,
1324,7/13/22 4:52,31.268,,,,,
1325,7/13/22 5:07,31.472,,,,,
1326,7/13/22 5:22,31.472,,,,,
1327,7/13/22 5:37,31.472,,,,,
1328,7/13/22 5:52,31.574,,,,,
1329,7/13/22 6:07,31.574,,,,,
1330,7/13/22 6:22,31.574,,,,,
1331,7/13/22 6:37,31.574,,,,,
1332,7/13/22 6:52,31.574,,,,,
1333,7/13/22 7:07,31.574,,,,,
1334,7/13/22 7:22,31.268,,,,,
1335,7/13/22 7:37,31.676,,,,,
1336,7/13/22 7:52,31.574,,,,,
1337,7/13/22 8:07,31.268,,,,,
1338,7/13/22 8:22,31.064,,,,,
1339,7/13/22 8:37,31.268,,,,,
1340,7/13/22 8:52,31.166,,,,,
1341,7/13/22 9:07,31.166,,,,,
1342,7/13/22 9:22,31.064,,,,,
1343,7/13/22 9:37,31.268,,,,,
1344,7/13/22 9:52,31.472,,,,,
1345,7/13/22 10:07,31.268,,,,,
1346,7/13/22 10:22,31.166,,,,,
1347,7/13/22 10:37,30.76,,,,,
1348,7/13/22 10:52,31.064,,,,,
1349,7/13/22 11:07,31.268,,,,,
1350,7/13/22 11:22,31.268,,,,,
1351,7/13/22 11:37,31.268,,,,,
1352,7/13/22 11:52,31.268,,,,,
1353,7/13/22 12:07,31.37,,,,,
1354,7/13/22 12:22,31.676,,,,,
1355,7/13/22 12:37,30.457,,,,,
1356,7/13/22 12:52,30.862,,,,,
1357,7/13/22 13:07,31.166,,,,,
1358,7/13/22 13:22,31.37,,,,,
1359,7/13/22 13:37,31.268,,,,,
1360,7/13/22 13:52,31.166,,,,,
1361,7/13/22 14:07,31.166,,,,,
1362,7/13/22 14:22,31.166,,,,,
1363,7/13/22 14:37,31.166,,,,,
1364,7/13/22 14:52,31.166,,,,,
1365,7/13/22 15:07,31.064,,,,,
1366,7/13/22 15:22,31.574,,,,,
1367,7/13/22 15:37,27.37,,,,,
1368,7/13/22 15:52,28.555,,,,,
1369,7/13/22 16:07,29.752,,,,,
1370,7/13/22 16:22,30.356,,,,,
1371,7/13/22 16:37,30.862,,,,,
1372,7/13/22 16:52,31.064,,,,,
1373,7/13/22 17:07,31.37,,,,,
1374,7/13/22 17:22,31.37,,,,,
1375,7/13/22 17:37,31.37,,,,,
1376,7/13/22 17:52,31.37,,,,,
1377,7/13/22 18:07,31.37,,,,,
1378,7/13/22 18:22,31.676,,,,,
1379,7/13/22 18:37,31.676,,,,,
1380,7/13/22 18:52,31.676,,,,,
1381,7/13/22 19:07,31.983,,,,,
1382,7/13/22 19:22,31.88,,,,,
1383,7/13/22 19:37,32.086,,,,,
1384,7/13/22 19:52,32.086,,,,,
1385,7/13/22 20:07,31.983,,,,,
1386,7/13/22 20:22,31.983,,,,,
1387,7/13/22 20:37,32.086,,,,,
1388,7/13/22 20:52,31.88,,,,,
1389,7/13/22 21:07,31.88,,,,,
1390,7/13/22 21:22,31.676,,,,,
1391,7/13/22 21:37,31.676,,,,,
1392,7/13/22 21:52,31.676,,,,,
1393,7/13/22 22:07,31.983,,,,,
1394,7/13/22 22:22,31.778,,,,,
1395,7/13/22 22:37,31.574,,,,,
1396,7/13/22 22:52,31.676,,,,,
1397,7/13/22 23:07,31.983,,,,,
1398,7/13/22 23:22,32.086,,,,,
1399,7/13/22 23:37,31.778,,,,,
1400,7/13/22 23:52,31.574,,,,,
1401,7/14/22 0:07,31.88,,,,,
1402,7/14/22 0:22,31.983,,,,,
1403,7/14/22 0:37,31.88,,,,,
1404,7/14/22 0:52,31.983,,,,,
1405,7/14/22 1:07,31.88,,,,,
1406,7/14/22 1:22,31.676,,,,,
1407,7/14/22 1:37,32.086,,,,,
1408,7/14/22 1:52,31.778,,,,,
1409,7/14/22 2:07,31.676,,,,,
1410,7/14/22 2:22,31.676,,,,,
1411,7/14/22 2:37,31.676,,,,,
1412,7/14/22 2:52,31.574,,,,,
1413,7/14/22 3:07,31.676,,,,,
1414,7/14/22 3:22,31.676,,,,,
1415,7/14/22 3:37,31.778,,,,,
1416,7/14/22 3:52,31.778,,,,,
1417,7/14/22 4:07,31.778,,,,,
1418,7/14/22 4:22,31.88,,,,,
1419,7/14/22 4:37,31.88,,,,,
1420,7/14/22 4:52,31.778,,,,,
1421,7/14/22 5:07,31.778,,,,,
1422,7/14/22 5:22,31.676,,,,,
1423,7/14/22 5:37,31.778,,,,,
1424,7/14/22 5:52,31.778,,,,,
1425,7/14/22 6:07,31.778,,,,,
1426,7/14/22 6:22,31.778,,,,,
1427,7/14/22 6:37,31.676,,,,,
1428,7/14/22 6:52,31.778,,,,,
1429,7/14/22 7:07,31.676,,,,,
1430,7/14/22 7:22,31.574,,,,,
1431,7/14/22 7:37,31.574,,,,,
1432,7/14/22 7:52,31.983,,,,,
1433,7/14/22 8:07,32.086,,,,,
1434,7/14/22 8:22,32.086,,,,,
1435,7/14/22 8:37,32.086,,,,,
1436,7/14/22 8:52,32.086,,,,,
1437,7/14/22 9:07,32.188,,,,,
1438,7/14/22 9:22,27.862,,,,,
1439,7/14/22 9:37,29.252,,,,,
1440,7/14/22 9:52,30.054,,,,,
1441,7/14/22 10:00,NA,,Logged,Logged,,
1442,7/14/22 10:01,NA,Logged,,,,
1443,7/14/22 10:07,NA,,,,,
1444,7/14/22 10:22,30.255,,,,,
1445,7/14/22 10:37,30.558,,,,,
1446,7/14/22 10:52,30.76,,,,,
1447,7/14/22 11:07,30.76,,,,,
1448,7/14/22 11:22,30.659,,,,,
1449,7/14/22 11:37,30.659,,,,,
1450,7/14/22 11:52,30.659,,,,,
1451,7/14/22 12:07,30.659,,,,,
1452,7/14/22 12:22,30.76,,,,,
1453,7/14/22 12:37,30.963,,,,,
1454,7/14/22 12:52,31.166,,,,,
1455,7/14/22 13:07,31.268,,,,,
1456,7/14/22 13:22,31.268,,,,,
1457,7/14/22 13:37,31.268,,,,,
1458,7/14/22 13:52,31.268,,,,,
1459,7/14/22 14:07,31.37,,,,,
1460,7/14/22 14:22,31.472,,,,,
1461,7/14/22 14:37,31.472,,,,,
1462,7/14/22 14:52,31.676,,,,,
1463,7/14/22 15:07,31.472,,,,,
1464,7/14/22 15:22,31.676,,,,,
1465,7/14/22 15:37,31.676,,,,,
1466,7/14/22 15:52,31.574,,,,,
1467,7/14/22 16:07,31.37,,,,,
1468,7/14/22 16:22,31.472,,,,,
1469,7/14/22 16:37,31.472,,,,,
1470,7/14/22 16:52,31.37,,,,,
1471,7/14/22 17:07,31.37,,,,,
1472,7/14/22 17:22,31.472,,,,,
1473,7/14/22 17:37,31.472,,,,,
1474,7/14/22 17:52,31.37,,,,,
1475,7/14/22 18:07,31.268,,,,,
1476,7/14/22 18:22,31.268,,,,,
1477,7/14/22 18:37,31.37,,,,,
1478,7/14/22 18:52,31.472,,,,,
1479,7/14/22 19:07,31.472,,,,,
1480,7/14/22 19:22,31.676,,,,,
1481,7/14/22 19:37,31.676,,,,,
1482,7/14/22 19:52,31.574,,,,,
1483,7/14/22 20:07,31.778,,,,,
1484,7/14/22 20:22,32.086,,,,,
1485,7/14/22 20:37,32.188,,,,,
1486,7/14/22 20:52,32.086,,,,,
1487,7/14/22 21:07,31.88,,,,,
1488,7/14/22 21:22,31.88,,,,,
1489,7/14/22 21:37,31.88,,,,,
1490,7/14/22 21:52,31.88,,,,,
1491,7/14/22 22:07,31.676,,,,,
1492,7/14/22 22:22,31.88,,,,,
1493,7/14/22 22:37,31.983,,,,,
1494,7/14/22 22:52,31.778,,,,,
1495,7/14/22 23:07,31.778,,,,,
1496,7/14/22 23:22,31.88,,,,,
1497,7/14/22 23:37,31.88,,,,,
1498,7/14/22 23:52,31.778,,,,,
1499,7/15/22 0:07,31.778,,,,,
1500,7/15/22 0:22,31.778,,,,,
1501,7/15/22 0:37,31.88,,,,,
1502,7/15/22 0:52,31.778,,,,,
1503,7/15/22 1:07,31.778,,,,,
1504,7/15/22 1:22,31.574,,,,,
1505,7/15/22 1:37,31.676,,,,,
1506,7/15/22 1:52,31.574,,,,,
1507,7/15/22 2:07,31.778,,,,,
1508,7/15/22 2:22,31.778,,,,,
1509,7/15/22 2:37,31.778,,,,,
1510,7/15/22 2:52,31.983,,,,,
1511,7/15/22 3:07,32.188,,,,,
1512,7/15/22 3:22,32.188,,,,,
1513,7/15/22 3:37,32.086,,,,,
1514,7/15/22 3:52,31.88,,,,,
1515,7/15/22 4:07,32.086,,,,,
1516,7/15/22 4:22,31.983,,,,,
1517,7/15/22 4:37,31.88,,,,,
1518,7/15/22 4:52,32.086,,,,,
1519,7/15/22 5:07,32.086,,,,,
1520,7/15/22 5:22,32.086,,,,,
1521,7/15/22 5:37,32.086,,,,,
1522,7/15/22 5:52,32.086,,,,,
1523,7/15/22 6:07,31.983,,,,,
1524,7/15/22 6:22,32.188,,,,,
1525,7/15/22 6:37,32.086,,,,,
1526,7/15/22 6:52,31.983,,,,,
1527,7/15/22 7:07,31.88,,,,,
1528,7/15/22 7:22,31.88,,,,,
1529,7/15/22 7:37,31.778,,,,,
1530,7/15/22 7:52,31.778,,,,,
1531,7/15/22 8:07,31.676,,,,,
1532,7/15/22 8:22,31.676,,,,,
1533,7/15/22 8:37,31.574,,,,,
1534,7/15/22 8:52,31.268,,,,,
1535,7/15/22 9:07,31.37,,,,,
1536,7/15/22 9:22,31.37,,,,,
1537,7/15/22 9:37,31.268,,,,,
1538,7/15/22 9:52,31.064,,,,,
1539,7/15/22 10:07,31.064,,,,,
1540,7/15/22 10:22,31.166,,,,,
1541,7/15/22 10:37,31.166,,,,,
1542,7/15/22 10:52,28.456,,,,,
1543,7/15/22 11:07,29.452,,,,,
1544,7/15/22 11:22,30.255,,,,,
1545,7/15/22 11:37,30.862,,,,,
1546,7/15/22 11:52,30.862,,,,,
1547,7/15/22 12:07,31.064,,,,,
1548,7/15/22 12:22,31.472,,,,,
1549,7/15/22 12:37,31.574,,,,,
1550,7/15/22 12:52,31.778,,,,,
1551,7/15/22 13:07,31.983,,,,,
1552,7/15/22 13:22,32.086,,,,,
1553,7/15/22 13:37,32.086,,,,,
1554,7/15/22 13:52,32.086,,,,,
1555,7/15/22 14:07,31.88,,,,,
1556,7/15/22 14:22,31.88,,,,,
1557,7/15/22 14:37,31.676,,,,,
1558,7/15/22 14:52,31.778,,,,,
1559,7/15/22 15:07,31.983,,,,,
1560,7/15/22 15:22,31.983,,,,,
1561,7/15/22 15:37,32.086,,,,,
1562,7/15/22 15:52,32.086,,,,,
1563,7/15/22 16:07,32.188,,,,,
1564,7/15/22 16:22,32.188,,,,,
1565,7/15/22 16:37,32.291,,,,,
1566,7/15/22 16:52,32.086,,,,,
1567,7/15/22 17:07,32.291,,,,,
1568,7/15/22 17:22,32.291,,,,,
1569,7/15/22 17:37,32.394,,,,,
1570,7/15/22 17:52,32.394,,,,,
1571,7/15/22 18:07,32.394,,,,,
1572,7/15/22 18:22,32.394,,,,,
1573,7/15/22 18:37,32.497,,,,,
1574,7/15/22 18:52,32.6,,,,,
1575,7/15/22 19:07,32.6,,,,,
1576,7/15/22 19:22,32.497,,,,,
1577,7/15/22 19:37,32.6,,,,,
1578,7/15/22 19:52,32.6,,,,,
1579,7/15/22 20:07,32.394,,,,,
1580,7/15/22 20:22,32.497,,,,,
1581,7/15/22 20:37,32.497,,,,,
1582,7/15/22 20:52,32.394,,,,,
1583,7/15/22 21:07,32.291,,,,,
1584,7/15/22 21:22,32.394,,,,,
1585,7/15/22 21:37,32.394,,,,,
1586,7/15/22 21:52,32.497,,,,,
1587,7/15/22 22:07,32.6,,,,,
1588,7/15/22 22:22,32.6,,,,,
1589,7/15/22 22:37,32.6,,,,,
1590,7/15/22 22:52,32.6,,,,,
1591,7/15/22 23:07,32.704,,,,,
1592,7/15/22 23:22,32.497,,,,,
1593,7/15/22 23:37,32.6,,,,,
1594,7/15/22 23:52,32.807,,,,,
1595,7/16/22 0:07,32.704,,,,,
1596,7/16/22 0:22,32.6,,,,,
1597,7/16/22 0:37,32.497,,,,,
1598,7/16/22 0:52,32.6,,,,,
1599,7/16/22 1:07,32.704,,,,,
1600,7/16/22 1:22,32.704,,,,,
1601,7/16/22 1:37,32.704,,,,,
1602,7/16/22 1:52,32.704,,,,,
1603,7/16/22 2:07,32.6,,,,,
1604,7/16/22 2:22,32.704,,,,,
1605,7/16/22 2:37,32.807,,,,,
1606,7/16/22 2:52,32.807,,,,,
1607,7/16/22 3:07,32.911,,,,,
1608,7/16/22 3:22,32.807,,,,,
1609,7/16/22 3:37,33.014,,,,,
1610,7/16/22 3:52,32.911,,,,,
1611,7/16/22 4:07,32.911,,,,,
1612,7/16/22 4:22,32.911,,,,,
1613,7/16/22 4:37,32.807,,,,,
1614,7/16/22 4:52,32.807,,,,,
1615,7/16/22 5:07,32.807,,,,,
1616,7/16/22 5:22,32.704,,,,,
1617,7/16/22 5:37,32.704,,,,,
1618,7/16/22 5:52,32.704,,,,,
1619,7/16/22 6:07,32.704,,,,,
1620,7/16/22 6:22,32.704,,,,,
1621,7/16/22 6:37,32.6,,,,,
1622,7/16/22 6:52,32.394,,,,,
1623,7/16/22 7:07,32.497,,,,,
1624,7/16/22 7:22,32.394,,,,,
1625,7/16/22 7:37,32.394,,,,,
1626,7/16/22 7:52,32.291,,,,,
1627,7/16/22 8:07,32.291,,,,,
1628,7/16/22 8:22,32.291,,,,,
1629,7/16/22 8:37,32.188,,,,,
1630,7/16/22 8:52,32.291,,,,,
1631,7/16/22 9:07,32.188,,,,,
1632,7/16/22 9:22,32.291,,,,,
1633,7/16/22 9:37,32.188,,,,,
1634,7/16/22 9:52,32.291,,,,,
1635,7/16/22 10:07,32.188,,,,,
1636,7/16/22 10:22,32.291,,,,,
1637,7/16/22 10:37,32.086,,,,,
1638,7/16/22 10:52,32.188,,,,,
1639,7/16/22 11:07,32.086,,,,,
1640,7/16/22 11:22,32.188,,,,,
1641,7/16/22 11:37,32.188,,,,,
1642,7/16/22 11:52,32.188,,,,,
1643,7/16/22 12:07,32.188,,,,,
1644,7/16/22 12:22,32.188,,,,,
1645,7/16/22 12:37,32.188,,,,,
1646,7/16/22 12:52,32.291,,,,,
1647,7/16/22 13:07,32.394,,,,,
1648,7/16/22 13:22,30.558,,,,,
1649,7/16/22 13:37,28.853,,,,,
1650,7/16/22 13:52,29.053,,,,,
1651,7/16/22 13:55,NA,,,Logged,,
1652,7/16/22 13:55,NA,,Logged,,,
1653,7/16/22 13:55,NA,Logged,,,,
1654,7/16/22 14:07,31.064,,,,,
1655,7/16/22 14:22,31.37,,,,,
1656,7/16/22 14:37,31.574,,,,,
1657,7/16/22 14:52,31.88,,,,,
1658,7/16/22 15:07,32.086,,,,,
1659,7/16/22 15:22,31.983,,,,,
1660,7/16/22 15:37,32.188,,,,,
1661,7/16/22 15:52,32.394,,,,,
1662,7/16/22 16:07,32.394,,,,,
1663,7/16/22 16:22,32.497,,,,,
1664,7/16/22 16:37,32.497,,,,,
1665,7/16/22 16:52,32.394,,,,,
1666,7/16/22 17:07,32.394,,,,,
1667,7/16/22 17:22,32.497,,,,,
1668,7/16/22 17:37,32.497,,,,,
1669,7/16/22 17:52,32.291,,,,,
1670,7/16/22 18:07,32.291,,,,,
1671,7/16/22 18:22,32.291,,,,,
1672,7/16/22 18:37,32.188,,,,,
1673,7/16/22 18:52,32.704,,,,,
1674,7/16/22 19:07,32.6,,,,,
1675,7/16/22 19:22,32.497,,,,,
1676,7/16/22 19:37,32.291,,,,,
1677,7/16/22 19:52,32.497,,,,,
1678,7/16/22 20:07,32.394,,,,,
1679,7/16/22 20:22,32.394,,,,,
1680,7/16/22 20:37,32.291,,,,,
1681,7/16/22 20:52,32.291,,,,,
1682,7/16/22 21:07,32.394,,,,,
1683,7/16/22 21:22,32.394,,,,,
1684,7/16/22 21:37,32.291,,,,,
1685,7/16/22 21:52,32.6,,,,,
1686,7/16/22 22:07,32.497,,,,,
1687,7/16/22 22:22,32.497,,,,,
1688,7/16/22 22:37,32.6,,,,,
1689,7/16/22 22:52,32.807,,,,,
1690,7/16/22 23:07,32.6,,,,,
1691,7/16/22 23:22,32.497,,,,,
1692,7/16/22 23:37,32.497,,,,,
1693,7/16/22 23:52,32.6,,,,,
1694,7/17/22 0:07,32.807,,,,,
1695,7/17/22 0:22,32.704,,,,,
1696,7/17/22 0:37,32.6,,,,,
1697,7/17/22 0:52,32.394,,,,,
1698,7/17/22 1:07,32.291,,,,,
1699,7/17/22 1:22,32.188,,,,,
1700,7/17/22 1:37,32.188,,,,,
1701,7/17/22 1:52,32.6,,,,,
1702,7/17/22 2:07,32.6,,,,,
1703,7/17/22 2:22,32.704,,,,,
1704,7/17/22 2:37,32.394,,,,,
1705,7/17/22 2:52,32.497,,,,,
1706,7/17/22 3:07,32.807,,,,,
1707,7/17/22 3:22,32.291,,,,,
1708,7/17/22 3:37,32.6,,,,,
1709,7/17/22 3:52,31.88,,,,,
1710,7/17/22 4:07,32.188,,,,,
1711,7/17/22 4:22,32.497,,,,,
1712,7/17/22 4:37,32.188,,,,,
1713,7/17/22 4:52,32.394,,,,,
1714,7/17/22 5:07,32.291,,,,,
1715,7/17/22 5:22,32.6,,,,,
1716,7/17/22 5:37,32.704,,,,,
1717,7/17/22 5:52,32.6,,,,,
1718,7/17/22 6:07,32.497,,,,,
1719,7/17/22 6:22,32.394,,,,,
1720,7/17/22 6:37,32.497,,,,,
1721,7/17/22 6:52,32.497,,,,,
1722,7/17/22 7:07,32.704,,,,,
1723,7/17/22 7:22,32.704,,,,,
1724,7/17/22 7:37,32.807,,,,,
1725,7/17/22 7:52,32.807,,,,,
1726,7/17/22 8:07,32.807,,,,,
1727,7/17/22 8:22,32.704,,,,,
1728,7/17/22 8:37,32.394,,,,,
1729,7/17/22 8:52,28.953,,,,,
1730,7/17/22 9:07,29.953,,,,,
1731,7/17/22 9:22,30.659,,,,,
1732,7/17/22 9:37,31.268,,,,,
1733,7/17/22 9:52,31.574,,,,,
1734,7/17/22 10:07,31.778,,,,,
1735,7/17/22 10:22,32.086,,,,,
1736,7/17/22 10:37,32.188,,,,,
1737,7/17/22 10:52,32.188,,,,,
1738,7/17/22 11:07,31.88,,,,,
1739,7/17/22 11:22,31.983,,,,,
1740,7/17/22 11:37,32.086,,,,,
1741,7/17/22 11:52,32.291,,,,,
1742,7/17/22 12:07,32.291,,,,,
1743,7/17/22 12:22,31.88,,,,,
1744,7/17/22 12:37,31.88,,,,,
1745,7/17/22 12:52,31.983,,,,,
1746,7/17/22 13:07,32.188,,,,,
1747,7/17/22 13:22,32.188,,,,,
1748,7/17/22 13:37,32.291,,,,,
1749,7/17/22 13:52,32.291,,,,,
1750,7/17/22 14:07,32.086,,,,,
1751,7/17/22 14:22,31.88,,,,,
1752,7/17/22 14:37,32.086,,,,,
1753,7/17/22 14:52,32.291,,,,,
1754,7/17/22 15:07,32.291,,,,,
1755,7/17/22 15:22,32.188,,,,,
1756,7/17/22 15:37,32.394,,,,,
1757,7/17/22 15:52,32.188,,,,,
1758,7/17/22 16:07,32.188,,,,,
1759,7/17/22 16:22,32.188,,,,,
1760,7/17/22 16:37,32.086,,,,,
1761,7/17/22 16:52,32.291,,,,,
1762,7/17/22 17:07,32.394,,,,,
1763,7/17/22 17:22,32.188,,,,,
1764,7/17/22 17:37,32.394,,,,,
1765,7/17/22 17:52,31.983,,,,,
1766,7/17/22 18:07,32.086,,,,,
1767,7/17/22 18:22,32.394,,,,,
1768,7/17/22 18:37,32.291,,,,,
1769,7/17/22 18:52,32.086,,,,,
1770,7/17/22 19:07,32.394,,,,,
1771,7/17/22 19:22,32.394,,,,,
1772,7/17/22 19:37,32.394,,,,,
1773,7/17/22 19:52,32.704,,,,,
1774,7/17/22 20:07,32.291,,,,,
1775,7/17/22 20:22,32.394,,,,,
1776,7/17/22 20:37,32.497,,,,,
1777,7/17/22 20:52,32.291,,,,,
1778,7/17/22 21:07,32.291,,,,,
1779,7/17/22 21:22,32.394,,,,,
1780,7/17/22 21:37,32.291,,,,,
1781,7/17/22 21:52,32.394,,,,,
1782,7/17/22 22:07,32.394,,,,,
1783,7/17/22 22:22,32.086,,,,,
1784,7/17/22 22:37,31.983,,,,,
1785,7/17/22 22:52,31.88,,,,,
1786,7/17/22 23:07,31.983,,,,,
1787,7/17/22 23:22,32.188,,,,,
1788,7/17/22 23:37,32.086,,,,,
1789,7/17/22 23:52,31.88,,,,,
1790,7/18/22 0:07,31.983,,,,,
1791,7/18/22 0:22,31.778,,,,,
1792,7/18/22 0:37,32.086,,,,,
1793,7/18/22 0:52,31.983,,,,,
1794,7/18/22 1:07,32.188,,,,,
1795,7/18/22 1:22,32.086,,,,,
1796,7/18/22 1:37,32.394,,,,,
1797,7/18/22 1:52,32.188,,,,,
1798,7/18/22 2:07,32.394,,,,,
1799,7/18/22 2:22,32.291,,,,,
1800,7/18/22 2:37,32.394,,,,,
1801,7/18/22 2:52,32.188,,,,,
1802,7/18/22 3:07,32.188,,,,,
1803,7/18/22 3:22,32.291,,,,,
1804,7/18/22 3:37,32.188,,,,,
1805,7/18/22 3:52,32.086,,,,,
1806,7/18/22 4:07,31.88,,,,,
1807,7/18/22 4:22,31.983,,,,,
1808,7/18/22 4:37,32.291,,,,,
1809,7/18/22 4:52,32.188,,,,,
1810,7/18/22 5:07,32.188,,,,,
1811,7/18/22 5:22,32.291,,,,,
1812,7/18/22 5:37,32.394,,,,,
1813,7/18/22 5:52,32.394,,,,,
1814,7/18/22 6:07,32.291,,,,,
1815,7/18/22 6:22,32.188,,,,,
1816,7/18/22 6:37,32.394,,,,,
1817,7/18/22 6:52,31.983,,,,,
1818,7/18/22 7:07,31.88,,,,,
1819,7/18/22 7:22,32.086,,,,,
1820,7/18/22 7:37,32.086,,,,,
1821,7/18/22 7:52,31.88,,,,,
1822,7/18/22 8:07,31.88,,,,,
1823,7/18/22 8:22,31.472,,,,,
1824,7/18/22 8:37,31.88,,,,,
1825,7/18/22 8:52,32.086,,,,,
1826,7/18/22 9:07,28.754,,,,,
1827,7/18/22 9:22,28.555,,,,,
1828,7/18/22 9:37,29.252,,,,,
1829,7/18/22 9:52,30.054,,,,,
1830,7/18/22 10:07,30.457,,,,,
1831,7/18/22 10:22,30.76,,,,,
1832,7/18/22 10:37,31.064,,,,,
1833,7/18/22 10:52,31.166,,,,,
1834,7/18/22 11:07,31.472,,,,,
1835,7/18/22 11:22,31.472,,,,,
1836,7/18/22 11:37,31.574,,,,,
1837,7/18/22 11:52,31.676,,,,,
1838,7/18/22 12:07,31.778,,,,,
1839,7/18/22 12:22,31.778,,,,,
1840,7/18/22 12:37,31.778,,,,,
1841,7/18/22 12:52,31.778,,,,,
1842,7/18/22 13:07,31.778,,,,,
1843,7/18/22 13:22,31.778,,,,,
1844,7/18/22 13:37,31.778,,,,,
1845,7/18/22 13:52,31.778,,,,,
1846,7/18/22 14:07,31.778,,,,,
1847,7/18/22 14:22,31.88,,,,,
1848,7/18/22 14:37,31.778,,,,,
1849,7/18/22 14:52,31.778,,,,,
1850,7/18/22 15:07,31.778,,,,,
1851,7/18/22 15:22,31.778,,,,,
1852,7/18/22 15:37,31.983,,,,,
1853,7/18/22 15:52,31.88,,,,,
1854,7/18/22 16:07,31.778,,,,,
1855,7/18/22 16:22,31.983,,,,,
1856,7/18/22 16:37,31.778,,,,,
1857,7/18/22 16:52,31.983,,,,,
1858,7/18/22 17:07,31.88,,,,,
1859,7/18/22 17:22,31.676,,,,,
1860,7/18/22 17:37,31.88,,,,,
1861,7/18/22 17:52,31.88,,,,,
1862,7/18/22 18:07,31.778,,,,,
1863,7/18/22 18:22,31.983,,,,,
1864,7/18/22 18:37,32.086,,,,,
1865,7/18/22 18:52,32.188,,,,,
1866,7/18/22 19:07,32.086,,,,,
1867,7/18/22 19:22,31.88,,,,,
1868,7/18/22 19:37,31.778,,,,,
1869,7/18/22 19:52,31.88,,,,,
1870,7/18/22 20:07,32.086,,,,,
1871,7/18/22 20:22,31.983,,,,,
1872,7/18/22 20:37,31.778,,,,,
1873,7/18/22 20:52,31.88,,,,,
1874,7/18/22 21:07,31.88,,,,,
1875,7/18/22 21:22,31.983,,,,,
1876,7/18/22 21:37,31.778,,,,,
1877,7/18/22 21:52,31.88,,,,,
1878,7/18/22 22:07,31.983,,,,,
1879,7/18/22 22:22,31.88,,,,,
1880,7/18/22 22:37,31.676,,,,,
1881,7/18/22 22:52,31.983,,,,,
1882,7/18/22 23:07,32.086,,,,,
1883,7/18/22 23:22,32.086,,,,,
1884,7/18/22 23:37,31.88,,,,,
1885,7/18/22 23:52,31.676,,,,,
1886,7/19/22 0:07,31.778,,,,,
1887,7/19/22 0:22,31.88,,,,,
1888,7/19/22 0:37,31.983,,,,,
1889,7/19/22 0:52,32.086,,,,,
1890,7/19/22 1:07,31.778,,,,,
1891,7/19/22 1:22,31.88,,,,,
1892,7/19/22 1:37,31.778,,,,,
1893,7/19/22 1:52,31.88,,,,,
1894,7/19/22 2:07,31.983,,,,,
1895,7/19/22 2:22,31.778,,,,,
1896,7/19/22 2:37,31.983,,,,,
1897,7/19/22 2:52,31.37,,,,,
1898,7/19/22 3:07,30.963,,,,,
1899,7/19/22 3:22,30.963,,,,,
1900,7/19/22 3:37,31.268,,,,,
1901,7/19/22 3:52,31.472,,,,,
1902,7/19/22 4:07,31.574,,,,,
1903,7/19/22 4:22,31.676,,,,,
1904,7/19/22 4:37,31.676,,,,,
1905,7/19/22 4:52,31.268,,,,,
1906,7/19/22 5:07,30.76,,,,,
1907,7/19/22 5:22,31.166,,,,,
1908,7/19/22 5:37,31.472,,,,,
1909,7/19/22 5:52,31.778,,,,,
1910,7/19/22 6:07,31.676,,,,,
1911,7/19/22 6:22,31.88,,,,,
1912,7/19/22 6:37,31.983,,,,,
1913,7/19/22 6:52,31.983,,,,,
1914,7/19/22 7:07,31.983,,,,,
1915,7/19/22 7:22,28.555,,,,,
1916,7/19/22 7:37,29.152,,,,,
1917,7/19/22 7:52,29.552,,,,,
1918,7/19/22 8:07,30.255,,,,,
1919,7/19/22 8:22,30.659,,,,,
1920,7/19/22 8:37,30.963,,,,,
1921,7/19/22 8:52,31.166,,,,,
1922,7/19/22 9:07,31.37,,,,,
1923,7/19/22 9:22,31.37,,,,,
1924,7/19/22 9:37,31.574,,,,,
1925,7/19/22 9:52,31.676,,,,,
1926,7/19/22 10:07,31.778,,,,,
1927,7/19/22 10:22,31.88,,,,,
1928,7/19/22 10:37,31.983,,,,,
1929,7/19/22 10:52,31.983,,,,,
1930,7/19/22 11:07,31.676,,,,,
1931,7/19/22 11:22,30.963,,,,,
1932,7/19/22 11:37,30.154,,,,,
1933,7/19/22 11:52,29.853,,,,,
1934,7/19/22 12:07,29.552,,,,,
1935,7/19/22 12:22,30.054,,,,,
1936,7/19/22 12:37,30.862,,,,,
1937,7/19/22 12:52,31.472,,,,,
1938,7/19/22 13:07,31.88,,,,,
1939,7/19/22 13:22,31.88,,,,,
1940,7/19/22 13:37,31.676,,,,,
1941,7/19/22 13:52,31.88,,,,,
1942,7/19/22 14:07,31.88,,,,,
1943,7/19/22 14:22,31.88,,,,,
1944,7/19/22 14:37,31.983,,,,,
1945,7/19/22 14:52,31.983,,,,,
1946,7/19/22 15:07,31.983,,,,,
1947,7/19/22 15:22,31.983,,,,,
1948,7/19/22 15:37,31.983,,,,,
1949,7/19/22 15:52,31.983,,,,,
1950,7/19/22 16:07,32.086,,,,,
1951,7/19/22 16:22,31.983,,,,,
1952,7/19/22 16:37,32.086,,,,,
1953,7/19/22 16:44,NA,,Logged,Logged,,
1954,7/19/22 16:44,NA,Logged,,,,
1955,7/19/22 16:52,31.574,,,,,
1956,7/19/22 17:07,31.37,,,,,
1957,7/19/22 17:22,31.37,,,,,
1958,7/19/22 17:37,31.574,,,,,
1959,7/19/22 17:52,31.37,,,,,
1960,7/19/22 18:07,31.472,,,,,
1961,7/19/22 18:22,31.472,,,,,
1962,7/19/22 18:37,31.37,,,,,
1963,7/19/22 18:52,31.472,,,,,
1964,7/19/22 19:07,31.472,,,,,
1965,7/19/22 19:22,31.37,,,,,
1966,7/19/22 19:37,31.37,,,,,
1967,7/19/22 19:52,31.268,,,,,
1968,7/19/22 20:07,30.963,,,,,
1969,7/19/22 20:22,31.268,,,,,
1970,7/19/22 20:37,31.064,,,,,
1971,7/19/22 20:52,31.268,,,,,
1972,7/19/22 21:07,31.37,,,,,
1973,7/19/22 21:22,31.166,,,,,
1974,7/19/22 21:37,30.76,,,,,
1975,7/19/22 21:52,31.064,,,,,
1976,7/19/22 22:07,31.268,,,,,
1977,7/19/22 22:22,31.166,,,,,
1978,7/19/22 22:37,30.76,,,,,
1979,7/19/22 22:52,30.659,,,,,
1980,7/19/22 23:07,31.064,,,,,
1981,7/19/22 23:22,31.268,,,,,
1982,7/19/22 23:37,31.37,,,,,
1983,7/19/22 23:52,31.268,,,,,
1984,7/20/22 0:07,31.166,,,,,
1985,7/20/22 0:22,30.76,,,,,
1986,7/20/22 0:37,30.659,,,,,
1987,7/20/22 0:52,30.862,,,,,
1988,7/20/22 1:07,31.37,,,,,
1989,7/20/22 1:22,31.472,,,,,
1990,7/20/22 1:37,31.472,,,,,
1991,7/20/22 1:52,31.268,,,,,
1992,7/20/22 2:07,31.268,,,,,
1993,7/20/22 2:22,31.166,,,,,
1994,7/20/22 2:37,31.166,,,,,
1995,7/20/22 2:52,31.37,,,,,
1996,7/20/22 3:07,31.268,,,,,
1997,7/20/22 3:22,31.472,,,,,
1998,7/20/22 3:37,31.472,,,,,
1999,7/20/22 3:52,31.166,,,,,
2000,7/20/22 4:07,31.064,,,,,
2001,7/20/22 4:22,31.268,,,,,
2002,7/20/22 4:37,31.064,,,,,
2003,7/20/22 4:52,31.268,,,,,
2004,7/20/22 5:07,31.268,,,,,
2005,7/20/22 5:22,31.166,,,,,
2006,7/20/22 5:37,31.268,,,,,
2007,7/20/22 5:52,31.268,,,,,
2008,7/20/22 6:07,31.268,,,,,
2009,7/20/22 6:22,31.268,,,,,
2010,7/20/22 6:37,31.37,,,,,
2011,7/20/22 6:52,31.37,,,,,
2012,7/20/22 7:07,31.37,,,,,
2013,7/20/22 7:22,31.472,,,,,
2014,7/20/22 7:37,31.268,,,,,
2015,7/20/22 7:52,31.166,,,,,
2016,7/20/22 8:07,30.963,,,,,
2017,7/20/22 8:22,30.457,,,,,
2018,7/20/22 8:37,30.356,,,,,
2019,7/20/22 8:52,26.39,,,,,
2020,7/20/22 9:07,27.272,,,,,
2021,7/20/22 9:22,28.555,,,,,
2022,7/20/22 9:37,29.452,,,,,
2023,7/20/22 9:52,30.154,,,,,
2024,7/20/22 10:07,30.659,,,,,
2025,7/20/22 10:22,30.963,,,,,
2026,7/20/22 10:37,31.268,,,,,
2027,7/20/22 10:52,31.472,,,,,
2028,7/20/22 11:07,30.862,,,,,
2029,7/20/22 11:22,30.457,,,,,
2030,7/20/22 11:37,30.558,,,,,
2031,7/20/22 11:52,31.166,,,,,
2032,7/20/22 12:07,31.37,,,,,
2033,7/20/22 12:22,31.472,,,,,
2034,7/20/22 12:37,30.963,,,,,
2035,7/20/22 12:52,30.558,,,,,
2036,7/20/22 13:07,30.659,,,,,
2037,7/20/22 13:22,31.166,,,,,
2038,7/20/22 13:37,31.37,,,,,
2039,7/20/22 13:52,31.472,,,,,
2040,7/20/22 14:07,31.574,,,,,
2041,7/20/22 14:22,31.574,,,,,
2042,7/20/22 14:37,31.37,,,,,
2043,7/20/22 14:52,31.676,,,,,
2044,7/20/22 15:07,31.268,,,,,
2045,7/20/22 15:22,31.472,,,,,
2046,7/20/22 15:37,31.064,,,,,
2047,7/20/22 15:52,30.76,,,,,
2048,7/20/22 16:07,31.37,,,,,
2049,7/20/22 16:22,31.37,,,,,
2050,7/20/22 16:37,31.37,,,,,
2051,7/20/22 16:52,31.676,,,,,
2052,7/20/22 17:07,31.472,,,,,
2053,7/20/22 17:22,31.676,,,,,
2054,7/20/22 17:37,31.88,,,,,
2055,7/20/22 17:52,31.778,,,,,
2056,7/20/22 18:07,31.778,,,,,
2057,7/20/22 18:22,31.472,,,,,
2058,7/20/22 18:37,31.472,,,,,
2059,7/20/22 18:52,31.574,,,,,
2060,7/20/22 19:07,31.676,,,,,
2061,7/20/22 19:22,32.086,,,,,
2062,7/20/22 19:37,31.778,,,,,
2063,7/20/22 19:52,32.086,,,,,
2064,7/20/22 20:07,31.88,,,,,
2065,7/20/22 20:22,31.983,,,,,
2066,7/20/22 20:37,31.778,,,,,
2067,7/20/22 20:52,31.88,,,,,
2068,7/20/22 21:07,32.086,,,,,
2069,7/20/22 21:22,31.37,,,,,
2070,7/20/22 21:37,31.778,,,,,
2071,7/20/22 21:52,31.88,,,,,
2072,7/20/22 22:07,32.086,,,,,
2073,7/20/22 22:22,31.778,,,,,
2074,7/20/22 22:37,31.472,,,,,
2075,7/20/22 22:52,31.778,,,,,
2076,7/20/22 23:07,31.983,,,,,
2077,7/20/22 23:22,32.086,,,,,
2078,7/20/22 23:37,31.37,,,,,
2079,7/20/22 23:52,31.268,,,,,
2080,7/21/22 0:07,31.88,,,,,
2081,7/21/22 0:22,32.086,,,,,
2082,7/21/22 0:37,31.88,,,,,
2083,7/21/22 0:52,31.574,,,,,
2084,7/21/22 1:07,31.472,,,,,
2085,7/21/22 1:22,31.472,,,,,
2086,7/21/22 1:37,31.778,,,,,
2087,7/21/22 1:52,31.778,,,,,
2088,7/21/22 2:07,32.086,,,,,
2089,7/21/22 2:22,31.983,,,,,
2090,7/21/22 2:37,32.188,,,,,
2091,7/21/22 2:52,31.676,,,,,
2092,7/21/22 3:07,31.574,,,,,
2093,7/21/22 3:22,31.983,,,,,
2094,7/21/22 3:37,31.676,,,,,
2095,7/21/22 3:52,31.472,,,,,
2096,7/21/22 4:07,31.778,,,,,
2097,7/21/22 4:22,31.88,,,,,
2098,7/21/22 4:37,31.983,,,,,
2099,7/21/22 4:52,31.574,,,,,
2100,7/21/22 5:07,31.676,,,,,
2101,7/21/22 5:22,31.676,,,,,
2102,7/21/22 5:37,31.778,,,,,
2103,7/21/22 5:52,31.983,,,,,
2104,7/21/22 6:07,31.676,,,,,
2105,7/21/22 6:22,31.983,,,,,
2106,7/21/22 6:37,32.086,,,,,
2107,7/21/22 6:52,31.472,,,,,
2108,7/21/22 7:07,31.778,,,,,
2109,7/21/22 7:22,32.086,,,,,
2110,7/21/22 7:37,31.676,,,,,
2111,7/21/22 7:52,30.862,,,,,
2112,7/21/22 8:07,28.754,,,,,
2113,7/21/22 8:22,27.272,,,,,
2114,7/21/22 8:37,26.585,,,,,
2115,7/21/22 8:52,27.075,,,,,
2116,7/21/22 9:07,28.754,,,,,
2117,7/21/22 9:22,29.752,,,,,
2118,7/21/22 9:37,30.558,,,,,
2119,7/21/22 9:52,31.166,,,,,
2120,7/21/22 10:07,31.37,,,,,
2121,7/21/22 10:22,31.574,,,,,
2122,7/21/22 10:37,31.88,,,,,
2123,7/21/22 10:52,31.268,,,,,
2124,7/21/22 11:07,31.166,,,,,
2125,7/21/22 11:22,31.472,,,,,
2126,7/21/22 11:37,31.778,,,,,
2127,7/21/22 11:52,31.778,,,,,
2128,7/21/22 12:07,31.676,,,,,
2129,7/21/22 12:22,31.983,,,,,
2130,7/21/22 12:37,32.086,,,,,
2131,7/21/22 12:52,31.88,,,,,
2132,7/21/22 13:07,31.676,,,,,
2133,7/21/22 13:22,31.88,,,,,
2134,7/21/22 13:37,31.778,,,,,
2135,7/21/22 13:52,31.778,,,,,
2136,7/21/22 14:07,31.983,,,,,
2137,7/21/22 14:22,31.676,,,,,
2138,7/21/22 14:37,31.88,,,,,
2139,7/21/22 14:52,31.574,,,,,
2140,7/21/22 15:07,31.983,,,,,
2141,7/21/22 15:22,31.88,,,,,
2142,7/21/22 15:37,31.983,,,,,
2143,7/21/22 15:52,31.676,,,,,
2144,7/21/22 16:07,31.472,,,,,
2145,7/21/22 16:22,31.676,,,,,
2146,7/21/22 16:37,31.676,,,,,
2147,7/21/22 16:52,31.472,,,,,
2148,7/21/22 17:07,31.574,,,,,
2149,7/21/22 17:22,31.574,,,,,
2150,7/21/22 17:37,31.574,,,,,
2151,7/21/22 17:52,31.676,,,,,
2152,7/21/22 18:07,31.778,,,,,
2153,7/21/22 18:22,31.983,,,,,
2154,7/21/22 18:37,31.983,,,,,
2155,7/21/22 18:52,31.574,,,,,
2156,7/21/22 19:07,31.37,,,,,
2157,7/21/22 19:22,31.166,,,,,
2158,7/21/22 19:37,30.76,,,,,
2159,7/21/22 19:52,30.76,,,,,
2160,7/21/22 20:07,30.659,,,,,
2161,7/21/22 20:22,30.659,,,,,
2162,7/21/22 20:37,30.76,,,,,
2163,7/21/22 20:52,30.76,,,,,
2164,7/21/22 21:07,31.268,,,,,
2165,7/21/22 21:22,31.574,,,,,
2166,7/21/22 21:37,31.676,,,,,
2167,7/21/22 21:52,31.268,,,,,
2168,7/21/22 22:07,31.472,,,,,
2169,7/21/22 22:22,31.676,,,,,
2170,7/21/22 22:37,31.778,,,,,
2171,7/21/22 22:52,31.574,,,,,
2172,7/21/22 23:07,31.778,,,,,
2173,7/21/22 23:22,31.983,,,,,
2174,7/21/22 23:37,32.086,,,,,
2175,7/21/22 23:52,31.472,,,,,
2176,7/22/22 0:07,31.574,,,,,
2177,7/22/22 0:22,31.676,,,,,
2178,7/22/22 0:37,31.676,,,,,
2179,7/22/22 0:52,31.778,,,,,
2180,7/22/22 1:07,31.676,,,,,
2181,7/22/22 1:22,31.472,,,,,
2182,7/22/22 1:37,31.574,,,,,
2183,7/22/22 1:52,31.472,,,,,
2184,7/22/22 2:07,31.574,,,,,
2185,7/22/22 2:22,31.574,,,,,
2186,7/22/22 2:37,31.574,,,,,
2187,7/22/22 2:52,31.268,,,,,
2188,7/22/22 3:07,31.472,,,,,
2189,7/22/22 3:22,31.574,,,,,
2190,7/22/22 3:37,31.88,,,,,
2191,7/22/22 3:52,31.676,,,,,
2192,7/22/22 4:07,31.574,,,,,
2193,7/22/22 4:22,31.778,,,,,
2194,7/22/22 4:37,31.983,,,,,
2195,7/22/22 4:52,31.676,,,,,
2196,7/22/22 5:07,31.676,,,,,
2197,7/22/22 5:22,31.472,,,,,
2198,7/22/22 5:37,31.574,,,,,
2199,7/22/22 5:52,31.37,,,,,
2200,7/22/22 6:07,31.778,,,,,
2201,7/22/22 6:22,31.778,,,,,
2202,7/22/22 6:37,31.472,,,,,
2203,7/22/22 6:52,31.574,,,,,
2204,7/22/22 7:07,31.676,,,,,
2205,7/22/22 7:22,31.778,,,,,
2206,7/22/22 7:37,27.961,,,,,
2207,7/22/22 7:52,29.652,,,,,
2208,7/22/22 8:07,30.76,,,,,
2209,7/22/22 8:22,31.574,,,,,
2210,7/22/22 8:37,32.086,,,,,
2211,7/22/22 8:52,NA,,,Logged,,
2212,7/22/22 8:52,NA,,Logged,,,
2213,7/22/22 8:52,NA,Logged,,,,
2214,7/22/22 8:52,NA,,,,,
2215,7/22/22 9:07,31.778,,,,,
2216,7/22/22 9:22,32.188,,,,,
2217,7/22/22 9:37,32.6,,,,,
2218,7/22/22 9:52,32.704,,,,,
2219,7/22/22 10:07,32.497,,,,,
2220,7/22/22 10:22,32.497,,,,,
2221,7/22/22 10:37,32.807,,,,,
2222,7/22/22 10:52,32.807,,,,,
2223,7/22/22 11:07,32.704,,,,,
2224,7/22/22 11:22,32.394,,,,,
2225,7/22/22 11:37,32.6,,,,,
2226,7/22/22 11:52,32.6,,,,,
2227,7/22/22 12:07,32.291,,,,,
2228,7/22/22 12:22,32.086,,,,,
2229,7/22/22 12:37,31.983,,,,,
2230,7/22/22 12:52,31.88,,,,,
2231,7/22/22 13:07,31.88,,,,,
2232,7/22/22 13:22,31.983,,,,,
2233,7/22/22 13:37,31.983,,,,,
2234,7/22/22 13:52,31.983,,,,,
2235,7/22/22 14:07,32.086,,,,,
2236,7/22/22 14:22,32.394,,,,,
2237,7/22/22 14:37,32.291,,,,,
2238,7/22/22 14:52,32.188,,,,,
2239,7/22/22 15:07,32.291,,,,,
2240,7/22/22 15:22,32.291,,,,,
2241,7/22/22 15:37,32.291,,,,,
2242,7/22/22 15:52,32.394,,,,,
2243,7/22/22 16:07,32.188,,,,,
2244,7/22/22 16:22,32.394,,,,,
2245,7/22/22 16:37,32.394,,,,,
2246,7/22/22 16:52,32.291,,,,,
2247,7/22/22 17:07,32.497,,,,,
2248,7/22/22 17:22,32.6,,,,,
2249,7/22/22 17:37,32.086,,,,,
2250,7/22/22 17:52,32.086,,,,,
2251,7/22/22 18:07,32.291,,,,,
2252,7/22/22 18:22,32.291,,,,,
2253,7/22/22 18:37,32.497,,,,,
2254,7/22/22 18:52,32.497,,,,,
2255,7/22/22 19:07,32.394,,,,,
2256,7/22/22 19:22,32.497,,,,,
2257,7/22/22 19:37,32.497,,,,,
2258,7/22/22 19:52,32.188,,,,,
2259,7/22/22 20:07,32.188,,,,,
2260,7/22/22 20:22,32.291,,,,,
2261,7/22/22 20:37,32.394,,,,,
2262,7/22/22 20:52,32.6,,,,,
2263,7/22/22 21:07,32.6,,,,,
2264,7/22/22 21:22,32.704,,,,,
2265,7/22/22 21:37,32.497,,,,,
2266,7/22/22 21:52,32.704,,,,,
2267,7/22/22 22:07,32.497,,,,,
2268,7/22/22 22:22,32.704,,,,,
2269,7/22/22 22:37,32.6,,,,,
2270,7/22/22 22:52,32.6,,,,,
2271,7/22/22 23:07,32.497,,,,,
2272,7/22/22 23:22,32.6,,,,,
2273,7/22/22 23:37,32.6,,,,,
2274,7/22/22 23:52,32.807,,,,,
2275,7/23/22 0:07,32.394,,,,,
2276,7/23/22 0:22,32.291,,,,,
2277,7/23/22 0:37,32.394,,,,,
2278,7/23/22 0:52,32.6,,,,,
2279,7/23/22 1:07,32.497,,,,,
2280,7/23/22 1:22,32.394,,,,,
2281,7/23/22 1:37,32.497,,,,,
2282,7/23/22 1:52,32.6,,,,,
2283,7/23/22 2:07,32.6,,,,,
2284,7/23/22 2:22,32.497,,,,,
2285,7/23/22 2:37,32.6,,,,,
2286,7/23/22 2:52,33.014,,,,,
2287,7/23/22 3:07,32.704,,,,,
2288,7/23/22 3:22,32.704,,,,,
2289,7/23/22 3:37,32.394,,,,,
2290,7/23/22 3:52,32.497,,,,,
2291,7/23/22 4:07,32.291,,,,,
2292,7/23/22 4:22,32.394,,,,,
2293,7/23/22 4:37,32.394,,,,,
2294,7/23/22 4:52,32.291,,,,,
2295,7/23/22 5:07,32.497,,,,,
2296,7/23/22 5:22,32.497,,,,,
2297,7/23/22 5:37,32.497,,,,,
2298,7/23/22 5:52,32.394,,,,,
2299,7/23/22 6:07,32.394,,,,,
2300,7/23/22 6:22,32.497,,,,,
2301,7/23/22 6:37,32.394,,,,,
2302,7/23/22 6:52,32.291,,,,,
2303,7/23/22 7:07,30.457,,,,,
2304,7/23/22 7:22,29.053,,,,,
2305,7/23/22 7:37,29.752,,,,,
2306,7/23/22 7:52,30.356,,,,,
2307,7/23/22 8:07,30.862,,,,,
2308,7/23/22 8:22,31.268,,,,,
2309,7/23/22 8:37,31.574,,,,,
2310,7/23/22 8:52,31.574,,,,,
2311,7/23/22 9:07,31.574,,,,,
2312,7/23/22 9:22,31.574,,,,,
2313,7/23/22 9:37,31.37,,,,,
2314,7/23/22 9:52,31.37,,,,,
2315,7/23/22 10:07,31.778,,,,,
2316,7/23/22 10:22,31.676,,,,,
2317,7/23/22 10:37,31.88,,,,,
2318,7/23/22 10:52,31.778,,,,,
2319,7/23/22 11:07,31.88,,,,,
2320,7/23/22 11:22,31.574,,,,,
2321,7/23/22 11:37,31.574,,,,,
2322,7/23/22 11:52,31.574,,,,,
2323,7/23/22 12:07,31.676,,,,,
2324,7/23/22 12:22,31.472,,,,,
2325,7/23/22 12:37,31.676,,,,,
2326,7/23/22 12:52,31.88,,,,,
2327,7/23/22 13:07,31.88,,,,,
2328,7/23/22 13:22,31.778,,,,,
2329,7/23/22 13:37,31.88,,,,,
2330,7/23/22 13:52,31.778,,,,,
2331,7/23/22 14:07,31.88,,,,,
2332,7/23/22 14:22,31.778,,,,,
2333,7/23/22 14:37,32.086,,,,,
2334,7/23/22 14:52,32.086,,,,,
2335,7/23/22 15:07,31.574,,,,,
2336,7/23/22 15:22,31.574,,,,,
2337,7/23/22 15:37,31.676,,,,,
2338,7/23/22 15:52,31.88,,,,,
2339,7/23/22 16:07,31.778,,,,,
2340,7/23/22 16:22,31.88,,,,,
2341,7/23/22 16:37,31.574,,,,,
2342,7/23/22 16:52,31.676,,,,,
2343,7/23/22 17:07,31.778,,,,,
2344,7/23/22 17:22,31.472,,,,,
2345,7/23/22 17:37,31.778,,,,,
2346,7/23/22 17:52,31.778,,,,,
2347,7/23/22 18:07,31.778,,,,,
2348,7/23/22 18:22,31.574,,,,,
2349,7/23/22 18:37,31.676,,,,,
2350,7/23/22 18:52,31.472,,,,,
2351,7/23/22 19:07,31.88,,,,,
2352,7/23/22 19:22,31.676,,,,,
2353,7/23/22 19:37,31.574,,,,,
2354,7/23/22 19:52,31.778,,,,,
2355,7/23/22 20:07,31.676,,,,,
2356,7/23/22 20:22,31.88,,,,,
2357,7/23/22 20:37,31.37,,,,,
2358,7/23/22 20:52,31.676,,,,,
2359,7/23/22 21:07,31.472,,,,,
2360,7/23/22 21:22,31.574,,,,,
2361,7/23/22 21:37,31.778,,,,,
2362,7/23/22 21:52,31.778,,,,,
2363,7/23/22 22:07,31.676,,,,,
2364,7/23/22 22:22,31.472,,,,,
2365,7/23/22 22:37,31.472,,,,,
2366,7/23/22 22:52,31.37,,,,,
2367,7/23/22 23:07,31.574,,,,,
2368,7/23/22 23:22,31.676,,,,,
2369,7/23/22 23:37,31.472,,,,,
2370,7/23/22 23:52,31.676,,,,,
2371,7/24/22 0:07,31.574,,,,,
2372,7/24/22 0:22,31.472,,,,,
2373,7/24/22 0:37,31.676,,,,,
2374,7/24/22 0:52,31.983,,,,,
2375,7/24/22 1:07,31.676,,,,,
2376,7/24/22 1:22,31.88,,,,,
2377,7/24/22 1:37,31.983,,,,,
2378,7/24/22 1:52,32.188,,,,,
2379,7/24/22 2:07,32.188,,,,,
2380,7/24/22 2:22,32.086,,,,,
2381,7/24/22 2:37,31.88,,,,,
2382,7/24/22 2:52,31.778,,,,,
2383,7/24/22 3:07,31.778,,,,,
2384,7/24/22 3:22,31.574,,,,,
2385,7/24/22 3:37,31.37,,,,,
2386,7/24/22 3:52,31.676,,,,,
2387,7/24/22 4:07,31.37,,,,,
2388,7/24/22 4:22,31.574,,,,,
2389,7/24/22 4:37,31.778,,,,,
2390,7/24/22 4:52,31.574,,,,,
2391,7/24/22 5:07,31.472,,,,,
2392,7/24/22 5:22,31.676,,,,,
2393,7/24/22 5:37,31.574,,,,,
2394,7/24/22 5:52,31.676,,,,,
2395,7/24/22 6:07,31.676,,,,,
2396,7/24/22 6:22,31.676,,,,,
2397,7/24/22 6:37,31.676,,,,,
2398,7/24/22 6:52,31.778,,,,,
2399,7/24/22 7:07,31.472,,,,,
2400,7/24/22 7:22,31.472,,,,,
2401,7/24/22 7:37,31.676,,,,,
2402,7/24/22 7:52,31.574,,,,,
2403,7/24/22 8:07,31.778,,,,,
2404,7/24/22 8:22,31.574,,,,,
2405,7/24/22 8:37,31.676,,,,,
2406,7/24/22 8:52,31.676,,,,,
2407,7/24/22 9:07,31.778,,,,,
2408,7/24/22 9:22,31.983,,,,,
2409,7/24/22 9:37,31.778,,,,,
2410,7/24/22 9:52,31.778,,,,,
2411,7/24/22 10:07,31.574,,,,,
2412,7/24/22 10:22,24.738,,,,,
2413,7/24/22 10:37,27.075,,,,,
2414,7/24/22 10:52,28.853,,,,,
2415,7/24/22 11:07,30.255,,,,,
2416,7/24/22 11:22,31.166,,,,,
2417,7/24/22 11:37,31.88,,,,,
2418,7/24/22 11:52,32.086,,,,,
2419,7/24/22 12:07,31.88,,,,,
2420,7/24/22 12:22,31.88,,,,,
2421,7/24/22 12:37,31.88,,,,,
2422,7/24/22 12:52,32.086,,,,,
2423,7/24/22 13:07,32.188,,,,,
2424,7/24/22 13:22,31.88,,,,,
2425,7/24/22 13:37,31.88,,,,,
2426,7/24/22 13:52,32.394,,,,,
2427,7/24/22 14:07,31.88,,,,,
2428,7/24/22 14:22,32.188,,,,,
2429,7/24/22 14:37,32.086,,,,,
2430,7/24/22 14:52,32.291,,,,,
2431,7/24/22 15:07,32.188,,,,,
2432,7/24/22 15:22,32.394,,,,,
2433,7/24/22 15:37,32.188,,,,,
2434,7/24/22 15:52,32.188,,,,,
2435,7/24/22 16:07,32.291,,,,,
2436,7/24/22 16:22,32.188,,,,,
2437,7/24/22 16:37,30.255,,,,,
2438,7/24/22 16:52,28.555,,,,,
2439,7/24/22 17:07,27.468,,,,,
2440,7/24/22 17:22,26.585,,,,,
2441,7/24/22 17:37,26.097,,,,,
2442,7/24/22 17:52,25.708,,,,,
2443,7/24/22 18:07,25.513,,,,,
2444,7/24/22 18:22,25.319,,,,,
2445,7/24/22 18:37,25.222,,,,,
2446,7/24/22 18:52,25.125,,,,,
2447,7/24/22 19:07,25.125,,,,,
2448,7/24/22 19:22,25.028,,,,,
2449,7/24/22 19:37,24.931,,,,,
2450,7/24/22 19:52,24.931,,,,,
2451,7/24/22 20:07,24.835,,,,,
2452,7/24/22 20:22,24.738,,,,,
2453,7/24/22 20:37,24.738,,,,,
2454,7/24/22 20:52,24.641,,,,,
2455,7/24/22 21:07,24.641,,,,,
2456,7/24/22 21:22,24.641,,,,,
2457,7/24/22 21:37,24.641,,,,,
2458,7/24/22 21:52,24.641,,,,,
2459,7/24/22 22:07,24.641,,,,,
2460,7/24/22 22:22,24.641,,,,,
2461,7/24/22 22:37,24.641,,,,,
2462,7/24/22 22:52,24.641,,,,,
2463,7/24/22 23:07,24.545,,,,,
2464,7/24/22 23:22,24.545,,,,,
2465,7/24/22 23:37,24.545,,,,,
2466,7/24/22 23:52,24.545,,,,,
2467,7/25/22 0:07,24.448,,,,,
2468,7/25/22 0:22,24.448,,,,,
2469,7/25/22 0:37,24.351,,,,,
2470,7/25/22 0:52,24.255,,,,,
2471,7/25/22 1:07,24.158,,,,,
2472,7/25/22 1:22,23.966,,,,,
2473,7/25/22 1:37,23.869,,,,,
2474,7/25/22 1:52,23.773,,,,,
2475,7/25/22 2:07,23.677,,,,,
2476,7/25/22 2:22,23.677,,,,,
2477,7/25/22 2:37,23.869,,,,,
2478,7/25/22 2:52,23.966,,,,,
2479,7/25/22 3:07,23.966,,,,,
2480,7/25/22 3:22,24.158,,,,,
2481,7/25/22 3:37,24.158,,,,,
2482,7/25/22 3:52,24.062,,,,,
2483,7/25/22 4:07,24.062,,,,,
2484,7/25/22 4:22,24.062,,,,,
2485,7/25/22 4:37,24.062,,,,,
2486,7/25/22 4:52,24.062,,,,,
2487,7/25/22 5:07,24.062,,,,,
2488,7/25/22 5:22,24.062,,,,,
2489,7/25/22 5:37,24.062,,,,,
2490,7/25/22 5:52,24.158,,,,,
2491,7/25/22 6:07,24.158,,,,,
2492,7/25/22 6:22,24.158,,,,,
2493,7/25/22 6:37,24.255,,,,,
2494,7/25/22 6:52,24.158,,,,,
2495,7/25/22 7:07,24.158,,,,,
2496,7/25/22 7:22,24.062,,,,,
2497,7/25/22 7:37,24.062,,,,,
2498,7/25/22 7:52,24.062,,,,,
2499,7/25/22 8:07,24.158,,,,,
2500,7/25/22 8:22,24.158,,,,,
2501,7/25/22 8:37,21.282,,,,,
2502,7/25/22 8:52,21.569,,,,,
2503,7/25/22 9:07,22.238,,,,,
2504,7/25/22 9:22,22.812,,,,,
2505,7/25/22 9:37,23.1,,,,,
2506,7/25/22 9:52,23.484,,,,,
2507,7/25/22 10:07,23.677,,,,,
2508,7/25/22 10:22,23.773,,,,,
2509,7/25/22 10:37,23.966,,,,,
2510,7/25/22 10:52,24.062,,,,,
2511,7/25/22 11:07,24.062,,,,,
2512,7/25/22 11:22,24.158,,,,,
2513,7/25/22 11:37,24.255,,,,,
2514,7/25/22 11:52,24.351,,,,,
2515,7/25/22 12:07,24.351,,,,,
2516,7/25/22 12:22,24.448,,,,,
2517,7/25/22 12:37,24.448,,,,,
2518,7/25/22 12:52,24.448,,,,,
2519,7/25/22 13:07,24.448,,,,,
2520,7/25/22 13:22,24.545,,,,,
2521,7/25/22 13:37,24.545,,,,,
2522,7/25/22 13:52,24.545,,,,,
2523,7/25/22 14:07,24.545,,,,,
2524,7/25/22 14:22,24.545,,,,,
2525,7/25/22 14:37,24.641,,,,,
2526,7/25/22 14:52,24.545,,,,,
2527,7/25/22 15:07,24.545,,,,,
2528,7/25/22 15:22,24.545,,,,,
2529,7/25/22 15:37,24.545,,,,,
2530,7/25/22 15:52,24.641,,,,,
2531,7/25/22 16:07,24.545,,,,,
2532,7/25/22 16:22,24.448,,,,,
2533,7/25/22 16:37,24.351,,,,,
2534,7/25/22 16:52,24.351,,,,,
2535,7/25/22 17:07,24.255,,,,,
2536,7/25/22 17:22,24.351,,,,,
2537,7/25/22 17:37,24.448,,,,,
2538,7/25/22 17:52,24.351,,,,,
2539,7/25/22 18:07,24.351,,,,,
2540,7/25/22 18:22,24.255,,,,,
2541,7/25/22 18:37,24.351,,,,,
2542,7/25/22 18:52,24.351,,,,,
2543,7/25/22 19:07,24.255,,,,,
2544,7/25/22 19:22,24.255,,,,,
2545,7/25/22 19:37,24.255,,,,,
2546,7/25/22 19:52,24.255,,,,,
2547,7/25/22 20:07,24.158,,,,,
2548,7/25/22 20:22,24.158,,,,,
2549,7/25/22 20:37,24.062,,,,,
2550,7/25/22 20:52,24.158,,,,,
2551,7/25/22 21:07,24.062,,,,,
2552,7/25/22 21:22,23.966,,,,,
2553,7/25/22 21:37,23.966,,,,,
2554,7/25/22 21:52,23.966,,,,,
2555,7/25/22 22:07,23.966,,,,,
2556,7/25/22 22:22,23.966,,,,,
2557,7/25/22 22:37,23.966,,,,,
2558,7/25/22 22:52,24.062,,,,,
2559,7/25/22 23:07,24.062,,,,,
2560,7/25/22 23:22,24.062,,,,,
2561,7/25/22 23:37,23.966,,,,,
2562,7/25/22 23:52,23.966,,,,,
2563,7/26/22 0:07,24.062,,,,,
2564,7/26/22 0:22,24.062,,,,,
2565,7/26/22 0:37,24.062,,,,,
2566,7/26/22 0:52,24.062,,,,,
2567,7/26/22 1:07,23.966,,,,,
2568,7/26/22 1:22,24.062,,,,,
2569,7/26/22 1:37,24.158,,,,,
2570,7/26/22 1:52,24.158,,,,,
2571,7/26/22 2:07,24.255,,,,,
2572,7/26/22 2:22,24.255,,,,,
2573,7/26/22 2:37,24.255,,,,,
2574,7/26/22 2:52,24.351,,,,,
2575,7/26/22 3:07,24.351,,,,,
2576,7/26/22 3:22,24.351,,,,,
2577,7/26/22 3:37,24.351,,,,,
2578,7/26/22 3:52,24.351,,,,,
2579,7/26/22 4:07,24.351,,,,,
2580,7/26/22 4:22,24.448,,,,,
2581,7/26/22 4:37,24.351,,,,,
2582,7/26/22 4:52,24.448,,,,,
2583,7/26/22 5:07,24.448,,,,,
2584,7/26/22 5:22,24.448,,,,,
2585,7/26/22 5:37,24.448,,,,,
2586,7/26/22 5:52,24.448,,,,,
2587,7/26/22 6:07,24.448,,,,,
2588,7/26/22 6:22,24.545,,,,,
2589,7/26/22 6:37,24.448,,,,,
2590,7/26/22 6:52,24.448,,,,,
2591,7/26/22 7:07,24.351,,,,,
2592,7/26/22 7:22,23.004,,,,,
2593,7/26/22 7:37,23.004,,,,,
2594,7/26/22 7:52,23.484,,,,,
2595,7/26/22 8:07,23.773,,,,,
2596,7/26/22 8:22,23.677,,,,,
2597,7/26/22 8:37,23.484,,,,,
2598,7/26/22 8:52,23.292,,,,,
2599,7/26/22 9:07,23.196,,,,,
2600,7/26/22 9:22,23.1,,,,,
2601,7/26/22 9:37,22.908,,,,,
2602,7/26/22 9:52,22.812,,,,,
2603,7/26/22 10:07,22.812,,,,,
2604,7/26/22 10:22,22.812,,,,,
2605,7/26/22 10:37,22.812,,,,,
2606,7/26/22 10:52,22.717,,,,,
2607,7/26/22 11:07,22.717,,,,,
2608,7/26/22 11:22,22.717,,,,,
2609,7/26/22 11:37,22.717,,,,,
2610,7/26/22 11:52,22.717,,,,,
2611,7/26/22 12:07,22.621,,,,,
2612,7/26/22 12:22,22.812,,,,,
2613,7/26/22 12:37,22.908,,,,,
2614,7/26/22 12:52,23.004,,,,,
2615,7/26/22 13:07,23.1,,,,,
2616,7/26/22 13:22,23.1,,,,,
2617,7/26/22 13:37,23.196,,,,,
2618,7/26/22 13:41,NA,,Logged,Logged,,
2619,7/26/22 13:41,NA,,,,Logged,Logged